/*
SQLyog Community v12.3.2 (64 bit)
MySQL - 5.6.26 : Database - project
*********************************************************************
*/

/*!40101 SET NAMES utf8 */;

/*!40101 SET SQL_MODE=''*/;

/*!40014 SET @OLD_UNIQUE_CHECKS=@@UNIQUE_CHECKS, UNIQUE_CHECKS=0 */;
/*!40014 SET @OLD_FOREIGN_KEY_CHECKS=@@FOREIGN_KEY_CHECKS, FOREIGN_KEY_CHECKS=0 */;
/*!40101 SET @OLD_SQL_MODE=@@SQL_MODE, SQL_MODE='NO_AUTO_VALUE_ON_ZERO' */;
/*!40111 SET @OLD_SQL_NOTES=@@SQL_NOTES, SQL_NOTES=0 */;
CREATE DATABASE /*!32312 IF NOT EXISTS*/`project` /*!40100 DEFAULT CHARACTER SET latin1 */;

USE `project`;

/*Table structure for table `auth` */

DROP TABLE IF EXISTS `auth`;

CREATE TABLE `auth` (
  `id` int(10) NOT NULL AUTO_INCREMENT,
  `user` varchar(100) NOT NULL,
  `page` int(10) NOT NULL,
  `r` int(1) DEFAULT '1',
  `w` int(1) DEFAULT '1',
  `d` int(1) DEFAULT '1',
  `status` int(1) DEFAULT '1',
  `create_at` timestamp NOT NULL DEFAULT CURRENT_TIMESTAMP,
  PRIMARY KEY (`id`)
) ENGINE=InnoDB AUTO_INCREMENT=341 DEFAULT CHARSET=utf8;

/*Data for the table `auth` */

insert  into `auth`(`id`,`user`,`page`,`r`,`w`,`d`,`status`,`create_at`) values 
(4,'de76ff03-1604-4946-b90d-a702bdb6d657',3,1,1,1,1,'2018-05-02 07:20:36'),
(5,'de76ff03-1604-4946-b90d-a702bdb6d657',4,1,1,1,1,'2018-05-02 07:20:39'),
(6,'de76ff03-1604-4946-b90d-a702bdb6d657',5,1,1,1,1,'2018-05-02 07:20:42'),
(7,'de76ff03-1604-4946-b90d-a702bdb6d657',6,1,1,1,1,'2018-05-02 07:20:45'),
(13,'de76ff03-1604-4946-b90d-a702bdb6d657',12,1,1,1,1,'2018-05-02 07:21:01'),
(14,'de76ff03-1604-4946-b90d-a702bdb6d657',13,1,1,1,1,'2018-05-02 07:21:03'),
(15,'de76ff03-1604-4946-b90d-a702bdb6d657',14,1,1,1,1,'2018-05-02 07:21:09'),
(21,'92309e1e-808e-4084-b1a1-95c0b5e2ecaa',1,1,1,1,1,'2018-05-04 22:26:47'),
(22,'92309e1e-808e-4084-b1a1-95c0b5e2ecaa',2,1,1,1,1,'2018-05-04 22:26:55'),
(23,'92309e1e-808e-4084-b1a1-95c0b5e2ecaa',3,1,1,1,1,'2018-05-04 22:27:02'),
(24,'92309e1e-808e-4084-b1a1-95c0b5e2ecaa',4,1,1,1,1,'2018-05-04 22:27:09'),
(25,'92309e1e-808e-4084-b1a1-95c0b5e2ecaa',5,1,1,1,1,'2018-05-04 22:27:17'),
(26,'92309e1e-808e-4084-b1a1-95c0b5e2ecaa',6,1,1,1,1,'2018-05-04 22:27:24'),
(28,'de76ff03-1604-4946-b90d-a702bdb6d657',1,1,1,1,1,'2018-05-04 22:49:26'),
(29,'c09a9989-ec62-4fef-a3dc-6352f870a1db',1,1,1,1,1,'2018-05-04 23:05:32'),
(30,'c09a9989-ec62-4fef-a3dc-6352f870a1db',2,1,1,1,1,'2018-05-04 23:05:39'),
(31,'9c818869-52ad-46c0-8687-ed2f8f90d520',1,1,1,1,1,'2018-05-05 00:32:21'),
(32,'9c818869-52ad-46c0-8687-ed2f8f90d520',2,1,1,1,1,'2018-05-05 00:32:33'),
(33,'9c818869-52ad-46c0-8687-ed2f8f90d520',13,1,1,1,1,'2018-05-05 00:33:31'),
(34,'b18e67ab-dcc8-4cb5-b5da-d34710b87029',1,1,0,0,0,'2018-05-05 01:54:22'),
(36,'b18e67ab-dcc8-4cb5-b5da-d34710b87029',5,1,1,1,1,'2018-05-05 01:57:58'),
(37,'b18e67ab-dcc8-4cb5-b5da-d34710b87029',6,1,1,1,1,'2018-05-05 01:58:05'),
(38,'97372186-101b-4217-90e1-fcc0797ce7d4',3,1,1,1,1,'2018-05-05 02:46:28'),
(39,'de76ff03-1604-4946-b90d-a702bdb6d657',2,1,1,1,1,'2018-05-05 20:31:00'),
(40,'97372186-101b-4217-90e1-fcc0797ce7d4',1,1,1,0,1,'2018-05-06 14:45:14'),
(41,'97372186-101b-4217-90e1-fcc0797ce7d4',13,1,1,0,1,'2018-05-06 14:46:26'),
(42,'97372186-101b-4217-90e1-fcc0797ce7d4',14,1,1,0,1,'2018-05-06 18:29:26'),
(43,'2e97dd9a-bd3a-4c70-b859-54496405ae79',1,1,0,0,1,'2018-05-06 19:58:26'),
(44,'2e97dd9a-bd3a-4c70-b859-54496405ae79',4,1,1,1,1,'2018-05-06 19:58:38'),
(45,'2e97dd9a-bd3a-4c70-b859-54496405ae79',2,1,1,1,1,'2018-05-06 19:58:52'),
(46,'92309e1e-808e-4084-b1a1-95c0b5e2ecaa',12,1,1,1,1,'2018-05-06 20:15:07'),
(47,'92309e1e-808e-4084-b1a1-95c0b5e2ecaa',13,1,1,1,1,'2018-05-06 20:15:14'),
(48,'92309e1e-808e-4084-b1a1-95c0b5e2ecaa',14,1,1,1,1,'2018-05-06 20:15:22'),
(59,'de76ff03-1604-4946-b90d-a702bdb6d657',15,1,1,1,1,'2018-05-07 13:53:10'),
(60,'de76ff03-1604-4946-b90d-a702bdb6d657',16,1,1,1,1,'2018-05-07 13:53:13'),
(61,'de76ff03-1604-4946-b90d-a702bdb6d657',17,1,1,1,1,'2018-05-07 13:53:16'),
(62,'de76ff03-1604-4946-b90d-a702bdb6d657',18,1,1,1,1,'2018-05-07 13:53:19'),
(63,'de76ff03-1604-4946-b90d-a702bdb6d657',19,1,1,1,1,'2018-05-07 13:53:22'),
(64,'de76ff03-1604-4946-b90d-a702bdb6d657',20,1,1,1,1,'2018-05-07 13:53:24'),
(66,'9c818869-52ad-46c0-8687-ed2f8f90d520',14,1,1,1,1,'2018-05-13 15:14:42'),
(67,'97372186-101b-4217-90e1-fcc0797ce7d4',17,1,1,1,1,'2018-05-13 15:35:34'),
(68,'97372186-101b-4217-90e1-fcc0797ce7d4',18,1,1,1,1,'2018-05-13 15:35:40'),
(73,'9c818869-52ad-46c0-8687-ed2f8f90d520',15,1,1,1,1,'2018-05-16 09:35:45'),
(74,'9c818869-52ad-46c0-8687-ed2f8f90d520',16,1,1,1,1,'2018-05-16 09:35:52'),
(75,'8ff70070-a958-4151-98e9-f9c9a0724d0e',1,1,0,0,1,'2018-05-16 09:54:29'),
(76,'8ff70070-a958-4151-98e9-f9c9a0724d0e',2,1,0,0,1,'2018-05-16 09:54:34'),
(77,'8ff70070-a958-4151-98e9-f9c9a0724d0e',15,1,0,0,1,'2018-05-16 09:54:39'),
(78,'8ff70070-a958-4151-98e9-f9c9a0724d0e',16,1,0,0,1,'2018-05-16 09:54:44'),
(79,'8ff70070-a958-4151-98e9-f9c9a0724d0e',3,1,0,0,1,'2018-05-16 09:54:48'),
(80,'8ff70070-a958-4151-98e9-f9c9a0724d0e',17,1,0,0,1,'2018-05-16 09:54:52'),
(81,'8ff70070-a958-4151-98e9-f9c9a0724d0e',18,1,0,0,1,'2018-05-16 09:54:56'),
(82,'8ff70070-a958-4151-98e9-f9c9a0724d0e',4,1,0,0,1,'2018-05-16 09:55:02'),
(83,'8ff70070-a958-4151-98e9-f9c9a0724d0e',5,1,0,0,1,'2018-05-16 09:55:07'),
(84,'8ff70070-a958-4151-98e9-f9c9a0724d0e',19,1,0,0,1,'2018-05-16 09:55:12'),
(85,'8ff70070-a958-4151-98e9-f9c9a0724d0e',6,1,0,0,1,'2018-05-16 09:55:16'),
(86,'8ff70070-a958-4151-98e9-f9c9a0724d0e',20,1,0,0,1,'2018-05-16 09:55:20'),
(91,'6e2d7360-0271-4d36-b492-4dc5301c97a1',1,1,0,0,1,'2018-05-16 10:03:40'),
(92,'6e2d7360-0271-4d36-b492-4dc5301c97a1',2,1,0,0,1,'2018-05-16 10:05:40'),
(93,'6e2d7360-0271-4d36-b492-4dc5301c97a1',15,1,0,0,1,'2018-05-16 10:05:50'),
(94,'6e2d7360-0271-4d36-b492-4dc5301c97a1',16,1,0,0,1,'2018-05-16 10:05:56'),
(95,'6e2d7360-0271-4d36-b492-4dc5301c97a1',3,1,0,0,1,'2018-05-16 10:06:09'),
(96,'6e2d7360-0271-4d36-b492-4dc5301c97a1',17,1,0,0,1,'2018-05-16 10:06:20'),
(97,'6e2d7360-0271-4d36-b492-4dc5301c97a1',18,1,0,0,1,'2018-05-16 10:06:30'),
(98,'6e2d7360-0271-4d36-b492-4dc5301c97a1',4,1,0,0,1,'2018-05-16 10:06:47'),
(99,'6e2d7360-0271-4d36-b492-4dc5301c97a1',5,1,0,0,1,'2018-05-16 10:07:15'),
(100,'6e2d7360-0271-4d36-b492-4dc5301c97a1',19,1,0,0,1,'2018-05-16 10:07:19'),
(101,'6e2d7360-0271-4d36-b492-4dc5301c97a1',6,1,0,0,1,'2018-05-16 10:07:24'),
(102,'6e2d7360-0271-4d36-b492-4dc5301c97a1',20,1,0,0,1,'2018-05-16 10:07:29'),
(109,'b18e67ab-dcc8-4cb5-b5da-d34710b87029',19,1,1,1,1,'2018-05-16 10:29:21'),
(110,'b18e67ab-dcc8-4cb5-b5da-d34710b87029',20,1,1,1,1,'2018-05-16 10:29:30'),
(114,'3f6361de-680b-4ad1-b54c-a93b2701e10c',1,1,0,0,1,'2018-05-16 12:47:11'),
(115,'3f6361de-680b-4ad1-b54c-a93b2701e10c',2,1,0,0,1,'2018-05-16 12:47:16'),
(116,'3f6361de-680b-4ad1-b54c-a93b2701e10c',15,1,0,0,1,'2018-05-16 12:47:20'),
(117,'3f6361de-680b-4ad1-b54c-a93b2701e10c',16,1,0,0,1,'2018-05-16 12:47:24'),
(118,'3f6361de-680b-4ad1-b54c-a93b2701e10c',3,1,0,0,1,'2018-05-16 12:47:28'),
(119,'3f6361de-680b-4ad1-b54c-a93b2701e10c',17,1,0,0,1,'2018-05-16 12:47:33'),
(120,'3f6361de-680b-4ad1-b54c-a93b2701e10c',18,1,0,0,1,'2018-05-16 12:47:38'),
(121,'3f6361de-680b-4ad1-b54c-a93b2701e10c',4,1,0,0,1,'2018-05-16 12:47:43'),
(122,'3f6361de-680b-4ad1-b54c-a93b2701e10c',5,1,0,0,1,'2018-05-16 12:47:49'),
(123,'3f6361de-680b-4ad1-b54c-a93b2701e10c',19,1,0,0,1,'2018-05-16 12:47:53'),
(124,'3f6361de-680b-4ad1-b54c-a93b2701e10c',6,1,0,0,1,'2018-05-16 12:47:58'),
(125,'3f6361de-680b-4ad1-b54c-a93b2701e10c',20,1,0,0,1,'2018-05-16 12:48:01'),
(130,'bd23930f-3a58-4f14-a4b2-fc479b26bda3',1,1,0,0,1,'2018-05-16 13:16:04'),
(131,'bd23930f-3a58-4f14-a4b2-fc479b26bda3',2,1,0,0,1,'2018-05-16 13:16:08'),
(132,'bd23930f-3a58-4f14-a4b2-fc479b26bda3',15,1,0,0,1,'2018-05-16 13:16:12'),
(133,'bd23930f-3a58-4f14-a4b2-fc479b26bda3',16,1,0,0,1,'2018-05-16 13:16:17'),
(134,'bd23930f-3a58-4f14-a4b2-fc479b26bda3',3,1,0,0,1,'2018-05-16 13:16:24'),
(135,'bd23930f-3a58-4f14-a4b2-fc479b26bda3',17,1,0,0,1,'2018-05-16 13:16:30'),
(136,'bd23930f-3a58-4f14-a4b2-fc479b26bda3',18,1,0,0,1,'2018-05-16 13:16:35'),
(137,'bd23930f-3a58-4f14-a4b2-fc479b26bda3',4,1,0,0,1,'2018-05-16 13:16:40'),
(138,'bd23930f-3a58-4f14-a4b2-fc479b26bda3',5,1,0,0,1,'2018-05-16 13:16:44'),
(139,'bd23930f-3a58-4f14-a4b2-fc479b26bda3',19,1,0,0,1,'2018-05-16 13:16:48'),
(140,'bd23930f-3a58-4f14-a4b2-fc479b26bda3',6,1,0,0,1,'2018-05-16 13:16:51'),
(141,'bd23930f-3a58-4f14-a4b2-fc479b26bda3',20,1,0,0,1,'2018-05-16 13:16:55'),
(146,'d70341a6-aa9f-451b-bfb4-2c6690a568a2',1,1,0,0,1,'2018-05-16 13:18:12'),
(147,'d70341a6-aa9f-451b-bfb4-2c6690a568a2',2,1,0,0,1,'2018-05-16 13:18:17'),
(148,'d70341a6-aa9f-451b-bfb4-2c6690a568a2',15,1,0,0,1,'2018-05-16 13:18:20'),
(149,'d70341a6-aa9f-451b-bfb4-2c6690a568a2',16,1,0,0,1,'2018-05-16 13:18:24'),
(150,'d70341a6-aa9f-451b-bfb4-2c6690a568a2',3,1,0,0,1,'2018-05-16 13:18:28'),
(151,'d70341a6-aa9f-451b-bfb4-2c6690a568a2',17,1,0,0,1,'2018-05-16 13:18:32'),
(152,'d70341a6-aa9f-451b-bfb4-2c6690a568a2',18,1,0,0,1,'2018-05-16 13:18:37'),
(153,'d70341a6-aa9f-451b-bfb4-2c6690a568a2',4,1,0,0,1,'2018-05-16 13:18:41'),
(154,'d70341a6-aa9f-451b-bfb4-2c6690a568a2',5,1,0,0,1,'2018-05-16 13:18:44'),
(155,'d70341a6-aa9f-451b-bfb4-2c6690a568a2',19,1,0,0,1,'2018-05-16 13:18:47'),
(156,'d70341a6-aa9f-451b-bfb4-2c6690a568a2',6,1,0,0,1,'2018-05-16 13:18:52'),
(157,'d70341a6-aa9f-451b-bfb4-2c6690a568a2',20,1,0,0,1,'2018-05-16 13:18:55'),
(162,'cddad211-1ce6-42d8-b76b-dd1446ee3f03',1,1,0,0,1,'2018-05-16 13:19:36'),
(163,'cddad211-1ce6-42d8-b76b-dd1446ee3f03',2,1,0,0,1,'2018-05-16 13:19:45'),
(164,'cddad211-1ce6-42d8-b76b-dd1446ee3f03',15,1,0,0,1,'2018-05-16 13:19:49'),
(165,'cddad211-1ce6-42d8-b76b-dd1446ee3f03',16,1,0,0,1,'2018-05-16 13:19:54'),
(166,'cddad211-1ce6-42d8-b76b-dd1446ee3f03',3,1,0,0,1,'2018-05-16 13:19:58'),
(167,'cddad211-1ce6-42d8-b76b-dd1446ee3f03',17,1,0,0,1,'2018-05-16 13:20:02'),
(168,'cddad211-1ce6-42d8-b76b-dd1446ee3f03',18,1,0,0,1,'2018-05-16 13:20:07'),
(169,'cddad211-1ce6-42d8-b76b-dd1446ee3f03',4,1,0,0,1,'2018-05-16 13:20:10'),
(170,'cddad211-1ce6-42d8-b76b-dd1446ee3f03',5,1,0,0,1,'2018-05-16 13:20:14'),
(171,'cddad211-1ce6-42d8-b76b-dd1446ee3f03',19,1,0,0,1,'2018-05-16 13:20:18'),
(172,'cddad211-1ce6-42d8-b76b-dd1446ee3f03',6,1,0,0,1,'2018-05-16 13:20:22'),
(173,'cddad211-1ce6-42d8-b76b-dd1446ee3f03',20,1,0,0,1,'2018-05-16 13:20:26'),
(178,'bd23930f-3a58-4f14-a4b2-fc479b26bda3',12,1,1,1,1,'2018-05-16 14:01:45'),
(179,'bd23930f-3a58-4f14-a4b2-fc479b26bda3',13,1,1,1,1,'2018-05-16 14:01:49'),
(180,'bd23930f-3a58-4f14-a4b2-fc479b26bda3',14,1,1,1,1,'2018-05-16 14:01:54'),
(181,'cddad211-1ce6-42d8-b76b-dd1446ee3f03',12,1,1,1,1,'2018-05-16 14:02:29'),
(182,'cddad211-1ce6-42d8-b76b-dd1446ee3f03',13,1,1,1,1,'2018-05-16 14:02:33'),
(183,'cddad211-1ce6-42d8-b76b-dd1446ee3f03',14,1,1,1,1,'2018-05-16 14:02:37'),
(184,'cc5fcb33-9a55-43e5-9eec-3eff51da04d3',1,1,0,0,1,'2018-05-18 00:47:16'),
(185,'cc5fcb33-9a55-43e5-9eec-3eff51da04d3',2,1,0,0,1,'2018-05-18 00:47:21'),
(186,'cc5fcb33-9a55-43e5-9eec-3eff51da04d3',15,1,0,0,1,'2018-05-18 00:47:27'),
(187,'cc5fcb33-9a55-43e5-9eec-3eff51da04d3',16,1,0,0,1,'2018-05-18 00:47:31'),
(188,'cc5fcb33-9a55-43e5-9eec-3eff51da04d3',3,1,0,0,1,'2018-05-18 00:47:35'),
(189,'cc5fcb33-9a55-43e5-9eec-3eff51da04d3',17,1,0,0,1,'2018-05-18 00:47:39'),
(190,'cc5fcb33-9a55-43e5-9eec-3eff51da04d3',18,1,0,0,1,'2018-05-18 00:47:43'),
(191,'cc5fcb33-9a55-43e5-9eec-3eff51da04d3',4,1,0,0,1,'2018-05-18 00:47:48'),
(192,'cc5fcb33-9a55-43e5-9eec-3eff51da04d3',5,1,0,0,1,'2018-05-18 00:47:51'),
(193,'cc5fcb33-9a55-43e5-9eec-3eff51da04d3',19,1,0,0,1,'2018-05-18 00:47:56'),
(194,'cc5fcb33-9a55-43e5-9eec-3eff51da04d3',6,1,0,0,1,'2018-05-18 00:47:59'),
(195,'cc5fcb33-9a55-43e5-9eec-3eff51da04d3',20,1,0,0,1,'2018-05-18 00:48:03'),
(200,'17068eac-60dc-4cbf-bef1-68db1377b27a',1,1,0,0,1,'2018-05-18 00:51:33'),
(201,'17068eac-60dc-4cbf-bef1-68db1377b27a',2,1,0,0,1,'2018-05-18 00:53:53'),
(202,'17068eac-60dc-4cbf-bef1-68db1377b27a',15,1,0,0,1,'2018-05-18 00:53:58'),
(203,'17068eac-60dc-4cbf-bef1-68db1377b27a',16,1,0,0,1,'2018-05-18 00:54:02'),
(204,'17068eac-60dc-4cbf-bef1-68db1377b27a',3,1,0,0,1,'2018-05-18 00:54:05'),
(205,'17068eac-60dc-4cbf-bef1-68db1377b27a',17,1,0,0,1,'2018-05-18 00:54:10'),
(206,'17068eac-60dc-4cbf-bef1-68db1377b27a',18,1,0,0,1,'2018-05-18 00:54:15'),
(207,'17068eac-60dc-4cbf-bef1-68db1377b27a',4,1,0,0,1,'2018-05-18 00:54:21'),
(208,'17068eac-60dc-4cbf-bef1-68db1377b27a',5,1,0,0,1,'2018-05-18 00:54:26'),
(209,'17068eac-60dc-4cbf-bef1-68db1377b27a',19,1,0,0,1,'2018-05-18 00:54:30'),
(210,'17068eac-60dc-4cbf-bef1-68db1377b27a',6,1,0,0,1,'2018-05-18 00:54:33'),
(211,'17068eac-60dc-4cbf-bef1-68db1377b27a',20,1,0,0,1,'2018-05-18 00:54:37'),
(216,'6ce0627d-a54b-41b2-be7d-0a422a6ba641',12,1,1,1,1,'2018-05-18 01:04:27'),
(217,'6ce0627d-a54b-41b2-be7d-0a422a6ba641',13,1,1,1,1,'2018-05-18 01:05:09'),
(218,'6ce0627d-a54b-41b2-be7d-0a422a6ba641',14,1,1,1,1,'2018-05-18 01:05:15'),
(219,'ad5324ed-7268-4e32-8752-514767fa26c2',1,1,0,0,1,'2018-05-18 01:26:40'),
(220,'ad5324ed-7268-4e32-8752-514767fa26c2',2,1,0,0,1,'2018-05-18 01:26:45'),
(221,'ad5324ed-7268-4e32-8752-514767fa26c2',15,1,0,0,1,'2018-05-18 01:26:48'),
(222,'ad5324ed-7268-4e32-8752-514767fa26c2',16,1,0,0,1,'2018-05-18 01:26:52'),
(223,'ad5324ed-7268-4e32-8752-514767fa26c2',3,1,0,0,1,'2018-05-18 01:26:55'),
(224,'ad5324ed-7268-4e32-8752-514767fa26c2',17,1,0,0,1,'2018-05-18 01:26:59'),
(225,'ad5324ed-7268-4e32-8752-514767fa26c2',18,1,0,0,1,'2018-05-18 01:27:04'),
(226,'ad5324ed-7268-4e32-8752-514767fa26c2',4,1,0,0,1,'2018-05-18 01:27:08'),
(227,'ad5324ed-7268-4e32-8752-514767fa26c2',5,1,0,0,1,'2018-05-18 01:27:11'),
(228,'ad5324ed-7268-4e32-8752-514767fa26c2',19,1,0,0,1,'2018-05-18 01:27:15'),
(229,'ad5324ed-7268-4e32-8752-514767fa26c2',6,1,0,0,1,'2018-05-18 01:27:18'),
(230,'ad5324ed-7268-4e32-8752-514767fa26c2',20,1,0,0,1,'2018-05-18 01:27:22'),
(235,'223d113f-e225-44ec-b1dc-a5472b59c235',1,1,0,0,1,'2018-05-18 01:28:18'),
(236,'223d113f-e225-44ec-b1dc-a5472b59c235',2,1,0,0,1,'2018-05-18 01:34:42'),
(237,'223d113f-e225-44ec-b1dc-a5472b59c235',15,1,0,0,1,'2018-05-18 01:34:48'),
(238,'223d113f-e225-44ec-b1dc-a5472b59c235',16,1,0,0,1,'2018-05-18 01:34:52'),
(239,'223d113f-e225-44ec-b1dc-a5472b59c235',3,1,0,0,1,'2018-05-18 01:34:55'),
(240,'223d113f-e225-44ec-b1dc-a5472b59c235',17,1,0,0,1,'2018-05-18 01:34:58'),
(241,'223d113f-e225-44ec-b1dc-a5472b59c235',18,1,0,0,1,'2018-05-18 01:35:05'),
(242,'223d113f-e225-44ec-b1dc-a5472b59c235',4,1,0,0,1,'2018-05-18 01:35:08'),
(243,'223d113f-e225-44ec-b1dc-a5472b59c235',5,1,0,0,1,'2018-05-18 01:35:12'),
(244,'223d113f-e225-44ec-b1dc-a5472b59c235',19,1,0,0,1,'2018-05-18 01:35:16'),
(245,'223d113f-e225-44ec-b1dc-a5472b59c235',6,1,0,0,1,'2018-05-18 01:35:19'),
(246,'223d113f-e225-44ec-b1dc-a5472b59c235',20,1,0,0,1,'2018-05-18 01:35:22'),
(251,'9c818869-52ad-46c0-8687-ed2f8f90d520',4,1,0,0,1,'2018-05-23 20:14:31'),
(263,'de76ff03-1604-4946-b90d-a702bdb6d657',21,1,1,1,1,'2018-05-25 18:15:40'),
(264,'fd204bff-2320-4791-b07f-acda538d88f2',21,1,1,1,1,'2018-05-25 18:16:29'),
(265,'b18e67ab-dcc8-4cb5-b5da-d34710b87029',7,1,1,1,1,'2018-05-25 18:16:57'),
(266,'de76ff03-1604-4946-b90d-a702bdb6d657',11,1,1,1,1,'2018-05-25 21:22:25'),
(267,'de76ff03-1604-4946-b90d-a702bdb6d657',10,1,1,1,1,'2018-05-26 05:49:27'),
(268,'14929c2a-edd4-41a9-b8c1-ba2350fb0e6f',10,1,1,1,0,'2018-05-26 04:43:49'),
(269,'de76ff03-1604-4946-b90d-a702bdb6d657',7,1,1,1,1,'2018-05-26 05:17:23'),
(270,'1dc96d7f-2899-421d-b291-c1c14bae86fb',10,1,1,1,1,'2018-05-26 11:37:02'),
(271,'8ee882da-b54a-4b3d-8f67-ad56930faea6',9,1,1,1,1,'2018-05-26 13:06:36'),
(272,'17068eac-60dc-4cbf-bef1-68db1377b27a',7,1,0,0,1,'2018-05-29 11:02:42'),
(273,'17068eac-60dc-4cbf-bef1-68db1377b27a',21,1,0,0,1,'2018-05-29 11:02:46'),
(274,'17068eac-60dc-4cbf-bef1-68db1377b27a',9,1,0,0,1,'2018-05-29 11:02:54'),
(275,'17068eac-60dc-4cbf-bef1-68db1377b27a',10,1,0,0,1,'2018-05-29 11:03:01'),
(276,'17068eac-60dc-4cbf-bef1-68db1377b27a',11,1,0,0,1,'2018-05-29 11:03:13'),
(277,'d70341a6-aa9f-451b-bfb4-2c6690a568a2',7,1,0,0,1,'2018-05-29 11:05:20'),
(278,'d70341a6-aa9f-451b-bfb4-2c6690a568a2',21,1,0,0,1,'2018-05-29 11:05:25'),
(279,'d70341a6-aa9f-451b-bfb4-2c6690a568a2',9,1,0,0,1,'2018-05-29 11:05:29'),
(280,'d70341a6-aa9f-451b-bfb4-2c6690a568a2',10,1,0,0,1,'2018-05-29 11:05:33'),
(281,'d70341a6-aa9f-451b-bfb4-2c6690a568a2',11,1,0,0,1,'2018-05-29 11:05:38'),
(282,'cc5fcb33-9a55-43e5-9eec-3eff51da04d3',7,1,0,0,1,'2018-05-29 11:06:24'),
(283,'cc5fcb33-9a55-43e5-9eec-3eff51da04d3',21,1,0,0,1,'2018-05-29 11:06:30'),
(284,'cc5fcb33-9a55-43e5-9eec-3eff51da04d3',9,1,0,0,1,'2018-05-29 11:06:35'),
(285,'cc5fcb33-9a55-43e5-9eec-3eff51da04d3',10,1,0,0,1,'2018-05-29 11:06:39'),
(286,'cc5fcb33-9a55-43e5-9eec-3eff51da04d3',11,1,0,0,1,'2018-05-29 11:06:43'),
(287,'de76ff03-1604-4946-b90d-a702bdb6d657',9,1,1,1,1,'2018-05-30 07:55:07'),
(288,'c9783589-9d1b-4ef2-91ce-7b01bcedbb04',1,1,0,0,0,'2018-06-01 00:20:55'),
(289,'c9783589-9d1b-4ef2-91ce-7b01bcedbb04',2,1,0,0,0,'2018-06-01 00:21:00'),
(290,'c9783589-9d1b-4ef2-91ce-7b01bcedbb04',15,1,0,0,0,'2018-06-01 00:21:05'),
(291,'c9783589-9d1b-4ef2-91ce-7b01bcedbb04',16,1,0,0,0,'2018-06-01 00:21:08'),
(292,'c9783589-9d1b-4ef2-91ce-7b01bcedbb04',3,1,0,0,0,'2018-06-01 00:21:12'),
(293,'c9783589-9d1b-4ef2-91ce-7b01bcedbb04',17,1,0,0,0,'2018-06-01 00:21:16'),
(294,'c9783589-9d1b-4ef2-91ce-7b01bcedbb04',18,1,0,0,0,'2018-06-01 00:21:20'),
(295,'c9783589-9d1b-4ef2-91ce-7b01bcedbb04',4,1,0,0,0,'2018-06-01 00:21:24'),
(296,'c9783589-9d1b-4ef2-91ce-7b01bcedbb04',5,1,0,0,0,'2018-06-01 00:21:28'),
(297,'c9783589-9d1b-4ef2-91ce-7b01bcedbb04',19,1,0,0,0,'2018-06-01 00:21:53'),
(298,'c9783589-9d1b-4ef2-91ce-7b01bcedbb04',6,1,0,0,0,'2018-06-01 00:22:00'),
(299,'c9783589-9d1b-4ef2-91ce-7b01bcedbb04',20,1,0,0,0,'2018-06-01 00:22:05'),
(300,'c9783589-9d1b-4ef2-91ce-7b01bcedbb04',7,1,0,0,0,'2018-06-01 00:22:10'),
(301,'c9783589-9d1b-4ef2-91ce-7b01bcedbb04',21,1,0,0,0,'2018-06-01 00:22:15'),
(303,'c9783589-9d1b-4ef2-91ce-7b01bcedbb04',9,1,0,0,0,'2018-06-01 00:22:22'),
(304,'c9783589-9d1b-4ef2-91ce-7b01bcedbb04',10,1,0,0,0,'2018-06-01 00:22:26'),
(305,'c9783589-9d1b-4ef2-91ce-7b01bcedbb04',11,1,0,0,0,'2018-06-01 00:22:30'),
(306,'de76ff03-1604-4946-b90d-a702bdb6d657',22,1,1,1,1,'2018-06-01 13:51:15'),
(307,'92309e1e-808e-4084-b1a1-95c0b5e2ecaa',21,1,1,1,1,'2018-06-02 00:03:09'),
(308,'92309e1e-808e-4084-b1a1-95c0b5e2ecaa',7,1,1,1,1,'2018-06-02 00:03:14'),
(309,'ad5324ed-7268-4e32-8752-514767fa26c2',22,1,0,0,1,'2018-06-02 00:19:32'),
(310,'ad5324ed-7268-4e32-8752-514767fa26c2',7,1,0,0,1,'2018-06-02 00:19:48'),
(311,'ad5324ed-7268-4e32-8752-514767fa26c2',21,1,0,0,1,'2018-06-02 00:19:52'),
(312,'ad5324ed-7268-4e32-8752-514767fa26c2',9,1,0,0,1,'2018-06-02 00:20:00'),
(313,'ad5324ed-7268-4e32-8752-514767fa26c2',10,1,0,0,1,'2018-06-02 00:20:04'),
(314,'ad5324ed-7268-4e32-8752-514767fa26c2',11,1,0,0,1,'2018-06-02 00:20:14'),
(315,'bd23930f-3a58-4f14-a4b2-fc479b26bda3',22,1,0,0,1,'2018-06-02 02:06:29'),
(316,'bd23930f-3a58-4f14-a4b2-fc479b26bda3',7,1,0,0,1,'2018-06-02 02:06:55'),
(317,'bd23930f-3a58-4f14-a4b2-fc479b26bda3',21,1,0,0,1,'2018-06-02 02:06:59'),
(318,'bd23930f-3a58-4f14-a4b2-fc479b26bda3',9,1,0,0,1,'2018-06-02 02:07:04'),
(319,'bd23930f-3a58-4f14-a4b2-fc479b26bda3',10,1,0,0,1,'2018-06-02 02:07:08'),
(320,'bd23930f-3a58-4f14-a4b2-fc479b26bda3',11,1,0,0,1,'2018-06-02 02:07:12'),
(321,'92309e1e-808e-4084-b1a1-95c0b5e2ecaa',22,1,1,1,1,'2018-06-02 04:28:33'),
(322,'92309e1e-808e-4084-b1a1-95c0b5e2ecaa',9,1,1,1,1,'2018-06-02 04:31:43'),
(323,'92309e1e-808e-4084-b1a1-95c0b5e2ecaa',10,1,1,1,1,'2018-06-02 04:31:56'),
(324,'92309e1e-808e-4084-b1a1-95c0b5e2ecaa',11,1,1,1,1,'2018-06-02 04:32:05'),
(325,'3f6361de-680b-4ad1-b54c-a93b2701e10c',22,1,0,0,1,'2018-06-05 02:54:13'),
(326,'3f6361de-680b-4ad1-b54c-a93b2701e10c',7,1,0,0,1,'2018-06-05 02:54:23'),
(327,'3f6361de-680b-4ad1-b54c-a93b2701e10c',21,1,0,0,1,'2018-06-05 02:54:27'),
(328,'3f6361de-680b-4ad1-b54c-a93b2701e10c',9,1,0,0,1,'2018-06-05 02:54:46'),
(329,'3f6361de-680b-4ad1-b54c-a93b2701e10c',10,1,0,0,1,'2018-06-05 02:54:56'),
(330,'3f6361de-680b-4ad1-b54c-a93b2701e10c',11,1,0,0,1,'2018-06-05 02:55:06'),
(331,'9c818869-52ad-46c0-8687-ed2f8f90d520',11,1,1,1,1,'2018-06-05 23:22:59'),
(332,'9c818869-52ad-46c0-8687-ed2f8f90d520',22,1,0,0,1,'2018-06-05 23:23:31'),
(333,'9c818869-52ad-46c0-8687-ed2f8f90d520',7,1,0,0,1,'2018-06-05 23:23:37'),
(334,'9c818869-52ad-46c0-8687-ed2f8f90d520',21,1,0,0,1,'2018-06-05 23:23:41'),
(335,'223d113f-e225-44ec-b1dc-a5472b59c235',22,1,0,0,1,'2018-06-06 02:39:55'),
(336,'223d113f-e225-44ec-b1dc-a5472b59c235',7,1,0,0,1,'2018-06-06 02:45:54'),
(337,'223d113f-e225-44ec-b1dc-a5472b59c235',21,1,0,0,1,'2018-06-06 02:45:58'),
(338,'223d113f-e225-44ec-b1dc-a5472b59c235',9,1,0,0,1,'2018-06-06 02:46:02'),
(339,'223d113f-e225-44ec-b1dc-a5472b59c235',10,1,0,0,1,'2018-06-06 02:46:06'),
(340,'223d113f-e225-44ec-b1dc-a5472b59c235',11,1,0,0,1,'2018-06-06 02:46:10');

/*Table structure for table `customer` */

DROP TABLE IF EXISTS `customer`;

CREATE TABLE `customer` (
  `id` int(10) NOT NULL AUTO_INCREMENT,
  `name` varchar(30) NOT NULL,
  `type` int(10) DEFAULT NULL,
  `address` varchar(300) DEFAULT NULL,
  `contact` varchar(30) DEFAULT NULL,
  `email` varchar(30) DEFAULT NULL,
  `phone` varchar(30) DEFAULT NULL,
  `profileimage` varchar(30) DEFAULT NULL,
  `status` tinyint(1) DEFAULT '1',
  `created_at` timestamp NOT NULL DEFAULT CURRENT_TIMESTAMP,
  PRIMARY KEY (`id`)
) ENGINE=InnoDB AUTO_INCREMENT=49 DEFAULT CHARSET=utf8;

/*Data for the table `customer` */

insert  into `customer`(`id`,`name`,`type`,`address`,`contact`,`email`,`phone`,`profileimage`,`status`,`created_at`) values 
(23,'JCREW',60,'','BETTY UM','betty.um@intsa.net','','4ej6e11jgtgixo5',1,'2018-05-04 23:33:49'),
(24,'EXPRESS',60,'','JASON WOO','jason.woo@intsa.net','','1kbf3k85jgpmdg4i',1,'2018-05-04 23:34:28'),
(25,'LUCKY BRAND',60,'','TOM SHIN','tom.shin@intsa.net','','1kbf3k85jgpme2m4',1,'2018-05-04 23:34:57'),
(26,'COATS',77,'','','M@M.COM','','1kbf3k85jgpmf54t',1,'2018-05-04 23:35:47'),
(27,'SAYO',77,'','','S@S.COM','','1kbf3k85jgpmg3x1',1,'2018-05-04 23:36:32'),
(28,'A&E',77,'','','A@A.COM','','1kbf3k85jgpmgip6',1,'2018-05-04 23:36:51'),
(29,'FQL',77,'','','F@F.COM','','1kbf3k85jgpmgwwe',1,'2018-05-04 23:37:10'),
(30,'PLASTIC UNI',77,'','','P@P.COM','','1kbf3k85jgpmi32g',1,'2018-05-04 23:37:29'),
(31,'BEST LABEL',77,'','','B@B.COM','','4ej6810ji6gk4a3',1,'2018-05-04 23:37:48'),
(32,'SEROM',77,'','','SE@SE.COM','','1kbf3k85jgpmikss',1,'2018-05-04 23:38:27'),
(33,'COMERCIAL BUCARO',77,'','','CB@CB.COM','','1kbf3k85jgpmj2bf',1,'2018-05-04 23:38:50'),
(34,'BOBBIN',77,'','','BO@BO.COM','','1kbf3k85jgpmjfpl',1,'2018-05-04 23:39:07'),
(35,'AT IMPRESOS',77,'','','AT@AT.COM','','1kbf3k85jgpmjurp',1,'2018-05-04 23:39:27'),
(36,'TEXTILES NUEVO MUNDO',76,'','','TNM@TNM.COM','','1kbf3k85jgpmkxlp',1,'2018-05-04 23:40:17'),
(37,'JH TEXTILES',76,'','','JH@JH.COM','','1kbf3k85jgpmlbrp',1,'2018-05-04 23:40:36'),
(38,'CLAROTEX GUATEMALA, S.A.',76,'','','CG@CG.COM','','1kbf3k85jgpmlt9b',1,'2018-05-04 23:40:58'),
(39,'TEXTILES GRAN FE',76,'','','GF@GF.COM','','1kbf3k85jgpmn7wg',1,'2018-05-04 23:42:04'),
(40,'ACRO S.A.',76,'','','AC@AC.COM','','1kbf3k85jgpmnvmb',1,'2018-05-04 23:42:35'),
(41,'JS PRINT S.A.',76,'','','JS@JS.COM','','1kbf3k85jgpmolpo',1,'2018-05-04 23:43:09'),
(42,'WJ GUATEMALA S.A.',76,'','','WJ@WJ.COM','','1kbf3k85jgpmpi1o',1,'2018-05-04 23:43:50'),
(43,'INT OFICINA',77,'','','accesorio@intsa.net','','4ej6c51jgs7uz4d',1,'2018-05-06 16:11:30'),
(44,'Chicos',60,'','','chicos@chicos.com','','4ej6iasjh2ih7yr',1,'2018-05-13 15:06:26'),
(45,'Cointesa',77,'35 AVENIDA 35-19 COLONIA VILLA VICTORIA ZONA 6 DE MIXCO, GUATEMALA','','cointesa@gt.com','24846539','4ej6810ji4wz34x',1,'2018-06-07 17:48:27'),
(46,'JCA',77,'','','belsibonita@hotmail.es','','4ej6810ji6gmcfk',1,'2018-06-09 00:05:13'),
(47,'Printing',872,'','','printing@prt.com','','4ej6epsji6n7j7i',1,'2018-06-09 03:09:39'),
(48,'Washing',873,'','','washing@washing.com','','4ej6epsji6n86zh',1,'2018-06-09 03:10:00');

/*Table structure for table `cut` */

DROP TABLE IF EXISTS `cut`;

CREATE TABLE `cut` (
  `id` int(10) NOT NULL AUTO_INCREMENT,
  `orderid` int(10) DEFAULT NULL,
  `fabric` varchar(30) DEFAULT NULL,
  `style` varchar(30) DEFAULT NULL,
  `color` varchar(30) DEFAULT NULL,
  `colorname` varchar(30) DEFAULT NULL,
  `lote` varchar(30) DEFAULT NULL,
  `yds` varchar(30) DEFAULT NULL,
  `cutdate` varchar(30) DEFAULT NULL,
  `cutord` varchar(30) DEFAULT NULL,
  `size1` varchar(30) DEFAULT NULL,
  `size2` varchar(30) DEFAULT NULL,
  `size3` varchar(30) DEFAULT NULL,
  `size4` varchar(30) DEFAULT NULL,
  `size5` varchar(30) DEFAULT NULL,
  `size6` varchar(30) DEFAULT NULL,
  `size7` varchar(30) DEFAULT NULL,
  `size8` varchar(30) DEFAULT NULL,
  `size9` varchar(30) DEFAULT NULL,
  `size10` varchar(30) DEFAULT NULL,
  `envio` varchar(30) DEFAULT NULL,
  `lienzos` varchar(30) DEFAULT NULL,
  `ydsetique` varchar(30) DEFAULT NULL,
  `malo` varchar(30) DEFAULT NULL,
  `faltante` varchar(30) DEFAULT NULL,
  `ydsused` varchar(30) DEFAULT NULL,
  `bies` varchar(30) DEFAULT NULL,
  `total` varchar(30) DEFAULT NULL,
  `qtyrollo` varchar(30) DEFAULT NULL,
  `tendedor` varchar(30) DEFAULT NULL,
  `remark` varchar(30) DEFAULT NULL,
  PRIMARY KEY (`id`)
) ENGINE=InnoDB AUTO_INCREMENT=311 DEFAULT CHARSET=utf8;

/*Data for the table `cut` */

insert  into `cut`(`id`,`orderid`,`fabric`,`style`,`color`,`colorname`,`lote`,`yds`,`cutdate`,`cutord`,`size1`,`size2`,`size3`,`size4`,`size5`,`size6`,`size7`,`size8`,`size9`,`size10`,`envio`,`lienzos`,`ydsetique`,`malo`,`faltante`,`ydsused`,`bies`,`total`,`qtyrollo`,`tendedor`,`remark`) values 
(18,35,'998','J1670','Ivory / Pale Snow Heather','Ivory / Pale Snow Heather','Q01F','703.5','2018-05-22','1','0','0','344','89','86','344','0','0','86','83','32427','86','703.5','20','+7.6','694.36','16','703.5','9.25','WILLIAM ',''),
(19,35,'998','J1670','Ivory / Pale Snow Heather','Ivory / Pale Snow Heather','Q01F','769.5','2018-05-22','2','0','0','204','408','306','204','102','0','0','0','32433','102','769.5','23','+44.1','775.6','15','769.5','9.75','WILLIAM',''),
(20,35,'998','J1670','Ivory / Pale Snow Heather','Ivory / Pale Snow Heather','Q01F','163','2018-05-22','3','18','31','64','1','4','0','42','68','0','0','32436','38','163','4','+7.6','162.6','4','163','2','WILLIAM',''),
(21,24,'1306','8605217','C0421','Pale Snow Heather','JHTH14509','281','2018-05-22','1','42','64','0','0','69','49','','','','','32428','32','281','10','-12.49','248.51','10','281','4.25','DAVID',''),
(22,24,'1306','8605217','C0421','Pale Snow Heather','JHTH14509','637','2018-05-22','2','0','87','195','175','63','0','','','','','32435','65','637','20','-49.95','543.05','24','637','9.25','DAVID',''),
(23,50,'989','J1501','VINTAGE ROSE','VINTAGE ROSE','1F','317','2018-05-22','1','20','129','0','258','43','0','0','66','','','32431','43',NULL,'7','','301.48','11','317','3.75','NELSON',''),
(24,50,'989','J1501','VINTAGE ROSE','VINTAGE ROSE','1F','918','2018-05-22','2','10','114','300','414','400','162','100','0','','','32440','100','918','22','+12.6','879.6','29','918','11.25','NELSON',''),
(25,50,'989','J1501','VINTAGE ROSE','VINTAGE ROSE','1F','912','2018-05-22','3','0','100','300','400','400','200','100','0','','','32447','100','912','15','+11.05','879.05','15','912','10.5','NELSON',''),
(26,24,'1306','8605217','C0421','Pale Snow Heather','JHTH14509','90','2018-05-23','3','0','9','27','27','9','0','','','','','32441','9',NULL,'4','-6.47','75.53','4',NULL,'1.25','DAVID',''),
(32,33,'975','H6734','C0633','White','JHT39-26182A','53.5','2018-05-23','1','26','0','0','0','26','26','26','0','0','0','32468','26',NULL,'0','+0.84','54.34','0',NULL,'1','LEONEL',''),
(33,33,'975','H6734','C0633','White','JHT39-26182A','335','2018-05-23','2','0','0','184','184','184','0','0','0','0','0','32469','46',NULL,'14','-16.3','251.7','53',NULL,'6.25','LEONEL',''),
(34,33,'975','H6734','C0633','White','JHT39-26182A','403','2018-05-23','3','0','102','204','365','43','0','0','0','0','0','32476','51',NULL,'16','+10.21','333.31','16',NULL,'7.75','LEONEL',''),
(35,33,'975','H6734','C0633','White','JHT39-26180','112.8','2018-05-23','4','0','30','56','98','12','0','0','0','0','0','32477','14',NULL,'5','+0.32','91.12','17',NULL,'2','LEONEL',''),
(36,33,'975','H6734','C0633','White','JHT39-26180','531.5','2018-05-23','5','0','132','264','462','66','0','0','0','0','0','32485','66',NULL,'27','-3.87','429.33','27',NULL,'10','LEONEL',''),
(37,33,'975','H6734','C0633','White','HJT39-26179R','470.9','2018-05-23','6','0','120','240','420','60','0','0','0','0','0','32491','60',NULL,'17','-2.7','390.2','61',NULL,'9','WILLIAM',''),
(38,33,'975','H6734','C0633','White','JHT39-26180','262','2018-05-23','7','0','62','124','217','31','0','0','0','0','0','32495','31',NULL,'9','-9.92','202.08','9',NULL,'5','DAVID',''),
(39,33,'975','H6734','C0633','White','JHT39-26179R','354.9','2018-05-23','8','0','90','180','315','45','0','0','0','0','0','32500','45',NULL,'10','+4.3','293.2','10',NULL,'7','DAVID',''),
(40,35,'998','J1670','Ivory / Pale Snow Heather','Ivory / Pale Snow Heather','Q01F','806','2018-05-22','4','0','0','210','420','315','210','105','0','0','0','32443','105',NULL,'25','+40.45','802.45','19',NULL,'10','WILLIAM',''),
(41,35,'998','J1670','Ivory / Pale Snow Heather','Ivory / Pale Snow Heather','Q01F','844.5','2018-05-22','5','0','242','146','448','336','60','112','0','0','0','32450','112',NULL,'21','+42.08','855.58','10',NULL,'10','WILLIAM',''),
(43,35,'998','J1670','Ivory / Pale Snow Heather','Ivory / Pale Snow Heather','Q01F','425','2018-05-23','6','0','112','0','224','280','0','56','0','0','0','32455','56',NULL,'10','+25.79','427.79','0',NULL,'5.25','WILLIAM',''),
(44,35,'998','J1670','Ivory / Pale Snow Heather','Ivory / Pale Snow Heather','Q01F','139','2018-05-23','7','0','0','83','118','0','7','0','0','0','0','32471','26',NULL,'4','+7.94','139.94','3',NULL,'1.75','WILLIAM',''),
(45,35,'998','J1670','Ivory / Pale Snow Heather','Ivory / Pale Snow Heather','U01','83.5','2018-05-23','8','0','0','0','18','45','0','9','0','0','0','32472','9',NULL,'2','','48.61','3',NULL,'1','WILLIAM','TELA FILE 1811191-01'),
(46,35,'998','J1670','Ivory / Pale Snow Heather','Ivory / Pale Snow Heather','V01F-64','102','2018-05-23','9','0','0','0','36','90','0','18','0','0','0','32473','18',NULL,'4','+2.22','97.22','3',NULL,'1.25','WILLIAM','TELA DE FILE 1811234-01'),
(47,50,'989','J1501','VINTAGE ROSE','VINTAGE ROSE','1f','938.5','2018-05-23','4','0','100','300','400','400','200','100','0','','','32464','100',NULL,'31','+1.1','879.6','29',NULL,'10.75','NELSON',''),
(48,50,'989','J1501','VINTAGE ROSE','VINTAGE ROSE','1F','915.5','2018-05-23','5','0','100','300','400','400','200','100','0','','','32479','100',NULL,'20','+12.55','879.05','29',NULL,'10.5','NELSON',''),
(49,50,'989','J1501','VINTAGE ROSE','VINTAGE ROSE','1F','608','2018-05-23','7','0','67','201','274','268','134','61','0','','','32482','67',NULL,'12','+10.76','588.76','18',NULL,'7','NELSON',''),
(50,24,'1306','8605217','C0421','Pale Snow Heather','jhth14510','540','2018-05-22','4','0','56','168','168','56','0','','','','','32452','56',NULL,'18','-35.93','468.07','18',NULL,'8','DAVID',''),
(51,33,'975','H6734','C0243','Golden Straw','JHT39-26181','210.3','2018-05-24','1','0','58','0','0','20','26','20','58','52','26','32539','26',NULL,'6','-5.86','173.54','25',NULL,'4','LEONEL',''),
(52,33,'975','H6734','C0633','White','jht38-26269','112.8','2018-05-24','9','0','30','60','105','15','0','0','0','0','0','32518','15',NULL,'2','+4.75','97.55','18',NULL,'2','david',''),
(53,33,'975','H6734','C0243','Golden Straw','JHT39-26181','654','2018-05-25','2','0','0','240','480','320','80','0','0','0','0','32544','80',NULL,'10','+2.9','542.4','104.5',NULL,'12','LEONEL',''),
(54,33,'975','H6734','C0243','Golden Straw','JHT39-26182B','54.9','2018-05-25','3','0','6','21','36','28','7','0','0','0','0','32545','7',NULL,'1','+0.56','47.46','7',NULL,'1','LEONEL',''),
(55,48,'1102','70T3969','DAIQUIRI','DAIQUIRI','1F','687.5','2018-05-25','1','83','273','229','39','78','','','','','','32550','78',NULL,'24','+0.85','313.35','51',NULL,'8.75','NELSON',''),
(56,48,'1102','70T3969','DAIQUIRI','DAIQUIRI','1F','672','2018-05-25','2','231','77','154','231','0','','','','','','32555','77',NULL,'26','+5.25','602.25','49',NULL,'8.75','JEYSON',''),
(57,48,'1102','70T3969','NOUVEAU SLATE','NOUVEAU SLATE','1F','686','2018-05-25','1','89','247','252','85','29','','','','','','32556','78',NULL,'18','-15.43','612.57','40',NULL,'9','ALVARO',''),
(58,48,'1102','70T3969','NOUVEAU SLATE','NOUVEAU SLATE','1F','685.5','2018-05-25','2','75','225','225','78','72','','','','','','32557','75',NULL,'34','-11.3','589.2','51',NULL,'9','NELSON',''),
(59,48,'1102','70T3969','NOUVEAU SLATE','NOUVEAU SLATE','1F','603','2018-05-25','3','211','129','136','136','0','','','','','','32558','68',NULL,'17','-21.27','524.73','40',NULL,'8','LEONEL',''),
(60,51,'901','70T3741','CHARCOAL HEATHER GREY','CHARCOAL HEATHER GREY','JHTH14412','516','2018-05-25','1','74','148','104','109','29','','','','','','32559','58',NULL,'8','+2.74','477.74','33',NULL,'6','DAVID',''),
(61,51,'901','70T3741','CHARCOAL HEATHER GREY','CHARCOAL HEATHER GREY','JHTH14413','550.03','2018-05-25','2','58','116','116','116','58','','','','','','32560','58',NULL,'21','-17.74','478.29','33',NULL,'6.75','JEYSON',''),
(62,48,'1102','70T3969','DAIQUIRI','DAIQUIRI','1F','633.5','2018-05-25','3','72','216','216','72','72','','','','','','32567','72',NULL,'18','+0.05','566.55','18',NULL,'9','NELSON',''),
(63,51,'901','70T3741','CHARCOAL HEATHER GREY','CHARCOAL HEATHER GREY','JHTH14412','149','2018-05-25','3','15','30','30','30','15','','','','','','32562','15',NULL,'4','-12.2','123.8','9',NULL,'2','DAVID',''),
(64,51,'901','70T3741','CHARCOAL HEATHER GREY','CHARCOAL HEATHER GREY','JHTH14530','306','2018-05-25','4','32','64','64','64','32','','','','','','32563','32',NULL,'7','-14.04','263.96','21',NULL,'3.75','DAVID',''),
(65,51,'901','70T3741','CHARCOAL HEATHER GREY','CHARCOAL HEATHER GREY','JHTH14413','552.46','2018-05-25','5','67','134','134','134','67','','','','','','32564','67',NULL,'16','-11.54','552.46','38',NULL,'7.25','ALVARO',''),
(66,51,'901','70T3741','CHARCOAL HEATHER GREY','CHARCOAL HEATHER GREY','JHTH14530','524','2018-05-25','6','114','114','114','57','57','','','','','','32565','57',NULL,'15','-17.7','459.3','32',NULL,'6.25','LEONEL',''),
(67,51,'901','70T3741','CHARCOAL HEATHER GREY','CHARCOAL HEATHER GREY','JHTH1413','82.5','2018-05-25','7','9','27','36','0','0','','','','','','32571','9',NULL,'2','-3.4','72.1','5',NULL,'1','LEONEL',''),
(68,51,'901','70T3741','CHARCOAL HEATHER GREY','CHARCOAL HEATHER GREY','JHTH14530','440','2018-05-25','8','48','144','192','0','0','','','','','','32572','48',NULL,'18','-10.1','384.9','27',NULL,'5.25','LEONEL',''),
(69,51,'901','70T3741','CHARCOAL HEATHER GREY','CHARCOAL HEATHER GREY','JHTH14411','503','2018-05-25','9','114','114','171','57','0','','','','','','32573','57',NULL,'27','-4.7','459.3','27',NULL,'6','ALVARO',''),
(70,47,'989','J8995 (SS)','WHITE','WHITE','1F','112.5','2018-05-25','1','20','24','9','0','0','20','60','91','16','','32570','20',NULL,'5','-0.2','107.3','0',NULL,'1.75','NELSON',''),
(71,47,'989','J8995 (SS)','WHITE','WHITE','1F','459','2018-05-25','2','73','146','292','365','219','146','73','0','0','','32574','73',NULL,'10','-18.1','430.9','0',NULL,'7','DAVID',''),
(72,47,'989','J8995 (SS)','WHITE','WHITE','1F','426.5','2018-05-25','3','70','142','282','348','208','140','70','0','0','','32576','70',NULL,'15','+18.5','413.35','0',NULL,'5.75','NELSON',''),
(73,33,'975','H6734','PINK LEMONADE','PINK LEMONADE','JHT43-26183','283.2','2018-05-25','1','0','88','0','0','34','68','48','68','71','31','32566','34',NULL,'10','-5.23','237.97','30',NULL,'5.5','WILLIAM',''),
(75,33,'975','H6734','PINK LEMONADE','PINK LEMONADE','JHT43-26183','399.3','2018-05-25','2','0','0','144','288','192','48','0','0','0','0','32568','48',NULL,'14','-5.97','316.33','63',NULL,'7','JEYSON',''),
(76,33,'975','H6734','PINK LEMONADE','PINK LEMONADE','JHT43-26187A','97.4','2018-05-25','3','0','0','36','72','48','12','0','0','0','0','32569','12',NULL,'2','-1.18','79.22','15',NULL,'2.25','JEYSON',''),
(77,51,'901','70T3741','CHARCOAL HEATHER GREY','CHARCOAL HEATHER GREY','JHTH14411','241','2018-05-28','10','54','54','54','27','27','','','','','','32586','27',NULL,'3','-1.62','217.38','19',NULL,'3','YEYSON',''),
(78,51,'901','70T3741','CHARCOAL HEATHER GREY','CHARCOAL HEATHER GREY','JHTH14530','100','2018-05-28','11','20','20','20','10','10','','','','','','32587','10',NULL,'4','-9','81','6',NULL,'1.25','LEONEL',''),
(79,51,'901','70T3741','CHARCOAL HEATHER GREY','CHARCOAL HEATHER GREY','JHTH14411','160','2018-05-28','12','34','34','34','17','17','','','','','','32588','17',NULL,'4','-10.07','160','9',NULL,'1.75','LEONEL',''),
(80,33,'975','H6734','PINK LEMONADE','PINK LEMONADE','JHT43-26183','309.8','2018-05-28','4','0','0','114','228','152','38','0','0','0','0','32578','38',NULL,'12','+0.88','250.68','48',NULL,'5.5','WILLIAM',''),
(81,33,'975','H6734','PINK LEMONADE','PINK LEMONADE','JHT43-26187A','157.2','2018-05-28','5','4','99','86','84','21','0','0','0','0','0','32579','21',NULL,'6','-9.16','138.36','22',NULL,'2.75','WILLIAM',''),
(82,47,'989','J8994 (LS)','DARK EVENING','DARK EVENING','1F','286','2018-05-28','1','0','0','86','59','117','0','78','144','23','','32584','39',NULL,'9','-1.41','275.59','0',NULL,'4','DAVID',''),
(83,47,'989','J8994 (LS)','DARK EVENING','DARK EVENING','1F','597.5','2018-05-28','2','188','217','324','324','162','162','81','0','0','','32585','81',NULL,'23','+1.14','597.5','0',NULL,'7.5','WILLIAM',''),
(84,47,'989','J8994 (LS)','DARK EVENING','DARK EVENING','1F','5.72.5','2018-05-28','3','162','243','324','324','162','162','81','0','0','','32594','81',NULL,'11','+16.14','577.64','0',NULL,'7.25','DAVID',''),
(85,57,'1571','7W84154','HEATHER GREY','HEATHER GREY','M01F','736','2018-05-28','1','258','304','273','138','119','','','','','','32606','91',NULL,'39','-77.35','603.65','16',NULL,'10.25','LEONEL',''),
(86,51,'901','70T3741','CHARCOAL HEATHER GREY','CHARCOAL HEATHER GREY','JHTH14411','250','2018-05-28','13','52','52','52','26','26','','','','','','32610','26',NULL,'6','+4.69','230.69','18',NULL,'3','JAYSON',''),
(87,33,'975','H6734','C0633','White','JHTH13474R','169.6','2018-05-28','10','0','36','72','126','18','0','0','0','0','0','32599','18',NULL,'7','','117.39','50',NULL,'3.25','ALVARO','TELA DE FILE 1711363-01'),
(88,33,'975','H6734','C0243','Golden Straw','JHT39-26181','53.3','2018-05-28','4','0','0','19','38','23','5','0','0','0','0','32602','17',NULL,'2','+0.83','47.13','5',NULL,'1','ALVARO',''),
(89,47,'989','J8993 (LS)','OLIVE SAND','OLIVE SAND','1F','166','2018-05-28','1','29','29','0','0','0','29','63','121','19','','32595','29',NULL,'5','+3.05','166','0',NULL,'2.25','jeyson',''),
(90,47,'989','J8993 (LS)','OLIVE SAND','OLIVE SAND','1F','711.5','2018-05-28','2','95','190','380','475','285','190','95','0','0','','32600','95',NULL,'15','+12.06','708.56','15',NULL,'9.25','NELSON',''),
(91,47,'989','J8993 (LS)','OLIVE SAND','OLIVE SAND','1F','712','2018-05-28','3','95','190','380','475','285','190','95','0','0','','32601','95',NULL,'18','+23.05','717.05','0',NULL,'9.5','DAVID',''),
(92,57,'1571','7W84394','HEATHER GREY','HEATHER GREY','M01F','2.25','2018-05-28','1-SAMPLE','43','86','43','43','43','','','','','','32605','43',NULL,'4','-12.87','146.13','5',NULL,'2.25','DAVID',''),
(93,33,'975','H6734','C0633','White','JHTH13843','89.9','2018-05-28','11','0','20','40','70','10','0','0','0','0','0','32607','10',NULL,'4','','67.6','9',NULL,'2','ALVARO','TELA DE FILE 1811062-01'),
(94,54,'1571','28600151','GREEN CAMO','GREEN CAMO','U04P','280','2018-05-28','1','90','90','90','60','30','','','','','','32613','30',NULL,'9','+0.5','239.5','9',NULL,'4','JEYSON','TELA DE FILE 1811300-02'),
(95,54,'1571','28600151','GREEN CAMO','GREEN CAMO','U04-P','631','2018-05-28','2','140','210','280','140','70','','','','','','32615','70',NULL,'21','+6.8','572.8','44',NULL,'9','WILLIAM','TELA DE FILE 1811300-02'),
(96,54,'1571','28600151','GREEN CAMO','GREEN CAMO','U02-P','234','2018-05-28','3','81','81','81','54','27','','','','','','32616','27',NULL,'6','+7.22','215.22','23',NULL,'3','JEYSON','TELA DE FILE 1811300-02'),
(97,54,'1571','28600151','GREEN CAMO','GREEN CAMO','U02-P','755','2018-05-28','4','180','360','270','180','90','','','','','','32617','90',NULL,'9','+37.55','719.55','64',NULL,'11','DAVID','TELA DE FILE 1811300-02'),
(98,67,'1102','7W84142','AMERICAN NAVY','AMERICAN NAVY','B01F-P','611','2018-05-28','1','158','266','272','128','138','','','','','','32611','74',NULL,'27','-6.13','565.87','12',NULL,'8.75','LEONEL',''),
(99,67,'1102','7W84142','AMERICAN NAVY','AMERICAN NAVY','B01F-P','619','2018-05-28','2','148','222','296','222','74','','','','','','32612','74',NULL,'19','','564.94','17',NULL,'8.75','NELSON',''),
(100,33,'975','H6734','C0633','White','JHT38-26269R','384.8','2018-05-29','12','0','100','200','350','50','0','0','0','0','0','32622','50',NULL,'14','','322.6','50',NULL,'7.25','LEONEL','TELA FILE 1811226-01'),
(101,51,'901','70T3741','CHARCOAL HEATHER GREY','CHARCOAL HEATHER GREY','JHTH11073','320','2018-05-29','14','70','70','70','35','35','','','','','','32627','35',NULL,'8','-10.7','284.3','17',NULL,'4','ALVARO','TELA DE FILE 1711126-01'),
(102,54,'1571','28600151','GREEN CAMO','GREEN CAMO','U03-P','29','2018-05-29','5','6','12','9','6','3','','','','','','32618','3',NULL,'1','-0.63','24.37','3',NULL,'0.5','DAVID','TELA DE FILE 1811300-02'),
(103,54,'1571','28600151','GREEN CAMO','GREEN CAMO','U03-P','225','2018-05-29','6','48','72','96','48','24','','','','','','32619','24',NULL,'6','-0.47','196.53','25',NULL,'3','WILLIAM','TELA DE FILE 1811300-02'),
(104,54,'1571','28600151','GREEN CAMO','GREEN CAMO','U04/K-P','715','2018-05-29','7','158','262','321','170','37','','','','','','32620','79',NULL,'20','-0.39','644.61','50',NULL,'10','ALVARO','TELA DE FILE 1811300-02'),
(105,54,'1571','28600151','GREEN CAMO','GREEN CAMO','U03-P','136','2018-05-29','8','30','45','60','30','15','','','','','','32621','15',NULL,'4','+0.3','122.3','10',NULL,'1.75','ALVARO','TELA DE FILE 1811300-02'),
(106,54,'1571','28600151','GREEN CAMO','GREEN CAMO','U03-P','322','2018-05-29','9','108','108','108','72','36','','','','','','32625','36',NULL,'13','+8.06','288.06','29',NULL,'4.25','JEYSON','TELA DE FILE 1811300-02'),
(107,21,'1571','8605044','C0202','Dusty Sage','1F','520.5','2018-05-29','1','33','190','309','284','178','62','','','','','32634','66',NULL,'23','','463.76','0',NULL,'7.75','ALVARO',''),
(108,46,'1571','28600151','C0249','Green Cameo','U02-P','489','2018-05-29','1','124','168','224','112','44','','','','','','32628','56',NULL,'8','+22.33','456.33','47',NULL,'7','NELSON','TELA DE FILE 1811300-02'),
(109,46,'1571','28600151','C0249','Green Cameo','U05F-1-P','224','2018-05-29','2','103','75','72','50','0','','','','','','32629','25',NULL,'5','+3.2','204.2','18',NULL,'3.25','NELSON','TELA DE FILE 1811300-02'),
(110,46,'1571','28600151','C0249','Green Cameo','U01-P','739','2018-05-29','3','162','324','243','162','81','','','','','','32632','81',NULL,'9','+3.13','672.13','61',NULL,'10','DAVID','TELA DE FILE 1811300-02'),
(111,46,'1571','28600151','C0249','Green Cameo','U01-P','742','2018-05-29','4','162','243','324','162','81','','','','','','32633','81',NULL,'31','+37.28','684.28','64',NULL,'9.75','JEYSON','TELA DE FILE 1811300-02'),
(112,21,'1571','8605044','C0201','Dusty Pink Grey','1F','518','2018-05-29','1','33','190','309','284','176','64','','','','','32638','66',NULL,'23','-30.69','464.31','0',NULL,'7.75','NELSON',''),
(113,39,'1270','H8628','C0374','Navy','V01','157.5','2018-05-30','1','0','121','47','4','94','0','0','16','','','32649','47',NULL,'4','-0.62','129.88','23',NULL,'1.75','WILLIAM',''),
(114,39,'1270','H8628','C0374','Navy','V01','587.13','2018-05-30','2','0','73','247','384','256','144','48','0','','','32657','64',NULL,'18','-6.86','493.27','69',NULL,'7.25','ALVARO',''),
(116,66,'1584','7W84110','GREY MULTI','GREY MULTI','E01F-P','526','2018-05-30','1','213','213','213','142','71','','','','','','32650','71',NULL,'15','-0.7','500.3','10',NULL,'5.25','LEONEL',''),
(117,66,'1584','7W84110','GREY MULTI','GREY MULTI','E01F-P','529','2018-05-30','2','216','276','216','84','72','','','','','','32651','72',NULL,'10','-8.7','500.3','10',NULL,'5.25','DAVID',''),
(118,70,'1475','-1','-1','Not Selected','C01FF','182.5','2018-05-30','1-SAMPLE','50','79','48','50','48','','','','','','32647','25',NULL,'4','-2.15','173.3','3',NULL,'1.75','NELSON',''),
(119,70,'1475','-1','-1','Not Selected','C01F','124','2018-05-30','100','72','36','0','36','36','','','','','','32648','36',NULL,'5','-0.78','115.22','3',NULL,'1.25','JEYSON',''),
(120,70,'1475','-1','-1','Not Selected','C01F','589','2018-05-30','2','186','264','270','104','76','','','','','','32658','90',NULL,'15','-14.25','544.75','15',NULL,'6.75','JEYSON',''),
(121,64,'989','2303435','PURE WHITE','PURE WHITE','1F','43','2018-05-30','1T','0','0','0','0','0','0','12','12','12','12','32645','12',NULL,'1','+0.51','40.51','2',NULL,'0.75','NELSON',''),
(122,64,'989','2303435','PURE WHITE','PURE WHITE','1F','867','2018-05-30','1','90','90','360','360','180','90','0','0','0','0','32659','90',NULL,'28','-7.45','820.55','11',NULL,'12','LEONEL',''),
(123,64,'989','2303435','PURE WHITE','PURE WHITE','1F','936','2018-05-30','2','162','82','344','372','227','61','0','0','0','0','32660','96',NULL,'36','+1.25','876.25','25',NULL,'12.25','WILLIAM',''),
(124,64,'989','2303435','PURE WHITE','PURE WHITE','1F','888','2018-05-30','3','95','285','380','285','95','95','0','0','0','0','32661','95',NULL,'25','-1.65','841.65','23',NULL,'12','NELSON',''),
(125,64,'989','2303435','PURE WHITE','PURE WHITE','1F','828.5','2018-05-30','4','0','360','450','180','90','90','0','0','0','0','32662','90',NULL,'25','+11.55','792.05','23',NULL,'11','JEYSON',''),
(126,72,'998','H5967','WHITE','WHITE','D03F','823.5','2018-05-30','1','82','82','410','328','164','82','82','','','','32663','82',NULL,'15','+6.3','799.8','15',NULL,'9','LEONEL',''),
(127,72,'998','H5967','WHITE','WHITE','D03F','806','2018-05-30','2','82','164','410','328','164','82','0','','','','32664','82',NULL,'9','+2.67','780.67','19',NULL,'9','DAVID',''),
(128,72,'998','H5967','WHITE','WHITE','D03F','806.5','2018-05-30','3','140','70','355','320','230','84','1','','','','32665','80',NULL,'18','+8.45','780.95','16',NULL,'9','ALVARO',''),
(129,72,'998','H5967','WHITE','WHITE','D01','996','2018-05-30','4','101','202','505','404','202','101','0','','','','32666','101',NULL,'22','+9.51','961.51','22',NULL,'10.25','WILLIAM',''),
(130,64,'989','2303435','PURE WHITE','PURE WHITE','1F','160','2018-05-30','5','6','24','48','30','24','12','0','0','0','0','32677','24',NULL,'5','-7.34','144.66','3',NULL,'1.75','JEYSON',''),
(131,72,'998','H5967','WHITE','WHITE','D01','1033','2018-05-30','5','101','202','505','404','202','101','0','','','','32668','101',NULL,'24','-2.35','984.65','22',NULL,'10.75','LEONEL',''),
(132,72,'998','H5967','WHITE','WHITE','D01','1022.5','2018-05-30','6','100','200','500','400','200','100','0','','','','32669','100',NULL,'30','+5.1','976.6','21',NULL,'10.75','JEYSON',''),
(133,72,'998','H5967','WHITE','WHITE','D01','581.5','2018-05-30','7','0','171','285','228','114','57','0','','','','32670','57',NULL,'9','-5.44','555.06','12',NULL,'6','DAVID',''),
(134,72,'998','H5967','WHITE','WHITE','D02','434','2018-05-30','8','0','129','215','172','86','43','0','','','','32671','43',NULL,'6','+0.99','418.99','10',NULL,'4.5','DAVID',''),
(135,72,'998','H5967','WHITE','WHITE','D01','919.5','2018-05-30','9','0','270','450','360','180','90','0','','','','32672','90',NULL,'28','+6.75','877.25','21',NULL,'9.25','NELSON',''),
(136,72,'998','H5967','WHITE','WHITE','D02','100.5','2018-05-30','10','0','30','50','40','20','10','0','','','','32673','10',NULL,'1','+0.85','97.35','3',NULL,'1.25','NELSON',''),
(137,72,'998','H5967','WHITE','WHITE','D02','397.15','2018-05-30','11','40','40','200','160','80','40','40','','','','32674','40',NULL,'8','+0.88','397.15','8',NULL,'4.25','ALVARO',''),
(138,72,'998','H5967','WHITE','WHITE','D02','1012.5','2018-05-30','12','0','200','600','400','200','100','0','','','','32679','100',NULL,'23','+10.35','977.85','22',NULL,'11','LEONEL',''),
(139,74,'1217','H5967','NAVY','NAVY','D01F','1038.5','2018-05-31','1','64','31','394','528','255','133','20','0','0','','32686','95',NULL,'20.5','-45.5','949.5','23',NULL,'10.5','DAVID',''),
(140,74,'1217','H5967','NAVY','NAVY','D01F','1018.5','2018-05-31','2','0','190','285','570','285','95','0','0','0','','32687','41',NULL,'22','-45.15','22','20',NULL,'10.5','ALVARO',''),
(141,61,'1102','7W83950','LUCKY WHITE','LUCKY WHITE','X01F','953.5','2018-05-31','1','50','304','416','458','257','','','','','','32692','99',NULL,'41','-11.63','881.87','19',NULL,'13.75','JEYSON',''),
(142,74,'1217','H5967','DELICATE PETAL','DELICATE PETAL','D01F','36','2018-05-31','1','0','0','0','0','0','0','15','11','7','','32693','11',NULL,'2','+0.66','33.66','1',NULL,'0.5','DAVID',''),
(143,74,'1217','H5967','DELICATE PETAL','DELICATE PETAL','D01F','721.5','2018-05-31','2','81','162','324','243','162','81','0','0','0','','32695','81',NULL,'21','+5.09','688.59','17',NULL,'8.75','WILLIAM',''),
(144,74,'1217','H5967','DELICATE PETAL','DELICATE PETAL','D01F','758.5','2018-05-31','3','89','200','259','328','134','56','0','0','0','','32706','82',NULL,'22','-14.53','707.97','14',NULL,'9.25','ALVARO',''),
(145,39,'1270','H8628','C0374','Navy','V01','147.5','2018-05-31','3','0','14','56','84','56','28','14','0','','','32704','14',NULL,'3','-13.24','112.26','19',NULL,'1.75','DAVID',''),
(146,39,'1270','H8628','C0374','Navy','V02F','247.5','2018-05-31','4','0','25','100','150','100','50','25','0','','','32705','25',NULL,'6','-4.35','200.15','6',NULL,'3','DAVID',''),
(147,62,'1102','7W83793','PURPLE MULTI','PURPLE MULTI','W01S','204','2018-05-31','1','37','111','0','74','111','','','','','','32698','37',NULL,'5','-5.87','193.13','0',NULL,'3','LEONEL',''),
(148,62,'1102','7W83793','PURPLE MULTI','PURPLE MULTI','W01S','427','2018-05-31','2','139','167','232','125','33','','','','','','32699','58',NULL,'20','-5.27','401.73','0',NULL,'7','LEONEL',''),
(149,62,'1102','7W83793','PURPLE MULTI','PURPLE MULTI','W01S','622','2018-05-31','3','180','270','360','180','90','','','','','','32701','90',NULL,'11','+11.04','622.04','0',NULL,'9.25','NELSON',''),
(150,62,'1102','7W83793','PURPLE MULTI','PURPLE MULTI','W01S','237.5','2018-05-31','4','66','99','132','66','33','','','','','','32703','33',NULL,'5','+4.33','236.83','0',NULL,'3.5','LEONEL',''),
(151,50,'989','J1501','VINTAGE ROSE','VINTAGE ROSE','AD-1','132','2018-05-31','6-7','0','10','48','48','62','24','24','0','','','32702','24',NULL,'5','-5.26','117.74','4',NULL,'1.5','JEYSON',''),
(152,39,'1270','H8628','DARK SEAWEED','DARK SEAWEED','V01','130.5','2018-05-31','1','13','60','60','0','0','35','0','42','','','32696','30',NULL,'5','-4.9','104.6','16',NULL,'1.75','JEYSON',''),
(153,62,'1102','7W83793','WHITE MULTI','WHITE MULTI','W01F','360.93','2018-05-31','1','168','222','296','148','54','','','','','','32707','74',NULL,'12','+1.43','350.36','12',NULL,'5.25','ALVARO',''),
(154,62,'1102','7W83793','WHITE MULTI','WHITE MULTI','W01F','384','2018-05-31','2','150','225','300','150','75','','','','','','32708','75',NULL,'18','-8.7','357.3','18',NULL,'5.5','LEONEL',''),
(155,62,'1102','7W83793','WHITE MULTI','WHITE MULTI','W01F','114.85','2018-05-31','3','31','93','0','62','93','','','','','','32709','31',NULL,'4','+1.92','112.77','0',NULL,'1.75','ALVARO',''),
(156,39,'1270','H8628','DARK SEAWEED','DARK SEAWEED','V01','831.5','2018-05-31','2','0','100','400','600','300','100','0','0','','','32711','100',NULL,'31','-6','675.5','119',NULL,'10.75','WILLIAM',''),
(157,39,'1270','H8628','DARK SEAWEED','DARK SEAWEED','V01','641','2018-05-31','3','0','294','98','0','402','196','186','0','','','32713','98',NULL,'18','+34.12','532.62','94.5',NULL,'8.25','JEYSON',''),
(158,39,'1270','H8628','DARK SEAWEED','DARK SEAWEED','V01','15','2018-05-31','2-1','0','2','8','12','6','2','0','0','','','32716','2',NULL,'2','+0.95','13.95','0',NULL,'0.25','WILLIAM',''),
(159,47,'989','H4465 (SS)','NAVY','NAVY','1F','437.33','2018-05-31','1','24','205','110','163','184','66','177','59','74','','32718','59',NULL,'20','-8.11','409.22','0',NULL,'5.5','ALVARO',''),
(160,77,'1571','28600131','TRUE WHITE','TRUE WHITE','L01F','696','2018-06-01','1','195','195','260','65','65','','','','','','32717','65',NULL,'28','-44.2','595.8','28',NULL,'9.75','LEONEL',''),
(161,39,'1270','H8628','DARK SEAWEED','DARK SEAWEED','V01','823','2018-06-01','4','0','100','400','600','300','100','0','0','','','32723','100',NULL,'22','-11.5','675.5','114',NULL,'10.25','NELSON',''),
(162,39,'1270','H8628','DARK SEAWEED','DARK SEAWEED','V01','318.5','2018-06-01','5','0','39','156','234','117','39','0','0','','','32728','39',NULL,'8','-2.5','263.5','44.5',NULL,'4','NELSON',''),
(163,77,'1571','28600131','TRUE WHITE','TRUE WHITE','L01F','713.5','2018-06-01','2','161','279','183','143','26','','','','','','32722','66',NULL,'31','-32.46','612.04','38',NULL,'9.25','WILLIAM',''),
(164,39,'1270','H8628','DARK SEAWEED','DARK SEAWEED','V01','781','2018-06-01','6','0','96','384','576','288','96','0','0','','','32729','96',NULL,'26','+0.7','648.7','107',NULL,'10','WILLIAM',''),
(165,77,'1571','28600131','NOUVEAU SLATE','NOUVEAU SLATE','L01F','291.5','2018-06-01','1','77','45','0','88','86','','','','','','32730','37',NULL,'6','-19.89','253.61','12',NULL,'4.25','DAVID',''),
(166,77,'1571','28600131','NOUVEAU SLATE','NOUVEAU SLATE','L01F','781.5','2018-06-01','2','190','285','285','95','0','','','','','','32731','95',NULL,'28','-36.75','683.75','33',NULL,'10.25','LEONEL',''),
(167,77,'1571','28600131','NOUVEAU SLATE','NOUVEAU SLATE','L01F','264','2018-06-01','3','64','96','96','32','0','','','','','','32732','32',NULL,'8','-13','231','12',NULL,'3.75','DAVID',''),
(168,77,'1571','28600131','NOUVEAU SLATE','NOUVEAU SLATE','L01F','182','2018-06-01','4','44','66','66','22','0','','','','','','32740','162.25',NULL,'6','-6.75','162.25','7',NULL,'2.25','DAVID',''),
(169,64,'989','2303435','CASUAL NEW OLIVE','CASUAL NEW OLIVE','1','47.39','2018-06-01','1','0','0','0','0','0','0','12','12','12','12','32743','12',NULL,'2','-3','40.39','2',NULL,'0.75','JEYSON',''),
(170,79,'1425','J1496','WHITE','WHITE','E01F','33','2018-06-01','1','0','0','0','0','0','0','0','0','15','15','32721','15',NULL,'1','-0.45','30.55','1',NULL,'0.5','DAVID',''),
(171,79,'1425','J1496','WHITE','WHITE','E01F','974.5','2018-06-01','2','0','102','306','408','306','102','102','102','0','0','32724','102',NULL,'11','+0.71','944.21','20',NULL,'0.5','LEONEL',''),
(172,79,'1425','J1496','WHITE','WHITE','E01F','978.5','2018-06-01','3','39','83','343','393','295','91','142','42','0','0','32725','102',NULL,'11','+11.64','957.14','22',NULL,'9.75','DAVID',''),
(173,79,'1425','J1496','WHITE','WHITE','E01F','955.59','2018-06-01','9.75','0','202','303','404','303','202','0','0','0','0','32726','102',NULL,'29','-1.17','906.42','29',NULL,'9.75','ALVARO',''),
(174,79,'1425','J1496','WHITE','WHITE','E01F','931.5','2018-06-01','5','0','202','303','404','303','202','0','0','0','0','32741','101',NULL,'21','+9.83','897.33','23',NULL,'9.25','JEYSON',''),
(175,80,'985','H6734','WHITE','WHITE','JHT38-26269R','426.7','2018-06-01','1','0','57','114','228','228','114','57','0','0','0','32733','57',NULL,'16','+25.47','381.17','55',NULL,'8.75','alvaro',''),
(176,80,'985','H6734','WHITE','WHITE','JHT39-26347','171.8','2018-06-01','2','0','23','46','92','92','46','23','0','0','0','32734','23',NULL,'6','+9.88','153.68','22',NULL,'3','alvaro',''),
(177,80,'985','H6734','WHITE','WHITE','JHT39-26283BR','196.6','2018-06-01','3','0','24','48','96','96','48','24','0','0','0','32735','24',NULL,'5','+0.24','160.84','31',NULL,'4','NELSON',''),
(178,80,'985','H6734','WHITE','WHITE','JHT38-26268','398.1','2018-06-01','4','40','28','129','160','238','62','29','0','0','0','32736','49',NULL,'1','+1.92','327.74','63',NULL,'8','NELSON',''),
(179,80,'985','H6734','WHITE','WHITE','JHT39-26347','54.9','2018-06-01','5','0','7','14','28','28','14','7','0','0','0','32737','7',NULL,'1','+1.92','46.82','9',NULL,'1','NELSON',''),
(180,80,'985','H6734','WHITE','WHITE','JHT38-26268','544.1','2018-06-01','6','0','130','130','260','195','130','65','0','0','0','32738','65',NULL,'25','-2.9','429.4','87',NULL,'10','WILLIAM',''),
(181,47,'989','H4465 (SS)','NAVY','NAVY','1F','18.19','2018-06-04','1.','36','28','0','0','0','0','0','0','0','','32756','16',NULL,'1','0','17.19','0',NULL,'0.25','NELSON',''),
(183,47,'989','H4465 (SS)','NAVY','NAVY','1F','374','2018-06-04','2.','0','110','190','223','162','85','113','55','52','','32757','55',NULL,'10','+4.5','368.5','0',NULL,'4.75','NELSON',''),
(184,80,'985','H6734','WHITE','WHITE','JHT39-26347','516.6','2018-06-04','7','0','0','189','315','189','126','63','0','0','0','32758','63',NULL,'7','-8.85','420.75','80',NULL,'9.75','DAVID',''),
(185,80,'985','H6734','WHITE','WHITE','JHT43-26300','131.2','2018-06-04','2.5','0','0','48','80','48','32','16','0','0','0','32759','16',NULL,'3','-0.95','107.25','20',NULL,'2.5','DAVID',''),
(186,80,'985','H6734','BLACK','BLACK','JHT38-26238','153.2','2018-06-04','1','0','0','45','60','60','30','15','0','0','0','32766','15',NULL,'6','-33.3','99.9','14',NULL,'3','ALVARO',''),
(187,64,'989','2303435','CASUAL NEW OLIVE','CASUAL NEW OLIVE','1','353.5','2018-06-04','1.','0','124','186','62','124','0','0','0','0','0','32755','62',NULL,'10','+4.91','339.41','9',NULL,'4.5','WILLIAM',''),
(188,64,'989','2303435','CASUAL NEW OLIVE','CASUAL NEW OLIVE','1','860.5','2018-06-04','2','102','408','408','204','102','0','0','0','0','0','32762','102',NULL,'25','-5.69','809.81','20',NULL,'10.75','LEONEL',''),
(189,64,'989','2303435','CASUAL NEW OLIVE','CASUAL NEW OLIVE','1','826.61','2018-06-04','3','88','92','364','394','118','88','0','0','0','0','32763','88',NULL,'28','+25.51','802.12','22',NULL,'10.75','WILLIAM',''),
(190,64,'989','2303435','CASUAL NEW OLIVE','CASUAL NEW OLIVE','1','413','2018-06-04','4','52','208','208','104','52','0','0','0','0','','32764','52',NULL,'12','+17.18','405.18','13',NULL,'5.25','NELSON',''),
(191,73,'1558','7W83996','HEATHER GREY - EVENING BLUE','HEATHER GREY - EVENING BLUE','B01F','310.5','2018-06-04','1','53','0','0','106','265','','','','','','32753','53',NULL,'14','-7.02','289.48','0',NULL,'4.25','NELSON',''),
(192,73,'1558','7W83996','HEATHER GREY - EVENING BLUE','HEATHER GREY - EVENING BLUE','B01F','768','2018-06-04','2','93','279','372','279','93','','','','','','32760','93',NULL,'42','-1.06','724.94','0',NULL,'10.75','JEYSON',''),
(193,73,'1558','7W83996','HEATHER GREY - EVENING BLUE','HEATHER GREY - EVENING BLUE','B01F','732','2018-06-04','3','107','278','366','276','77','','','','','','32761','92',NULL,'22','+7.21','717.21','0',NULL,'11','ALVARO',''),
(194,73,'1558','7W83996','HEATHER GREY - EVENING BLUE','HEATHER GREY - EVENING BLUE','1.','243','2018-06-01','1.','84','100','83','50','34','','','','','','327','39',NULL,'10','+2.96','131.46','0',NULL,'3.5','NELSON',''),
(195,80,'985','H6734','WHITE','WHITE','JHT43-26320','115.7','2018-06-04','9','0','24','28','56','48','24','12','0','0','0','32773','24',NULL,'4','+21.6','96.86','12',NULL,'2.25','WILLIAM',''),
(196,80,'985','H6734','BLACK','BLACK','JHT38-26238','528','2018-06-04','2','0','0','186','248','248','124','62','0','0','0','32767','62',NULL,'16','-21.95','411.05','79',NULL,'10','JEYSON',''),
(197,80,'985','H6734','BLACK','BLACK','JHT38-26301','415.9','2018-06-04','3','0','0','162','216','216','108','54','0','0','0','32770','54',NULL,'12','+9.5','357','56.4',NULL,'7','ALVARO',''),
(198,80,'985','H6734','BLACK','BLACK','JHT38-26301','513.5','2018-06-04','9','28','117','153','224','229','98','47','0','0','0','32771','64',NULL,'18','+9.65','424.15','81',NULL,'9','WILLIAM',''),
(199,80,'985','H6734','BLACK','BLACK','JHT39-26302','33','2018-06-04','5','0','8','8','16','12','8','4','0','0','0','32772','4',NULL,'2','+0.75','26.75','5',NULL,'0.75','WILLIAM',''),
(200,80,'985','H6734','BLACK','BLACK','JHT39-26302','515','2018-06-05','6','0','134','67','335','201','134','67','0','0','0','32776','67',NULL,'10','+13.44','444.54','73.9',NULL,'9','NELSON',''),
(201,80,'985','H6734','NAVY','NAVY','JHT39-26283','557.8','2018-06-04','1','0','65','195','260','260','130','65','0','0','0','32774','65',NULL,'19','+0.32','453.12','86',NULL,'10','LEONEL',''),
(202,80,'985','H6734','NAVY','NAVY','JHT43-26270','142.6','2018-06-04','2','28','18','54','53','63','36','18','0','0','0','32775','18',NULL,'5','','126.39','22',NULL,'2.75','LEONEL',''),
(203,80,'985','H6734','NAVY','NAVY','JHT39-26283','154.6','2018-06-04','3','0','17','34','85','68','34','17','0','0','0','32777','17',NULL,'12','+5.03','119.63','28',NULL,'3','JEYSON',''),
(204,80,'985','H6734','NAVY','NAVY','JHT43-26270','588.1','2018-06-04','4','0','66','132','330','264','132','66','0','0','0','32783','66',NULL,'51','+9.69','464.09','82.7',NULL,'11.75','JEYSON',''),
(205,79,'1425','J1496','CERISE','CERISE','E01F','656.5','2018-06-04','1','0','77','231','308','231','77','77','0','0','0','32780','77',NULL,'12','+14.45','642.95','16',NULL,'6.25','NELSON',''),
(206,77,'1571','28600131','WILD GINGER','WILD GINGER','L01F','503','2018-06-04','1','139','204','168','47','0','','','','','','32778','62',NULL,'19','-20.57','443.43','20',NULL,'7','ALVARO',''),
(207,77,'1571','28600131','WILD GINGER','WILD GINGER','L01F','827','2018-06-04','2','206','309','309','103','0','','','','','','32776','103',NULL,'22','-30.62','738.38','36',NULL,'11','DAVID',''),
(208,79,'1425','J1496','CERISE','CERISE','E01F','70.5','2018-06-04','2','0','0','0','0','0','0','0','56','14','14','32784','28',NULL,'1','+12.57','80.07','2',NULL,'0.75','NELSON',''),
(209,79,'1425','J1496','CERISE','CERISE','E01F','542.5','2018-06-04','3','18','64','219','233','188','77','33','0','0','0','32785','64',NULL,'12','+17','534.5','13',NULL,'5.5','LEONEL',''),
(210,79,'1425','J1496','CERISE','CERISE','E01F','538.05','2018-06-05','4','0','126','126','252','189','126','0','0','0','0','32788','63',NULL,'10','+6.05','520.1','14',NULL,'5.25','ALVARO',''),
(211,80,'985','H6734','SUBTLE PINK','SUBTLE PINK','JHT38-26244A','68.9','2018-06-05','1','0','0','0','0','0','0','0','35','24','13','32786','24',NULL,'6','-1.28','54.62','7',NULL,'1.25','LEONEL',''),
(212,80,'985','H6734','SUBTLE PINK','SUBTLE PINK','JHT38-26241','333.8','2018-06-05','2','0','39','78','195','156','78','39','0','0','0','32787','39',NULL,'11','','273.41','53',NULL,'6','JEYSON',''),
(213,39,'1270','H8628','SUBTLE PINK','SUBTLE PINK','V03F','359','2018-06-05','1','26','52','0','156','104','156','104','26','','','32794','52',NULL,'5','-11.53','294.47','48',NULL,'5','DAVID',''),
(214,39,'1270','H8628','SUBTLE PINK','SUBTLE PINK','V03F','357.5','2018-06-05','2','0','60','4','170','142','162','108','2','','','32795','54',NULL,'19','+15.19','305.69','48',NULL,'5','WILLIAM',''),
(215,80,'985','H6734','NAVY','NAVY','JHT43-26271','127.4','2018-06-05','1.','60','60','40','0','0','0','0','0','20','20','32796','20',NULL,'6','+4.05','107.45','18',NULL,'2.75','JEYSON',''),
(216,80,'985','H6734','SUBTLE PINK','SUBTLE PINK','JHT39-26239','419.5','2018-06-05','3.','0','50','100','250','200','100','50','0','0','0','32789','50',NULL,'16','+11.3','351.4','63.4',NULL,'8.5','JEYSON',''),
(217,80,'985','H6734','SUBTLE PINK','SUBTLE PINK','JHT38-26241','647.6','2018-06-05','4.','0','75','150','375','225','225','75','0','0','0','32790','75',NULL,'16','-5.3','527.3','99',NULL,'12','NELSON',''),
(218,80,'985','H6734','SUBTLE PINK','SUBTLE PINK','JHT39-26239','126.3','2018-06-05','5.','0','15','30','75','45','45','15','0','0','0','32791','15',NULL,'2','+0.05','105.35','19',NULL,'2.25','NELSON',''),
(219,80,'985','H6734','SUBTLE PINK','SUBTLE PINK','JHT38-26244A','618.6','2018-06-05','6.','0','73','245','266','351','87','73','0','0','0','32792','73',NULL,'11','+2.8','515.4','95',NULL,'10.75','LEONEL',''),
(220,80,'985','H6734','SUBTLE PINK','SUBTLE PINK','JHT39-26239','145.3','2018-06-05','7.','12','9','64','48','80','11','16','0','0','0','32793','16',NULL,'7','-5','112.3','21',NULL,'2.75','LEONEL',''),
(221,80,'985','H6734','NAVY','NAVY','JHT43-26271','430.6','2018-06-05','2.','0','0','51','255','255','102','51','51','0','0','32798','51',NULL,'9','-1.63','363.97','56',NULL,'8.25','ALVARO',''),
(222,80,'985','H6734','NAVY','NAVY','JHT43-26770','200.3','2018-06-05','3.','0','0','23','115','115','46','23','23','0','0','32799','23',NULL,'8','+1.82','164.12','30',NULL,'3.75','WILLIAM',''),
(223,80,'985','H6734','NAVY','NAVY','JHT43-26271','291.4','2018-06-05','4.','0','21','52','171','133','62','23','33','0','0','32800','33',NULL,'6','-0.78','235.62','49',NULL,'5.75','WILLIAM',''),
(224,47,'989','J9007 (LS)','FADED BLACK','FADED BLACK','1F','721','2018-06-05','1','98','105','273','436','196','204','122','78','48','','32802','78',NULL,'15','+4.62','710.62','0',NULL,'9.25','DAVID',''),
(225,47,'989','J9007 (LS)','FADED BLACK','FADED BLACK','1F','691.12','2018-06-05','2','156','78','312','390','234','156','156','78','0','','32803','78',NULL,'13','+4.12','691.12','0',NULL,'9.25','NELSON',''),
(226,47,'989','J9007 (LS)','FADED BLACK','FADED BLACK','1F','676.5','2018-06-05','3','0','231','385','385','231','154','77','77','0','','32804','77',NULL,'21','+11.65','667.15','0',NULL,'8.75','JEYSON',''),
(227,47,'989','J9007 (LS)','FADED BLACK','FADED BLACK','1F','683','2018-06-05','4','77','231','308','385','308','154','77','0','0','','32805','77',NULL,'25','-5.81','652.19','0',NULL,'8.75','LEONEL',''),
(228,77,'1571','28600131','OUTBACK','OUTBACK','L01F','246.5','2018-06-06','1','64','33','0','65','86','','','','','','32806','31',NULL,'12','-5.61','218.89','10',NULL,'3.25','WILLIAM',''),
(229,77,'1571','28600131','OUTBACK','OUTBACK','L01F','366.5','2018-06-06','2','88','132','132','44','0','','','','','','32813','44',NULL,'16','-3.2','322.3','25',NULL,'5.5','WILLIAM',''),
(230,80,'985','H6734','WHITE','WHITE','JHT43-26320','187.6','2018-06-05','1.','0','0','70','0','35','57','15','33','52','18','32801','35',NULL,'8','+3.31','156.9','19',NULL,'3.25','ALVARO',''),
(231,80,'985','H6734','WHITE','WHITE','JHT43-26320','553.4','2018-06-05','2.','0','14','117','391','246','0','0','64','64','0','32807','64',NULL,'10','-37.06','442.34','64',NULL,'9.75','ALVARO',''),
(232,80,'985','H6734','BLACK','BLACK','JHT39-26302','312.5','2018-06-05','1.','0','42','134','0','0','126','95','23','64','20','32808','42',NULL,'10','+15.83','275.33','43',NULL,'5','JEYSON',''),
(233,80,'985','H6734','BLACK','BLACK','JHT39-26284','542.6','2018-06-05','2.','0','40','87','382','309','53','0','67','0','0','32809','67',NULL,'11','+6.82','454.52','83.9',NULL,'10','LEONEL',''),
(234,47,'989','J9007 (LS)','FADED BLACK','FADED BLACK','1F','40','2018-06-06','5','0','26','0','0','0','0','0','0','0','','32827','13',NULL,'2','','38.12','0',NULL,'0.25','DAVID','+PCS EXTRAS PARA SERIGRAFIA'),
(235,74,'1217','H5967','BLACK','BLACK','C01F-DS','1011.5','2018-06-06','1','76','27','473','583','273','68','0','0','0','','32825','100',NULL,'29','+58.1','1019.6','21',NULL,'12','WILLIAM',''),
(236,74,'1217','H5967','BLACK','BLACK','C01F-DS','732','2018-06-06','2','0','0','455','455','91','91','0','0','0','','32830','91',NULL,'14','+37.53','739.53','16',NULL,'8','NELSON',''),
(237,80,'985','H6734','BLACK','BLACK','JHT39-26302','125.5','2018-06-06','3.','0','0','13','78','65','13','0','13','0','0','32815','13',NULL,'4','+3.73','88.33','36.9',NULL,'2.25','JEYSON',''),
(238,80,'985','H6734','BLACK','BLACK','JHT39-26284','414.4','2018-06-06','4.','0','0','50','300','250','50','0','50','0','0','32816','50',NULL,'16','+2.5','339.9','61',NULL,'8','JEYSON',''),
(239,80,'985','H6734','BLACK','BLACK','JHT38-26244','66.4','2018-06-06','5.','0','0','8','48','40','8','0','8','0','0','32817','8',NULL,'2','-0.17','54.23','10',NULL,'1.25','JEYSON',''),
(240,88,'1558','8604828','GREY HEATHER','GREY HEATHER','2F','108','2018-06-06','1','0','40','55','53','32','0','','','','','32826','36',NULL,'4','-1.46','92.54','10',NULL,'1.75','DAVID',''),
(241,89,'1102','7W83297','GREEN MULTI','GREEN MULTI','B03F-P','732','2018-06-06','1','246','410','410','246','164','','','','','','32810','82',NULL,'19','+10.37','723.37','0',NULL,'11','NELSON',''),
(242,89,'1102','7W83297','GREEN MULTI','GREEN MULTI','B02-P','101','2018-06-06','2','33','55','55','33','22','','','','','','32811','11',NULL,'5','+1.46','97.46','0',NULL,'1.25','NELSON',''),
(243,89,'1102','7W83297','GREEN MULTI','GREEN MULTI','B03F-P','830','2018-06-06','3','303','496','476','250','149','','','','','','32812','93',NULL,'14','+5.28','821.28','0',NULL,'12.25','DAVID',''),
(244,89,'1102','7W83297','GREEN MULTI','GREEN MULTI','B03F-P','56','2018-06-06','4','30','24','30','12','12','','','','','','32812','6',NULL,'1','-2.73','52.27','0',NULL,'0.75','ALVARO',''),
(245,89,'1102','7W83297','GREEN MULTI','GREEN MULTI','B02-P','736','2018-06-06','5','410','328','410','164','164','','','','','','32818','82',NULL,'24','+1.44','713.44','0',NULL,'10.75','ALVARO',''),
(246,89,'1102','7W83297','GREEN MULTI','GREEN MULTI','B01-P','35','2018-06-06','6','20','16','20','8','8','','','','','','32819','4',NULL,'1','+1','35.03','0',NULL,'0.5','ALVARO',''),
(247,89,'1102','7W83297','GREEN MULTI','GREEN MULTI','B02-P','816','2018-06-06','7','552','460','368','184','92','','','','','','32820','92',NULL,'24','-0.64','791.36','0',NULL,'11.75','LEONEL',''),
(248,74,'1217','H5967','BLACK','BLACK','c01f-ds','984.5','2018-06-06','3','0','0','500','600','300','100','0','0','0','','32834','100',NULL,'24','+82.1','1019.6','23',NULL,'11.25','WILLIAM',''),
(249,39,'1270','H8628','DARK SEAWEED','DARK SEAWEED','V01','468.5','2018-06-06','7','8','51','236','366','168','56','0','0','','','32832','59',NULL,'12','+11.1','398.6','69',NULL,'6','JEYSON',''),
(250,80,'985','H6734','BRICK RED','BRICK RED','JHT38-26303','78.4','2018-06-06','1','0','19','19','38','0','0','0','0','25','13','32837','19',NULL,'2','+0.49','65.89','11',NULL,'1.25','DAVID',''),
(251,80,'985','H6734','BRICK RED','BRICK RED','JHT38-26303','377.5','2018-06-06','2','0','0','86','172','182','86','43','33','0','0','32843','43',NULL,'12','-3.7','307','55',NULL,'7.75','DAVID',''),
(252,80,'985','H6734','BRICK RED','BRICK RED','JHT38-26301A','71.4','2018-06-06','3','0','11','20','36','32','13','0','0','0','0','32844','8',NULL,'1','-2.45','56.95','11',NULL,'1.25','DAVID',''),
(253,79,'1425','J1496','BLACK','BLACK','E01F/K','32','2018-06-06','1','0','0','0','0','0','0','0','0','15','15','32845','15',NULL,'1','+1.05','30.55','1.5',NULL,'0.5','NELSON',''),
(254,39,'1270','H8628','CLASSIC SKY','CLASSIC SKY','V01','522.09','2018-06-06','1','0','83','101','83','332','0','314','0','','','32839','83',NULL,'9','-7.7','450.39','55',NULL,'6.5','ALVARO',''),
(255,39,'1270','H8628','CLASSIC SKY','CLASSIC SKY','V01','743.5','2018-06-06','2','0','160','320','480','320','160','0','0','','','32840','80',NULL,'16','+37.5','656','109',NULL,'9.75','JEYSON',''),
(256,39,'1270','H8628','CLASSIC SKY','CLASSIC SKY','V01','768.5','2018-06-06','3','0','160','320','480','320','160','0','0','','','32841','80',NULL,'13','+8.75','647.25','117',NULL,'10.5','LEONEL',''),
(257,39,'1270','H8628','CLASSIC SKY','CLASSIC SKY','V01','741','2018-06-06','4','22','145','352','477','288','156','0','0','','','32842','80',NULL,'12','+29.55','650.55','108',NULL,'10','NELSON',''),
(258,79,'1425','J1496','BLACK','BLACK','E01F','949','2018-06-07','2','0','106','318','424','318','106','106','0','0','0','32847','106',NULL,'23','+1.95','896.95','31',NULL,'9.25','JEYSON',''),
(259,79,'1425','J1496','BLACK','BLACK','E01F','984.5','2018-06-07','3','29','81','156','458','275','235','43','101','0','0','32848','106',NULL,'23','+12.52','951.05','23',NULL,'10','WILLIAM',''),
(260,79,'1425','J1496','BLACK','BLACK','E01F/K','938.5','2018-06-07','4','0','212','424','318','318','106','0','0','0','0','32849','106',NULL,'24','-8.44','881.06','25',NULL,'9.25','LEONEL',''),
(261,89,'1102','7W83297','GREEN MULTI','GREEN MULTI','B01-P','828','2018-06-07','8','460','552','368','184','92','','','','','','32851','92',NULL,'20','-3.21','804.79','0',NULL,'12.25','DAVID',''),
(262,87,'1429','7W84170','LUCKY BLACK / LUCKY WHITE','LUCKY BLACK / LUCKY WHITE','P01F','385.5','2018-06-07','1','189','0','126','63','63','','','','','','32846','63',NULL,'8','+0.76','356.26','22',NULL,'4.25','NELSON',''),
(263,87,'1429','7W84170','LUCKY BLACK / LUCKY WHITE','LUCKY BLACK / LUCKY WHITE','P01F','628.5','2018-06-07','2','68','224','204','116','68','','','','','','32850','68',NULL,'15','-30.85','554.65','28',NULL,'6.5','ALVARO',''),
(264,74,'1217','H5967','DEEP EMERALD','DEEP EMERALD','D01F','37','2018-06-07','1','0','0','0','0','0','0','14','11','8','','32852','11',NULL,'2','-0.01','33.99','1',NULL,'0.25','JEYSON',''),
(265,74,'1217','H5967','DEEP EMERALD','DEEP EMERALD','D01F','722','2018-06-07','2','86','193','249','316','129','54','0','0','0','','32853','79',NULL,'23','+13.1','692.1','20',NULL,'8','JEYSON',''),
(266,74,'1217','H5967','DEEP EMERALD','DEEP EMERALD','D01F','665.5','2018-06-08','3','75','150','300','225','150','75','0','0','0','','32854','75',NULL,'16','-6.14','628.36','15',NULL,'7.75','NELSON',''),
(267,74,'1217','H5967','DEEP EMERALD','DEEP EMERALD','D01F/K','29.5','2018-06-08','4','3','6','12','9','6','3','0','0','0','','32855','3',NULL,'2','-0.24','26.26','1',NULL,'0.25','NELSON',''),
(268,77,'1571','28600131','WILD GINGER','WILD GINGER','J11F','201.5','2018-06-07','3','44','0','0','88','88','','','','','','32858','44',NULL,'1','+7.71','199.21','9',NULL,'2.75','ALVARO',''),
(269,77,'1571','28600131','WILD GINGER','WILD GINGER','J11F','130.58','2018-06-07','4','36','54','54','18','0','','','','','','32859','18',NULL,'2','+11','133.58','6',NULL,'1.75','ALVARO',''),
(270,77,'1571','28600131','OUTBACK','OUTBACK','J11F','147','2018-06-07','3','36','54','54','18','0','','','','','','32856','18',NULL,'2','-5.6','133.4','6',NULL,'2','LEONEL',''),
(271,77,'1571','28600131','OUTBACK','OUTBACK','J11F/K','297','2018-06-07','4','74','111','111','37','0','','','','','','32857','37',NULL,'6','-4.85','274.15','12',NULL,'4','LEONEL',''),
(272,77,'1571','28600131','OUTBACK','OUTBACK','L01F','235.5','2018-06-07','5','56','84','84','28','0','','','','','','32861','28',NULL,'8','-19.57','197.93','10',NULL,'3','LEONEL',''),
(273,77,'1571','28600131','OUTBACK','OUTBACK','L01F/K','149.5','2018-06-07','6','38','57','57','19','0','','','','','','32862','19',NULL,'6','-2.21','134.29','7',NULL,'2','LEONEL',''),
(274,87,'1429','7W84170','LUCKY BLACK / LUCKY WHITE','LUCKY BLACK / LUCKY WHITE','P01F','638','2018-06-07','3','68','204','204','136','68','','','','','','32864','68',NULL,'18','-24.12','555.88','40',NULL,'6.75','JEYSON',''),
(275,39,'1270','H8628','CLASSIC SKY','CLASSIC SKY','V01','950.5','2018-06-07','5','0','200','400','600','400','200','0','0','','','32863','100',NULL,'28','+21.1','804.6','139',NULL,'12.25','WILLIAM',''),
(276,80,'985','H6734','WHITE','WHITE','JH-7453','110','2018-06-07','3.','0','0','16','48','32','0','0','8','8','0','32869','8',NULL,'4','-36.86','58.14','11',NULL,'2','DAVID',''),
(277,80,'985','H6734','WHITE','WHITE','JHT13843','146.7','2018-06-07','4.','0','0','30','94','58','0','0','13','15','0','32870','15',NULL,'6','-11.1','108.6','21',NULL,'2.5','DAVID',''),
(278,47,'989','J9008 (LS)','DUSTY BARN','DUSTY BARN','1','574.5','2018-06-07','1','96','237','264','246','154','148','57','96','34','','32865','74',NULL,'13','-0.84','560.66','0',NULL,'7.75','NELSON',''),
(279,47,'989','J9008 (LS)','DUSTY BARN','DUSTY BARN','1','574.27','2018-06-07','2','146','146','292','292','219','73','146','0','0','','32866','73',NULL,'35','+3.14','542.41','35',NULL,'7.75','ALVARO',''),
(280,47,'989','J9008 (LS)','DUSTY BARN','DUSTY BARN','1','594.5','2018-06-07','3','148','148','296','296','148','148','74','74','0','','32867','74',NULL,'26','-8','560.5','0',NULL,'8.25','LEONEL',''),
(281,47,'989','J9009 (LS)','DARK TWILIGHT','DARK TWILIGHT','1F','736','2018-06-07','1','145','254','332','282','267','119','44','135','24','','32872','89',NULL,'47','+1.8','690.8','0',NULL,'10','JEYSON',''),
(282,47,'989','J9009 (LS)','DARK TWILIGHT','DARK TWILIGHT','1F','655.5','2018-06-07','2','176','176','352','381','147','176','176','0','0','','32873','88',NULL,'11','+8.13','652.63','0',NULL,'9','DAVID',''),
(283,39,'1270','H8628','CLASSIC SKY','CLASSIC SKY','V01','474','2018-06-07','6','0','100','200','300','200','100','0','0','','','32871','50',NULL,'14','+15.8','406.8','69',NULL,'6','WILLIAM',''),
(284,39,'1270','H8628','BEDFORD COAL','BEDFORD COAL','V02','505','2018-06-07','1','16','0','222','138','0','250','230','32','','','32875','79',NULL,'9','+2.14','432.14','66',NULL,'7.25','LEONEL',''),
(285,39,'1270','H8628','BEDFORD COAL','BEDFORD COAL','V02','710','2018-06-07','2','0','164','318','462','382','78','0','0','','','32876','78',NULL,'8','+36.3','632.3','106',NULL,'9.25','NELSON',''),
(286,39,'1270','H8628','BEDFORD COAL','BEDFORD COAL','V02','732','2018-06-07','3','0','156','312','468','390','78','0','0','','','32877','78',NULL,'24','+32.4','633.4','107',NULL,'10','WILLIAM',''),
(287,39,'1270','H8628','BEDFORD COAL','BEDFORD COAL','v02','736.5','2018-06-08','4','0','156','312','468','390','78','0','0','','','32878','78',NULL,'22','+34.9','633.4','116',NULL,'10','jeyson',''),
(288,89,'1102','7W83297','GREEN MULTI','GREEN MULTI','B01-P','323','2018-06-08','1.','70','82','212','140','56','','','','','','32885','70',NULL,'15','-9.15','298.85','0',NULL,'4.75','LEONEL',''),
(289,65,'901','70T3741','C0090','Bright Berry','JHTH14654','668','2018-06-08','1','99','125','206','137','18','','','','','','32879','65',NULL,'16','-33.1','595.9','23',NULL,'8','ALVARO',''),
(290,65,'901','70T3741','C0090','Bright Berry','JHTH14617','686','2018-06-08','2','65','130','195','130','65','','','','','','32880','65',NULL,'24','-29.55','596.45','36',NULL,'8.75','LEONEL',''),
(291,65,'901','70T3741','C0090','Bright Berry','JHTH14654','657','2018-06-08','3','63','126','189','126','63','','','','','','32881','63',NULL,'16','-25.3','577.7','38',NULL,'8','DAVID',''),
(292,65,'901','70T3741','C0090','Bright Berry','JHTH14653','21','2018-06-08','4','2','4','6','4','2','','','','','','32882','2',NULL,'1','+0.75','18.75','2',NULL,'0.25','DAVID',''),
(293,65,'901','70T3741','C0090','Bright Berry','JHTH14653','653.97','2018-06-08','5','64','128','192','128','64','','','','','','32883','64',NULL,'16','-15.65','582.32','40',NULL,'8.5','WILLIAM',''),
(294,65,'901','70T3741','C0090','Bright Berry','JHTH14692','650','2018-06-08','6','64','192','192','64','64','','','','','','32884','64',NULL,'10','-16.85','586.15','37',NULL,'7.75','NELSON',''),
(295,65,'901','70T3741','C0090','Bright Berry','JHTH14616','620.97','2018-06-08','7','128','192','128','64','64','','','','','','32886','64',NULL,'16','-1.47','567.5','36',NULL,'7.5','JEYSON',''),
(296,65,'901','70T3741','C0090','Bright Berry','JHTH14653','145','2018-06-08','8','45','45','30','15','0','','','','','','32887','15',NULL,'3','-7.55','128.45','6',NULL,'1.75','ALVARO',''),
(297,65,'901','70T3741','C0090','Bright Berry','JHTH14616','468','2018-06-08','9','147','147','98','49','0','','','','','','32888','49',NULL,'12','-13.69','419.31','23',NULL,'5.5','ALVARO',''),
(298,64,'989','2303435','CASUAL NEW OLIVE','CASUAL NEW OLIVE','2','455.5','2018-06-08','5','56','224','224','112','56','0','0','0','0','0','32895','56',NULL,'12','+13.4','442.9','14',NULL,'6','WILLIAM',''),
(299,77,'1571','28600131','NOUVEAU SLATE','NOUVEAU SLATE','J11F','370','2018-06-08','5','98','147','147','49','0','','','','','','32894','49',NULL,'5','+13.45','360.45','18',NULL,'4.75','NELSON',''),
(300,65,'901','70T3741','C0090','Bright Berry','JHTH14617','122','2018-06-08','10','39','39','26','13','0','','','','','','32890','13',NULL,'3','+0.47','111.47','8',NULL,'1.25','DAVID',''),
(301,65,'901','70T3741','C0090','Bright Berry','JHT14653','210','2018-06-08','11','63','63','42','21','0','','','','','','32891','21',NULL,'6','-11.06','179.94','13',NULL,'2.5','DAVID',''),
(302,65,'901','70T3741','C0090','Bright Berry','JHTH14692','|26','2018-06-08','12','6','6','4','2','0','','','','','','32892','2',NULL,'2','-4.47','17.53','0',NULL,'0.25','DAVID',''),
(303,65,'901','70T3741','C0090','Bright Berry','JHTH14616','165','2018-06-08','13','48','48','32','16','0','','','','','','32893','16',NULL,'4','-13.51','137.49','6',NULL,'1.75','DAVID',''),
(304,64,'989','2303435','CASUAL NEW OLIVE','CASUAL NEW OLIVE','2','449.5','2018-06-08','6','53','53','212','212','106','53','0','0','0','0','32900','53',NULL,'14','+11.93','473.43','24',NULL,'7','WILLIAM',''),
(305,89,'1102','7W83297','GREEN MULTI','GREEN MULTI','B01-P','306','2018-06-08','2.','111','270','10','44','105','','','','','','32896','54',NULL,'30','-2.7','273.3','0',NULL,'4.75','JEYSON',''),
(306,47,'989','J9011 (LS)','SEACREST','SEACREST','1F','623','2018-06-08','1','74','148','296','370','148','148','74','74','0','','32897','74',NULL,'18','-1.61','555.89','0',NULL,'7.25','LEONEL',''),
(307,47,'989','J9011 (LS)','SEACREST','SEACREST','1F','559.5','2018-06-08','2','148','148','222','296','296','148','74','0','0','','32898','74',NULL,'13','0','550.52','0',NULL,'7.25','NELSON',''),
(308,47,'989','J9011 (LS)','SEACREST','SEACREST','1F','623','2018-06-08','3','5','143','301','365','160','136','127','67','28','','32899','74',NULL,'26','-7.26','589.74','0',NULL,'8','ALVARO',''),
(309,47,'989','J9012 (LS)','DEEP NAVY','DEEP NAVY','1F','523','2018-06-08','1','70','88','266','305','166','15','97','91','22','','32902','70',NULL,'15','-2.95','505.05','0',NULL,'6.75','LEONEL',''),
(310,47,'989','J9012 (LS)','DEEP NAVY','DEEP NAVY','1F','492','2018-06-08','2','70','140','210','280','140','210','70','0','0','','32903','70',NULL,'14','+7.45','485.45','0',NULL,'6.75','JEYSON','');

/*Table structure for table `department` */

DROP TABLE IF EXISTS `department`;

CREATE TABLE `department` (
  `id` int(10) NOT NULL AUTO_INCREMENT,
  `factory` int(10) NOT NULL,
  `name` varchar(20) NOT NULL,
  `status` tinyint(1) NOT NULL DEFAULT '1',
  `created_at` timestamp NOT NULL DEFAULT CURRENT_TIMESTAMP,
  PRIMARY KEY (`id`)
) ENGINE=InnoDB AUTO_INCREMENT=46 DEFAULT CHARSET=utf8;

/*Data for the table `department` */

insert  into `department`(`id`,`factory`,`name`,`status`,`created_at`) values 
(34,26,'Dep1',1,'2018-04-29 23:46:11'),
(35,26,'Dep2',1,'2018-04-29 23:46:14'),
(36,28,'Administracion',1,'2018-04-29 23:46:18'),
(37,28,'Accesorio',1,'2018-05-04 23:01:23'),
(38,28,'Tela',1,'2018-05-04 23:01:29'),
(39,28,'Corte',1,'2018-05-04 23:01:34'),
(40,28,'Costura',1,'2018-05-04 23:01:41'),
(41,28,'Plancha',1,'2018-05-04 23:01:52'),
(42,28,'Empaque',1,'2018-05-04 23:02:14'),
(43,28,'Inspeccion',1,'2018-05-04 23:02:22'),
(44,28,'Exportacion',1,'2018-05-04 23:02:32'),
(45,28,'Movimiento',1,'2018-05-04 23:05:20');

/*Table structure for table `fabric` */

DROP TABLE IF EXISTS `fabric`;

CREATE TABLE `fabric` (
  `id` int(10) NOT NULL AUTO_INCREMENT,
  `code` varchar(30) NOT NULL,
  `name` varchar(80) NOT NULL,
  `status` tinyint(1) DEFAULT '1',
  `create_at` timestamp NOT NULL DEFAULT CURRENT_TIMESTAMP,
  PRIMARY KEY (`id`)
) ENGINE=InnoDB AUTO_INCREMENT=1585 DEFAULT CHARSET=utf8;

/*Data for the table `fabric` */

insert  into `fabric`(`id`,`code`,`name`,`status`,`create_at`) values 
(898,'F001','113202 (50/50) Poly/Cotton Single Jersey',1,'2018-05-12 17:04:00'),
(899,'F002','30 SC/Linen 45/55 Single Jersey',1,'2018-05-12 17:04:00'),
(900,'F003','Brush tiger  Rib 2x2',1,'2018-05-12 17:04:00'),
(901,'F004','Brush tiger  Single Jersey',1,'2018-05-12 17:04:00'),
(902,'F005','C/P (87/13) 30/1 Rib',1,'2018-05-12 17:04:00'),
(903,'F006','C/P (87/13) 30/1 Single Jersey',1,'2018-05-12 17:04:00'),
(904,'F007','C/P (90/10) 30/1 Rib',1,'2018-05-12 17:04:00'),
(905,'F008','C/P (90/10) 30/1 Rib 1x1',1,'2018-05-12 17:04:00'),
(906,'F009','C/P (90/10) 30/1 Single Jersey',1,'2018-05-12 17:04:00'),
(907,'F010','C/P (90/10) 40/1 Rib',1,'2018-05-12 17:04:00'),
(908,'F011','C/P (90/10) 40/1 Rib 1x1',1,'2018-05-12 17:04:00'),
(909,'F012','C/P (90/10) 40/1 Single Jersey',1,'2018-05-12 17:04:00'),
(910,'F013','C/P (95/05) 40/1 Rib 1x1',1,'2018-05-12 17:04:00'),
(911,'F014','C/P (95/05) 40/1 Single Jersey',1,'2018-05-12 17:04:00'),
(912,'F015','C/P (99/01) 40/1 Rib',1,'2018-05-12 17:04:00'),
(913,'F016','C/P (99/01) 40/1 Single Jersey',1,'2018-05-12 17:04:00'),
(914,'F017','CD 18/1 Rib 1x1',1,'2018-05-12 17:04:00'),
(915,'F018','CD 18/1 Slub Single',1,'2018-05-12 17:04:00'),
(916,'F019','CD 20/1 (OE) Rib 1x1',1,'2018-05-12 17:04:00'),
(917,'F020','CD 20/1 (OE) Single Jersey',1,'2018-05-12 17:04:00'),
(918,'F021','CD 20/1 Rib',1,'2018-05-12 17:04:00'),
(919,'F022','CD 20/1 Rib 1x1',1,'2018-05-12 17:04:00'),
(920,'F023','CD 20/1 Single Jersey',1,'2018-05-12 17:04:00'),
(921,'F024','CD 24/1 Single Jersey',1,'2018-05-12 17:04:00'),
(922,'F025','CD 24/1 Slub Single',1,'2018-05-12 17:04:00'),
(923,'F026','CD 30/1  Rib 1x1',1,'2018-05-12 17:04:00'),
(924,'F027','CD 30/1  Single Jersey',1,'2018-05-12 17:04:00'),
(925,'F028','CD 30/1  Slub Single',1,'2018-05-12 17:04:00'),
(926,'F029','Cloudy Slub Rib 2x2',1,'2018-05-12 17:04:00'),
(927,'F030','CM (60/40) 26/1 Rib',1,'2018-05-12 17:04:00'),
(928,'F031','CM (60/40) 26/1 Single Jersey',1,'2018-05-12 17:04:00'),
(929,'F032','CM (90/10) 30/1 Pique Single Jersey',1,'2018-05-12 17:04:00'),
(930,'F033','CM 16/1 Rib 1x1',1,'2018-05-12 17:04:00'),
(931,'F034','CM 16/1 Single Jersey',1,'2018-05-12 17:04:00'),
(932,'F035','CM 16/1 Slub Single',1,'2018-05-12 17:04:00'),
(933,'F036','CM 18/1 Single Jersey',1,'2018-05-12 17:04:00'),
(934,'F037','CM 20/1 + CD 20/1 Fleece',1,'2018-05-12 17:04:00'),
(935,'F038','CM 20/1 + CM 20/2 Mini Zurry Rib',1,'2018-05-12 17:04:00'),
(936,'F039','CM 20/1 + CM 20/2 Mini Zurry Single Jersey',1,'2018-05-12 17:04:00'),
(937,'F040','CM 20/1 + CM 26/1 Single Jersey',1,'2018-05-12 17:04:00'),
(938,'F041','CM 20/1 + CVC (50/50) 30/1  Slub Single',1,'2018-05-12 17:04:00'),
(939,'F042','CM 20/1 + PE 30/1 Single Jersey',1,'2018-05-12 17:04:00'),
(940,'F043','CM 20/1 + PE30/1 Slub Single',1,'2018-05-12 17:04:00'),
(941,'F044','CM 20/1 +CD 14/1 Mini Zurry Single Jersey',1,'2018-05-12 17:04:00'),
(942,'F045','CM 20/1 +CM 30/1 +CM 40/1 Slub Single',1,'2018-05-12 17:04:00'),
(943,'F046','CM 20/1 +CM 30/1 Slub Single',1,'2018-05-12 17:04:00'),
(944,'F047','CM 20/1 +CM 40/1 Slub Single',1,'2018-05-12 17:04:00'),
(945,'F048','CM 20/1 2*1 Rib',1,'2018-05-12 17:04:00'),
(946,'F049','CM 20/1 Rib',1,'2018-05-12 17:04:00'),
(947,'F050','CM 20/1 Rib 1x1',1,'2018-05-12 17:04:00'),
(948,'F051','CM 20/1 Rib 2x1',1,'2018-05-12 17:04:00'),
(949,'F052','CM 20/1 Rib 2x2',1,'2018-05-12 17:04:00'),
(950,'F053','CM 20/1 RS + CM 30/1 RS Slub Single',1,'2018-05-12 17:04:00'),
(951,'F054','CM 20/1 Single Jersey',1,'2018-05-12 17:04:00'),
(952,'F055','CM 20/1 Slub Single',1,'2018-05-12 17:04:00'),
(953,'F056','CM 20/1 Thermal Slub Single',1,'2018-05-12 17:04:00'),
(954,'F057','CM 20/2 Rib 1x1',1,'2018-05-12 17:04:00'),
(955,'F058','CM 24/1 Rib 1x1',1,'2018-05-12 17:04:00'),
(956,'F059','CM 24/1 Slub Single',1,'2018-05-12 17:04:00'),
(957,'F060','CM 26/1 + CM 40/1 Single Jersey',1,'2018-05-12 17:04:00'),
(958,'F061','CM 26/1 Single Jersey',1,'2018-05-12 17:04:00'),
(959,'F062','CM 26/1 Slub Single',1,'2018-05-12 17:04:00'),
(960,'F063','CM 26/2 Single Jersey',1,'2018-05-12 17:04:00'),
(961,'F064','CM 30/ + CM 20/1 + CVC 20/1 Mini Zurry',1,'2018-05-12 17:04:00'),
(962,'F065','CM 30/1 (90/10) OXEORD Rib 1x1',1,'2018-05-12 17:04:00'),
(963,'F066','CM 30/1 (HEAVY) Slub Single',1,'2018-05-12 17:04:00'),
(964,'F067','CM 30/1 + CD 14/1 Zurry Single Jersey',1,'2018-05-12 17:04:00'),
(965,'F068','CM 30/1 + CM 30/1 + CD 10 Zurry Single Jersey',1,'2018-05-12 17:04:00'),
(966,'F069','CM 30/1 + CM 30/1 + CVC (50/50) 20/1 Mini Zurry',1,'2018-05-12 17:04:00'),
(967,'F070','CM 30/1 + CM 30/1 + CVC 30/1 FLEECE Single Jersey',1,'2018-05-12 17:04:00'),
(968,'F071','CM 30/1 + CM 30/1 + Spand30 M/Zurry Single Jersey',1,'2018-05-12 17:04:00'),
(969,'F072','CM 30/1 + CVC (50/50) 12/1 Mini Zurry',1,'2018-05-12 17:04:00'),
(970,'F073','CM 30/1 + CVC 30/1 Slub Single',1,'2018-05-12 17:04:00'),
(971,'F074','CM 30/1 + PE 30/1 Single Jersey',1,'2018-05-12 17:04:00'),
(972,'F075','CM 30/1 + PE 30/1 Slub Single',1,'2018-05-12 17:04:00'),
(973,'F076','CM 30/1 + Span20d 1*1 Rib',1,'2018-05-12 17:04:00'),
(974,'F077','CM 30/1 + Span20d 4*2 Rib',1,'2018-05-12 17:04:00'),
(975,'F078','CM 30/1 + Span20d Rib 2x2',1,'2018-05-12 17:04:00'),
(976,'F079','CM 30/1 + Span20d Single Jersey',1,'2018-05-12 17:04:00'),
(977,'F080','CM 30/1 + Span30d French Terry',1,'2018-05-12 17:04:00'),
(978,'F081','CM 30/1 + Span30d Single Jersey',1,'2018-05-12 17:04:00'),
(979,'F082','CM 30/1 + Span30d Slub Single',1,'2018-05-12 17:04:00'),
(980,'F083','CM 30/1 + Span40d  Single Jersey',1,'2018-05-12 17:04:00'),
(981,'F084','CM 30/1 + Span70d Single Jersey',1,'2018-05-12 17:04:00'),
(982,'F085','CM 30/1 1*1 Rib',1,'2018-05-12 17:04:00'),
(983,'F086','CM 30/1 French Terry Single Jersey',1,'2018-05-12 17:04:00'),
(984,'F087','CM 30/1 Rib',1,'2018-05-12 17:04:00'),
(985,'F088','CM 30/1 Rib 1x1',1,'2018-05-12 17:04:00'),
(986,'F089','CM 30/1 Rib 2x1',1,'2018-05-12 17:04:00'),
(987,'F090','CM 30/1 Rib 2x2',1,'2018-05-12 17:04:00'),
(988,'F091','CM 30/1 Sakariba',1,'2018-05-12 17:04:00'),
(989,'F092','CM 30/1 Single Jersey',1,'2018-05-12 17:04:00'),
(990,'F093','CM 30/1 Slub Single',1,'2018-05-12 17:04:00'),
(991,'F094','CM 30/1 Streaky Slub Single',1,'2018-05-12 17:04:00'),
(992,'F095','CM 30/1 Thermal',1,'2018-05-12 17:04:00'),
(993,'F096','CM 30/1 Thermal Slub Single',1,'2018-05-12 17:04:00'),
(994,'F097','CM 30/1 Vitange + Span30d Slub Single',1,'2018-05-12 17:04:00'),
(995,'F098','CM 30/1 Vitange Rib',1,'2018-05-12 17:04:00'),
(996,'F099','CM 30/1Vitange Rib 1x1',1,'2018-05-12 17:04:00'),
(997,'F100','CM 30/1 Vitange Single Jersey',1,'2018-05-12 17:04:00'),
(998,'F101','CM 30/1 Vitange Slub Single',1,'2018-05-12 17:04:00'),
(999,'F102','CM 30/2 + CM 20/1 Mini Zurry Single Jersey',1,'2018-05-12 17:04:00'),
(1000,'F103','CM 30/2 Rib 1x1',1,'2018-05-12 17:04:00'),
(1001,'F104','CM 30/2 Single Jersey',1,'2018-05-12 17:04:00'),
(1002,'F105','CM 36/1 Rib 1x1',1,'2018-05-12 17:04:00'),
(1003,'F106','CM 36/1 Single Jersey',1,'2018-05-12 17:04:00'),
(1004,'F107','CM 40/1 + CM 26/1 Single Jersey',1,'2018-05-12 17:04:00'),
(1005,'F108','CM 40/1 + CM 30/2 Slub Single',1,'2018-05-12 17:04:00'),
(1006,'F109','CM 40/1 + CVC 30/1 Fleece',1,'2018-05-12 17:04:00'),
(1007,'F110','CM 40/1 + Span20d 1*1 Rib',1,'2018-05-12 17:04:00'),
(1008,'F111','CM 40/1 + Span20d 2*1 Rib',1,'2018-05-12 17:04:00'),
(1009,'F112','CM 40/1 + Span20d Rib 1x1',1,'2018-05-12 17:04:00'),
(1010,'F113','CM 40/1 + Span20d Rib 2x2',1,'2018-05-12 17:04:00'),
(1011,'F114','CM 40/1 + Span20d Single Jersey',1,'2018-05-12 17:04:00'),
(1012,'F115','CM 40/1 + Span40d Single Jersey',1,'2018-05-12 17:04:00'),
(1013,'F116','CM 40/1 + Span75d Reversible Single Jersey',1,'2018-05-12 17:04:00'),
(1014,'F117','CM 40/1 +CM 30/1 +CM 20/1 Slub Single',1,'2018-05-12 17:04:00'),
(1015,'F118','CM 40/1 +CM 40/1 + Span40d Single Jersey',1,'2018-05-12 17:04:00'),
(1016,'F119','CM 40/1 Rib',1,'2018-05-12 17:04:00'),
(1017,'F120','CM 40/1 Rib 1x1',1,'2018-05-12 17:04:00'),
(1018,'F121','CM 40/1 Single Jersey',1,'2018-05-12 17:04:00'),
(1019,'F122','CM 40/1 Slub Single',1,'2018-05-12 17:04:00'),
(1020,'F123','CM 40/1 Waffle Single Jersey',1,'2018-05-12 17:04:00'),
(1021,'F124','CM 50/1 + Span20d Rib',1,'2018-05-12 17:04:00'),
(1022,'F125','CM 50/1 + Span20d Rib 1x1',1,'2018-05-12 17:04:00'),
(1023,'F126','CM 50/1 + Span20d Rib 2x2',1,'2018-05-12 17:04:00'),
(1024,'F127','CM 50/1 + Span20d Single Jersey',1,'2018-05-12 17:04:00'),
(1025,'F128','CM 50/1 + Span30d 1*1 Rib',1,'2018-05-12 17:04:00'),
(1026,'F129','CM 50/1 + Span40d Single Jersey',1,'2018-05-12 17:04:00'),
(1027,'F130','CM 50/1 1*1 Rib',1,'2018-05-12 17:04:00'),
(1028,'F131','CM 60/2 Rib 1x1',1,'2018-05-12 17:04:00'),
(1029,'F132','CM 60/2 Single Jersey',1,'2018-05-12 17:04:00'),
(1030,'F133','CM/Modal (50/50) 30/1 Single Jersey',1,'2018-05-12 17:04:00'),
(1031,'F134','CM/Modal (50/50) 40/1 + Span20d Rib 1x1',1,'2018-05-12 17:04:00'),
(1032,'F135','CM/Modal (50/50) 40/1 + Span30d Rib 1x1',1,'2018-05-12 17:04:00'),
(1033,'F136','CM/Modal (50/50) 40/1 + Supima/Modal French Terry Single Jersey',1,'2018-05-12 17:04:00'),
(1034,'F137','CM/Modal (50/50) 40/1 Single Jersey',1,'2018-05-12 17:04:00'),
(1035,'F138','CM/Modal (60/40)  30/1  Single Jersey',1,'2018-05-12 17:04:00'),
(1036,'F139','CM/Modal (60/40) 40/1 + Span20d Rib 1x1',1,'2018-05-12 17:04:00'),
(1037,'F140','CM/Modal (60/40) 40/1 Single Jersey',1,'2018-05-12 17:04:00'),
(1038,'F141','CM/Modal (60/40) 40/1 Slub Single',1,'2018-05-12 17:04:00'),
(1039,'F142','CM/Modal 40/1 + Supima Slub Single',1,'2018-05-12 17:04:00'),
(1040,'F143','Cott/Modal 30/1 (50/50) Siro M. Zurry Single Jersey',1,'2018-05-12 17:04:00'),
(1041,'F144','CTN / TENCEL Single Jersey',1,'2018-05-12 17:04:00'),
(1042,'F145','CTT/Modal (50/50) 30/1  Single Jersey',1,'2018-05-12 17:04:00'),
(1043,'F146','CVC (50/30/20) HTR 20% 30/1 Single Jersey',1,'2018-05-12 17:04:00'),
(1044,'F147','CVC (50/40/40) HTR 20% 30/1 Single Jersey',1,'2018-05-12 17:04:00'),
(1045,'F148','CVC (50/50) 20/1 + CD 20/1 French Terry',1,'2018-05-12 17:04:00'),
(1046,'F149','CVC (50/50) 20/1 + CVC (50/50) 20/1 Single Jersey',1,'2018-05-12 17:04:00'),
(1047,'F150','CVC (50/50) 20/1 + PE 150/96F STRIPE Pique',1,'2018-05-12 17:04:00'),
(1048,'F151','CVC (50/50) 20/1 Mini Zurry',1,'2018-05-12 17:04:00'),
(1049,'F152','CVC (50/50) 20/1 Rib',1,'2018-05-12 17:04:00'),
(1050,'F153','CVC (50/50) 20/1 Rib 1x1',1,'2018-05-12 17:04:00'),
(1051,'F154','CVC (50/50) 20/1 Rib 2x2',1,'2018-05-12 17:04:00'),
(1052,'F155','CVC (50/50) 20/1 Single Jersey',1,'2018-05-12 17:04:00'),
(1053,'F156','CVC (50/50) 20/1 Slub Single',1,'2018-05-12 17:04:00'),
(1054,'F157','CVC (50/50) 20/1 Waffle',1,'2018-05-12 17:04:00'),
(1055,'F158','CVC (50/50) 20/1 Yoko',1,'2018-05-12 17:04:00'),
(1056,'F159','CVC (50/50) 20/1 Zurry Rib 1x1',1,'2018-05-12 17:04:00'),
(1057,'F160','CVC (50/50) 20/1 Zurry Single Jersey',1,'2018-05-12 17:04:00'),
(1058,'F161','CVC (50/50) 20/2 Rib 1x1',1,'2018-05-12 17:04:00'),
(1059,'F162','CVC (50/50) 24/1 Recycle  Single Jersey',1,'2018-05-12 17:04:00'),
(1060,'F163','CVC (50/50) 26/1 Pique',1,'2018-05-12 17:04:00'),
(1061,'F164','CVC (50/50) 26/1 Rib',1,'2018-05-12 17:04:00'),
(1062,'F165','CVC (50/50) 26/1 Single Jersey',1,'2018-05-12 17:04:00'),
(1063,'F166','CVC (50/50) 26/1 Slub Single',1,'2018-05-12 17:04:00'),
(1064,'F167','CVC (50/50) 30/1 + CVC (50/50) 20/1 French Terry',1,'2018-05-12 17:04:00'),
(1065,'F168','CVC (50/50) 30/1 + CVC (50/50) 20/1 Sakariba',1,'2018-05-12 17:04:00'),
(1066,'F169','CVC (50/50) 30/1 + CVC (50/50) 30/1 + CVC (50/50) 20/1 French Terry',1,'2018-05-12 17:04:00'),
(1067,'F170','CVC (50/50) 30/1 + CVC (50/50) 30/1 + CVC (50/50) 20/1 Single Jersey',1,'2018-05-12 17:04:00'),
(1068,'F171','CVC (50/50) 30/1 + CVC (50/50) 30/1 Sakariba',1,'2018-05-12 17:04:00'),
(1069,'F172','CVC (50/50) 30/1 + CVC (55/45) 40/1 Single Jersey',1,'2018-05-12 17:04:00'),
(1070,'F173','CVC (50/50) 30/1 + CVC (60/40) 40/1  Snow  Single Jersey',1,'2018-05-12 17:04:00'),
(1071,'F174','CVC (50/50) 30/1 + PE 100/96F  Single Jersey',1,'2018-05-12 17:04:00'),
(1072,'F175','CVC (50/50) 30/1 + PE 150/96F + PE 150/96F Mini Zurry',1,'2018-05-12 17:04:00'),
(1073,'F176','CVC (50/50) 30/1 + PE 30/1 + CM 30/1 Single Jersey',1,'2018-05-12 17:04:00'),
(1074,'F177','CVC (50/50) 30/1 + PE 30/1 Single Jersey',1,'2018-05-12 17:04:00'),
(1075,'F178','CVC (50/50) 30/1 + PE 30/1 Slub Single',1,'2018-05-12 17:04:00'),
(1076,'F179','CVC (50/50) 30/1 + Span20d Pique Single Jersey',1,'2018-05-12 17:04:00'),
(1077,'F180','CVC (50/50) 30/1 + Span20d Single Jersey',1,'2018-05-12 17:04:00'),
(1078,'F181','CVC (50/50) 30/1 + Span20d Thermal',1,'2018-05-12 17:04:00'),
(1079,'F182','CVC (50/50) 30/1 + Span70d  Rib',1,'2018-05-12 17:04:00'),
(1080,'F183','CVC (50/50) 30/1 + Span70d  Rib 1x1',1,'2018-05-12 17:04:00'),
(1081,'F184','CVC (50/50) 30/1 + Span70d  Rib 2x1',1,'2018-05-12 17:04:00'),
(1082,'F185','CVC (50/50) 30/1 + Spand30 2*1 Rib',1,'2018-05-12 17:04:00'),
(1083,'F186','CVC (50/50) 30/1 + T/C (84/16) 30/1 + PE 30/1 Single Jersey',1,'2018-05-12 17:04:00'),
(1084,'F187','CVC (50/50) 30/1 + T/C (84/16) 30/1 + PE 30/1 Slub Single',1,'2018-05-12 17:04:00'),
(1085,'F188','CVC (50/50) 30/1 +Span20d Pique Single Jersey',1,'2018-05-12 17:04:00'),
(1086,'F189','CVC (50/50) 30/1 +Span70d Rib 1x1',1,'2018-05-12 17:04:00'),
(1087,'F190','CVC (50/50) 30/1 Burnout',1,'2018-05-12 17:04:00'),
(1088,'F191','CVC (50/50) 30/1 French Terry',1,'2018-05-12 17:04:00'),
(1089,'F192','CVC (50/50) 30/1 French Terry Single Jersey',1,'2018-05-12 17:04:00'),
(1090,'F193','CVC (50/50) 30/1 Mini Zurry',1,'2018-05-12 17:04:00'),
(1091,'F194','CVC (50/50) 30/1 Mini Zurry Single Jersey',1,'2018-05-12 17:04:00'),
(1092,'F195','CVC (50/50) 30/1 Mock Twist Rib',1,'2018-05-12 17:04:00'),
(1093,'F196','CVC (50/50) 30/1 Mock Twist Rib 1x1',1,'2018-05-12 17:04:00'),
(1094,'F197','CVC (50/50) 30/1 Mock Twist Single Jersey',1,'2018-05-12 17:04:00'),
(1095,'F198','CVC (50/50) 30/1 Pique Single Jersey',1,'2018-05-12 17:04:00'),
(1096,'F199','CVC (50/50) 30/1 Rib',1,'2018-05-12 17:04:00'),
(1097,'F200','CVC (50/50) 30/1 Rib 1x1',1,'2018-05-12 17:04:00'),
(1098,'F201','CVC (50/50) 30/1 Rib 2x2',1,'2018-05-12 17:04:00'),
(1099,'F202','CVC (50/50) 30/1 Rib 3x3',1,'2018-05-12 17:04:00'),
(1100,'F203','CVC (50/50) 30/1 Rib 4x2',1,'2018-05-12 17:04:00'),
(1101,'F204','CVC (50/50) 30/1 Sakariba',1,'2018-05-12 17:04:00'),
(1102,'F205','CVC (50/50) 30/1 Single Jersey',1,'2018-05-12 17:04:00'),
(1103,'F206','CVC (50/50) 30/1 SIRO + CM 30/1 Slub Single',1,'2018-05-12 17:04:00'),
(1104,'F207','CVC (50/50) 30/1 SIRO + CVC (50/50) 30/1 Rib 1x1',1,'2018-05-12 17:04:00'),
(1105,'F208','CVC (50/50) 30/1 SIRO + CVC (50/50) 30/1 Thermal',1,'2018-05-12 17:04:00'),
(1106,'F209','CVC (50/50) 30/1 SIRO Rib',1,'2018-05-12 17:04:00'),
(1107,'F210','CVC (50/50) 30/1 SIRO Rib 1x1',1,'2018-05-12 17:04:00'),
(1108,'F211','CVC (50/50) 30/1 SIRO Single Jersey',1,'2018-05-12 17:04:00'),
(1109,'F212','CVC (50/50) 30/1 SIRO Thermal',1,'2018-05-12 17:04:00'),
(1110,'F213','CVC (50/50) 30/1 SIRO Waffle',1,'2018-05-12 17:04:00'),
(1111,'F214','CVC (50/50) 30/1 Slub Single',1,'2018-05-12 17:04:00'),
(1112,'F215','CVC (50/50) 30/1 Snow (HTR) Single Jersey',1,'2018-05-12 17:04:00'),
(1113,'F216','CVC (50/50) 30/1 Thermal',1,'2018-05-12 17:04:00'),
(1114,'F217','CVC (50/50) 30/1 Thermal Single Jersey',1,'2018-05-12 17:04:00'),
(1115,'F218','CVC (50/50) 30/1 Waffle',1,'2018-05-12 17:04:00'),
(1116,'F219','CVC (50/50) 30/2 Rib 1x1',1,'2018-05-12 17:04:00'),
(1117,'F220','CVC (50/50) 33/1  Rib 1x1',1,'2018-05-12 17:04:00'),
(1118,'F221','CVC (50/50) 33/1  Rib 2x2',1,'2018-05-12 17:04:00'),
(1119,'F222','CVC (50/50) 33/1  Single Jersey',1,'2018-05-12 17:04:00'),
(1120,'F223','CVC (50/50) 33/1 + Span20d 1*1 Rib',1,'2018-05-12 17:04:00'),
(1121,'F224','CVC (50/50) 34/1 2*2 Rib',1,'2018-05-12 17:04:00'),
(1122,'F225','CVC (50/50) 34/1 Rib 2x2',1,'2018-05-12 17:04:00'),
(1123,'F226','CVC (50/50) 34/1 Slub Single',1,'2018-05-12 17:04:00'),
(1124,'F227','CVC (50/50) 40/1 + Span20d Rib 1x1',1,'2018-05-12 17:04:00'),
(1125,'F228','CVC (50/50) 40/1 + Spand20 2*1 Rib',1,'2018-05-12 17:04:00'),
(1126,'F229','CVC (50/50) 40/1 2*1 Rib',1,'2018-05-12 17:04:00'),
(1127,'F230','CVC (50/50) 40/1 Rib',1,'2018-05-12 17:04:00'),
(1128,'F231','CVC (50/50) 40/1 Rib 1x1',1,'2018-05-12 17:04:00'),
(1129,'F232','CVC (50/50) 40/1 Single Jersey',1,'2018-05-12 17:04:00'),
(1130,'F233','CVC (50/50) 40/1 Slub Single',1,'2018-05-12 17:04:00'),
(1131,'F234','CVC (50/50) 40/1 Thermal Single Jersey',1,'2018-05-12 17:04:00'),
(1132,'F235','CVC (50/50) 40/1 Waffle',1,'2018-05-12 17:04:00'),
(1133,'F236','CVC (55/45) 20/2 Rib 1x1',1,'2018-05-12 17:04:00'),
(1134,'F237','CVC (55/45) 30/1  Single Jersey',1,'2018-05-12 17:04:00'),
(1135,'F238','CVC (55/45) 30/1 + Span20d Single Jersey',1,'2018-05-12 17:04:00'),
(1136,'F239','CVC (55/45) 40/1  Single Jersey',1,'2018-05-12 17:04:00'),
(1137,'F240','CVC (55/45) 40/1 + PE 30/1 Single Jersey',1,'2018-05-12 17:04:00'),
(1138,'F241','CVC (60/40)  30/1 SNOW Rib 2x2',1,'2018-05-12 17:04:00'),
(1139,'F242','CVC (60/40) 26/1 Rib',1,'2018-05-12 17:04:00'),
(1140,'F243','CVC (60/40) 26/1 Rib 1x1',1,'2018-05-12 17:04:00'),
(1141,'F244','CVC (60/40) 26/1 Single Jersey',1,'2018-05-12 17:04:00'),
(1142,'F245','CVC (60/40) 30/1 + CVC (60/40) 40/1 Zurry Single Jersey',1,'2018-05-12 17:04:00'),
(1143,'F246','CVC (60/40) 30/1 Rib',1,'2018-05-12 17:04:00'),
(1144,'F247','CVC (60/40) 30/1 Rib 1x1',1,'2018-05-12 17:04:00'),
(1145,'F248','CVC (60/40) 30/1 Single Jersey',1,'2018-05-12 17:04:00'),
(1146,'F249','CVC (60/40) 30/1 Zurry Single Jersey',1,'2018-05-12 17:04:00'),
(1147,'F250','CVC (60/40) 40/1  Single Jersey',1,'2018-05-12 17:04:00'),
(1148,'F251','CVC (60/40) 40/1 + Span20d Pique Single Jersey',1,'2018-05-12 17:04:00'),
(1149,'F252','CVC (70/30) 30/1 + CVC (70/30) 30/1 Zurry Single Jersey',1,'2018-05-12 17:04:00'),
(1150,'F253','CVC (70/30) 30/1 Rib 1x1',1,'2018-05-12 17:04:00'),
(1151,'F254','CVC (70/30) 30/1 Single Jersey',1,'2018-05-12 17:04:00'),
(1152,'F255','CVC (75/25) 30/1 + Supima/Modal  Single Jersey',1,'2018-05-12 17:04:00'),
(1153,'F256','CVC (75/25) 30/1 Single Jersey',1,'2018-05-12 17:04:00'),
(1154,'F257','CVC (75/25) 30/1 Slub Single',1,'2018-05-12 17:04:00'),
(1155,'F258','CVC (75/25) 40/1 Rib 1x1',1,'2018-05-12 17:04:00'),
(1156,'F259','CVC (75/25) 40/1 Single Jersey',1,'2018-05-12 17:04:00'),
(1157,'F260','CVC (83/17) 30/1 + CVC (50/50) + PE 30/1 Rib',1,'2018-05-12 17:04:00'),
(1158,'F261','CVC (83/17) 30/1 + CVC (50/50) + PE 30/1 Single Jersey',1,'2018-05-12 17:04:00'),
(1159,'F262','CVC (85/15) 30/ RS Single Jersey',1,'2018-05-12 17:04:00'),
(1160,'F263','CVC (85/15) 40/1 + Span20d Rib 1x1',1,'2018-05-12 17:04:00'),
(1161,'F264','CVC (86/14) 30/1 + Span30d Single Jersey',1,'2018-05-12 17:04:00'),
(1162,'F265','CVC (86/14) 30/1 + Supima/Micromodal 30/1 Slub Single',1,'2018-05-12 17:04:00'),
(1163,'F266','CVC (86/14) 30/1 Rib',1,'2018-05-12 17:04:00'),
(1164,'F267','CVC (86/14) 30/1 Rib 1x1',1,'2018-05-12 17:04:00'),
(1165,'F268','CVC (86/14) 30/1 Rib 2x2',1,'2018-05-12 17:04:00'),
(1166,'F269','CVC (86/14) 30/1 Single Jersey',1,'2018-05-12 17:04:00'),
(1167,'F270','CVC (86/14) 30/1 Slub Single',1,'2018-05-12 17:04:00'),
(1168,'F271','CVC (86/14) 40/1 Single Jersey',1,'2018-05-12 17:04:00'),
(1169,'F272','CVC (87/13) 30/1 Injeted  Single Jersey',1,'2018-05-12 17:04:00'),
(1170,'F273','CVC (87/13) 30/1 Injeted Mini Zurry Single Jersey',1,'2018-05-12 17:04:00'),
(1171,'F274','CVC (87/13) 30/1 Injeted Thermal Single Jersey',1,'2018-05-12 17:04:00'),
(1172,'F275','CVC (87/13) 30/1 Rib 1x1',1,'2018-05-12 17:04:00'),
(1173,'F276','CVC (87/13) 30/1 Single Jersey',1,'2018-05-12 17:04:00'),
(1174,'F277','CVC (90/10) 20/1 + CD 20/1 French Terry',1,'2018-05-12 17:04:00'),
(1175,'F278','CVC (90/10) 20/1 + CM 20/1 STRIPE Single Jersey',1,'2018-05-12 17:04:00'),
(1176,'F279','CVC (90/10) 20/1 Rib',1,'2018-05-12 17:04:00'),
(1177,'F280','CVC (90/10) 20/1 Rib 2x2',1,'2018-05-12 17:04:00'),
(1178,'F281','CVC (90/10) 20/1 Single Jersey',1,'2018-05-12 17:04:00'),
(1179,'F282','CVC (90/10) 30/1  French Terry',1,'2018-05-12 17:04:00'),
(1180,'F283','CVC (90/10) 30/1  Rib 1x1',1,'2018-05-12 17:04:00'),
(1181,'F284','CVC (90/10) 30/1  Rib 2x2',1,'2018-05-12 17:04:00'),
(1182,'F285','CVC (90/10) 30/1  Single Jersey',1,'2018-05-12 17:04:00'),
(1183,'F286','CVC (90/10) 30/1 + Span20d Single Jersey',1,'2018-05-12 17:04:00'),
(1184,'F287','CVC (90/10) 40/1 + Span20d Rib 1x1',1,'2018-05-12 17:04:00'),
(1185,'F288','CVC + CM + CM 30/1 Slub Single',1,'2018-05-12 17:04:00'),
(1186,'F289','CVC 18 + CD (50/50) Single Jersey',1,'2018-05-12 17:04:00'),
(1187,'F290','CVC 20/1 French Terry Single Jersey',1,'2018-05-12 17:04:00'),
(1188,'F291','CVC 28/1 (86/14) French Terry Single Jersey',1,'2018-05-12 17:04:00'),
(1189,'F292','CVC 30/1 + CVC (86/14) Single Jersey',1,'2018-05-12 17:04:00'),
(1190,'F293','CVC 30/1 + CVC 28/1 Single Jersey',1,'2018-05-12 17:04:00'),
(1191,'F294','CVC 30/1 + CVC 30/1 Mini Zurry',1,'2018-05-12 17:04:00'),
(1192,'F295','CVC 30/1 + CVC 30/1 Single Jersey',1,'2018-05-12 17:04:00'),
(1193,'F296','CVC 30/1 + CVC 30/1 Slub Single',1,'2018-05-12 17:04:00'),
(1194,'F297','CVC 30/1 + CVC 40/1 French Terry',1,'2018-05-12 17:04:00'),
(1195,'F298','CVC 30/1 + CVC 40/1 Rib',1,'2018-05-12 17:04:00'),
(1196,'F299','CVC 30/1 + CVC 40/1 Rib 1x1',1,'2018-05-12 17:04:00'),
(1197,'F300','CVC 30/1 + PE 70/72F Slub Single',1,'2018-05-12 17:04:00'),
(1198,'F301','CVC 30/1 + Span20d Rib 1x1',1,'2018-05-12 17:04:00'),
(1199,'F302','CVC 30/1 + Span20d Single Jersey',1,'2018-05-12 17:04:00'),
(1200,'F303','CVC 30/1 + Span20d Slub Single',1,'2018-05-12 17:04:00'),
(1201,'F304','CVC 30/1 + Span30d Mini Zurry',1,'2018-05-12 17:04:00'),
(1202,'F305','CVC 30/1 + Span30d Rib 1x1',1,'2018-05-12 17:04:00'),
(1203,'F306','CVC 30/1 + Span30d Single Jersey',1,'2018-05-12 17:04:00'),
(1204,'F307','CVC 30/1 + Span30d Slub Single',1,'2018-05-12 17:04:00'),
(1205,'F308','CVC 30/1 + T/C (85/15) 30/1  Single Jersey',1,'2018-05-12 17:04:00'),
(1206,'F309','CVC 30/1 + T/C (86/14) 30/1 Single Jersey',1,'2018-05-12 17:04:00'),
(1207,'F310','CVC 30/1 +CVC 30/1 +CVC 20/1 Mini Zurry',1,'2018-05-12 17:04:00'),
(1208,'F311','CVC 30/1 +Span30d 2*1 Rib',1,'2018-05-12 17:04:00'),
(1209,'F312','CVC 30/1 2*2 Rib',1,'2018-05-12 17:04:00'),
(1210,'F313','CVC 30/1 Burnout Single Jersey',1,'2018-05-12 17:04:00'),
(1211,'F314','CVC 30/1 French Terry Single Jersey',1,'2018-05-12 17:04:00'),
(1212,'F315','CVC 30/1 SIRO + CVC 30/1 Rib',1,'2018-05-12 17:04:00'),
(1213,'F316','CVC 30/1 SIRO + CVC 30/1 Single Jersey',1,'2018-05-12 17:04:00'),
(1214,'F317','CVC 30/1 SIRO + CVC 30/1 Slub Single',1,'2018-05-12 17:04:00'),
(1215,'F318','CVC 30/1 SIRO + PE 30/1 Rib',1,'2018-05-12 17:04:00'),
(1216,'F319','CVC 30/1 SIRO + PE 30/1 Slub Single',1,'2018-05-12 17:04:00'),
(1217,'F320','CVC 30/1 Vintage Slub Single',1,'2018-05-12 17:04:00'),
(1218,'F321','CVC 30/1 Waffle Single Jersey',1,'2018-05-12 17:04:00'),
(1219,'F322','CVC 40/1  + Span30d Single Jersey',1,'2018-05-12 17:04:00'),
(1220,'F323','CVC 40/1 + CVC 30/1 Zurry Single Jersey',1,'2018-05-12 17:04:00'),
(1221,'F324','CVC 40/1 + PE 20/1 M Zurry Single Jersey',1,'2018-05-12 17:04:00'),
(1222,'F325','CVC 40/1 + Span20d Rib',1,'2018-05-12 17:04:00'),
(1223,'F326','CVC 40/1 + Span20d Rib 1x1',1,'2018-05-12 17:04:00'),
(1224,'F327','CVC 40/1 + Span20d Rib 2x2',1,'2018-05-12 17:04:00'),
(1225,'F328','CVC 40/1 + Span20d Single Jersey',1,'2018-05-12 17:04:00'),
(1226,'F329','CVC 40/1 + Span20d Waffle Single Jersey',1,'2018-05-12 17:04:00'),
(1227,'F330','CVC 40/1 +PE 20/1 Mini Zurry Single Jersey',1,'2018-05-12 17:04:00'),
(1228,'F331','CVC 40/1 +Supima 50/1 DUO Single Jersey',1,'2018-05-12 17:04:00'),
(1229,'F332','CVC 40/1 Mesh Single Jersey',1,'2018-05-12 17:04:00'),
(1230,'F333','CVC 50/1 + Spand20 2*1 Rib',1,'2018-05-12 17:04:00'),
(1231,'F334','Double Betton Stripe Single Jersey',1,'2018-05-12 17:04:00'),
(1232,'F335','Honey Tiger  Rib 2x2',1,'2018-05-12 17:04:00'),
(1233,'F336','Honey Tiger  Single Jersey',1,'2018-05-12 17:04:00'),
(1234,'F337','Hudson Tiger Rib',1,'2018-05-12 17:04:00'),
(1235,'F338','M.Modal 40/1 + CVC 30/1 + Span20d Mini Single Jersey',1,'2018-05-12 17:04:00'),
(1236,'F339','M.Modal 40/1 + CVC 30/1 + Span20d Mini Slub Single',1,'2018-05-12 17:04:00'),
(1237,'F340','M.Modal 40/1 + Span20d Rib 2x2',1,'2018-05-12 17:04:00'),
(1238,'F341','M.Modal 40/1 + Span20d Single Jersey',1,'2018-05-12 17:04:00'),
(1239,'F342','M.Modal 40/1 AIR + CVC 30/1 + Span20d Single Jersey',1,'2018-05-12 17:04:00'),
(1240,'F343','M/Modal 30/1 + M/Modal 30/1 + Spn30d Single Jersey',1,'2018-05-12 17:04:00'),
(1241,'F344','M/Modal 30/1 + M/Modal 30/1 Single Jersey',1,'2018-05-12 17:04:00'),
(1242,'F345','M/Modal 30/1 + M/P 30/1 Single Jersey',1,'2018-05-12 17:04:00'),
(1243,'F346','M/Modal 30/1 + M/T (50/50) 30/1 + Span20d Single Jersey',1,'2018-05-12 17:04:00'),
(1244,'F347','M/Modal 30/1 +CM 30/1 Single Jersey',1,'2018-05-12 17:04:00'),
(1245,'F348','M/P (50/50) 30/1 + M/P (50/50) 30/1 + Span30d Single Jersey',1,'2018-05-12 17:04:00'),
(1246,'F349','M/P (50/50) 30/1 + Modal 30 Single Jersey',1,'2018-05-12 17:04:00'),
(1247,'F350','M/P (50/50) 40/1 + Modal  Rib',1,'2018-05-12 17:04:00'),
(1248,'F351','M/P 30/1 + M/Modal 30/1 Single Jersey',1,'2018-05-12 17:04:00'),
(1249,'F352','M/P 30/1 + M/P 30/1 + Span20d Slub Single',1,'2018-05-12 17:04:00'),
(1250,'F353','M/Poly + P/Modal Single Jersey',1,'2018-05-12 17:04:00'),
(1251,'F354','Micromodal 30/1  Single Jersey',1,'2018-05-12 17:04:00'),
(1252,'F355','Micromodal 30/1 + CM 30/1 Single Jersey',1,'2018-05-12 17:04:00'),
(1253,'F356','Micromodal 30/1 + Span20d Single Jersey',1,'2018-05-12 17:04:00'),
(1254,'F357','Micromodal 30/1 + Span30d  Single Jersey',1,'2018-05-12 17:04:00'),
(1255,'F358','Micromodal 30/1 + Span70d Single Jersey',1,'2018-05-12 17:04:00'),
(1256,'F359','Micromodal 30/1 +PE 30/1 +Span30d Single Jersey',1,'2018-05-12 17:04:00'),
(1257,'F360','Micromodal 30/1 +Pe 30/1 Single Jersey',1,'2018-05-12 17:04:00'),
(1258,'F361','Micromodal 40/1 + Span20d Single Jersey',1,'2018-05-12 17:04:00'),
(1259,'F362','Micromodal 40/1 Airjet Single Jersey',1,'2018-05-12 17:04:00'),
(1260,'F363','Micromodal/Supima (52/48) 40/1 Single Jersey',1,'2018-05-12 17:04:00'),
(1261,'F364','Micromodal/Supima (70/30) 30/1  Single Jersey',1,'2018-05-12 17:04:00'),
(1262,'F365','Micromodal/Supima (70/30) 40/1 Single Jersey',1,'2018-05-12 17:04:00'),
(1263,'F366','Microtencel 20/1 Single Jersey',1,'2018-05-12 17:04:00'),
(1264,'F367','Microtencel 28/1 Single Jersey',1,'2018-05-12 17:04:00'),
(1265,'F368','Microtencel 28/1 Slub Single',1,'2018-05-12 17:04:00'),
(1266,'F369','Microtencel 30/1 + Span20d Pique Single Jersey',1,'2018-05-12 17:04:00'),
(1267,'F370','Microtencel 30/1 + Span30d Single Jersey',1,'2018-05-12 17:04:00'),
(1268,'F371','Microtencel 30/1 Rib',1,'2018-05-12 17:04:00'),
(1269,'F372','Microtencel 30/1 Rib 1x1',1,'2018-05-12 17:04:00'),
(1270,'F373','Microtencel 30/1 Single Jersey',1,'2018-05-12 17:04:00'),
(1271,'F374','Modal + Spander (95/05) Rib 2x1',1,'2018-05-12 17:04:00'),
(1272,'F375','Modal + Spander (95/05) Rib 2x2',1,'2018-05-12 17:04:00'),
(1273,'F376','Modal 24/1 + PE 75/72 + Span40d Damboru',1,'2018-05-12 17:04:00'),
(1274,'F377','Modal 24/1 + Span70d Single Jersey',1,'2018-05-12 17:04:00'),
(1275,'F378','Modal 30/1  Single Jersey',1,'2018-05-12 17:04:00'),
(1276,'F379','Modal 30/1 + Span20d Single Jersey',1,'2018-05-12 17:04:00'),
(1277,'F380','Modal 30/1 + Span30d Single Jersey',1,'2018-05-12 17:04:00'),
(1278,'F381','Modal 30/1 + Span70d Single Jersey',1,'2018-05-12 17:04:00'),
(1279,'F382','Modal 40/1 + Span20d Airjet Single Jersey',1,'2018-05-12 17:04:00'),
(1280,'F383','Modal 40/1 + Span20d Rib 1x1',1,'2018-05-12 17:04:00'),
(1281,'F384','Modal 40/1 + Span20d Single Jersey',1,'2018-05-12 17:04:00'),
(1282,'F385','Modal 40/1 + Span30d Single Jersey',1,'2018-05-12 17:04:00'),
(1283,'F386','Modal/Pima (52/48) 40/1 + Modal/Pima (52/48) 40/1 Single Jersey',1,'2018-05-12 17:04:00'),
(1284,'F387','Modal/Pima (52/48) 40/1 + Span20d Rib 1x1',1,'2018-05-12 17:04:00'),
(1285,'F388','Modal/Pima (52/48) 40/1 + Span20d Single Jersey',1,'2018-05-12 17:04:00'),
(1286,'F389','Modal/Poly (50/50) 30/1 + Span30d French Terry',1,'2018-05-12 17:04:00'),
(1287,'F390','Modal/Poly (50/50) 30/1 + Span30d Single Jersey',1,'2018-05-12 17:04:00'),
(1288,'F391','Modal/Poly (50/50) 40/1 + Span20d Rib',1,'2018-05-12 17:04:00'),
(1289,'F392','Modal/Poly (50/50) 40/1 + Span20d Single Jersey',1,'2018-05-12 17:04:00'),
(1290,'F393','Modal/Poly (70/30) 30/1 + PE 75/72 Single Jersey',1,'2018-05-12 17:04:00'),
(1291,'F394','Modal/Poly (70/30) 30/1 + Span20d Single Jersey',1,'2018-05-12 17:04:00'),
(1292,'F395','Modal/Poly (70/30) 30/1 + Span30d Single Jersey',1,'2018-05-12 17:04:00'),
(1293,'F396','Modal/Poly (70/30) 30/1 Rib 1x1',1,'2018-05-12 17:04:00'),
(1294,'F397','Modal/Poly (70/30) 30/1 Single Jersey',1,'2018-05-12 17:04:00'),
(1295,'F398','Modal/Poly (70/30) 30/1 Slub Single',1,'2018-05-12 17:04:00'),
(1296,'F399','Modal/Poly (95/05) 40/1 + Span30d Single Jersey',1,'2018-05-12 17:04:00'),
(1297,'F400','Modal/Poly (95/05) 40/1 + Span30d Slub Single',1,'2018-05-12 17:04:00'),
(1298,'F401','Modal/Poly (BLack) 40/1 + Span30d Single Jersey',1,'2018-05-12 17:04:00'),
(1299,'F402','Modal/Poly 30/1 + Modal/Poly 30/1 + Span20d Single Jersey',1,'2018-05-12 17:04:00'),
(1300,'F403','Modal/Poly 30/1 + Modal/Poly 30/1 Single Jersey',1,'2018-05-12 17:04:00'),
(1301,'F404','Modal/Poly 30/1 + Modal/Poly 30/1 Slub Single',1,'2018-05-12 17:04:00'),
(1302,'F405','Modal/Poly 30/1 + PE 30/1 Slub Single',1,'2018-05-12 17:04:00'),
(1303,'F406','Modal/Poly 30/1 + Span20d MVS Single Jersey',1,'2018-05-12 17:04:00'),
(1304,'F407','Modal/Poly 30/1 + Span70d Single Jersey',1,'2018-05-12 17:04:00'),
(1305,'F408','Modal/Poly 40/1 + PE 100d/10 Single Jersey',1,'2018-05-12 17:04:00'),
(1306,'F409','Non Brushed Rib 2x2',1,'2018-05-12 17:04:00'),
(1307,'F410','nou Brushed tiger Rib 2x2',1,'2018-05-12 17:04:00'),
(1308,'F411','nou Brushed tiger Single Jersey',1,'2018-05-12 17:04:00'),
(1309,'F412','P/MA/Poly (86/14) 60/2 Rib',1,'2018-05-12 17:04:00'),
(1310,'F413','P/MA/Poly (86/14) 60/2 Single Jersey',1,'2018-05-12 17:04:00'),
(1311,'F414','P/R (50/50) 30/1 Single Jersey',1,'2018-05-12 17:04:00'),
(1312,'F415','P26 + R74 SLUB Rib 2x2',1,'2018-05-12 17:04:00'),
(1313,'F416','PE 100/192 + Span30d Single Jersey',1,'2018-05-12 17:04:00'),
(1314,'F417','PE 150/132 + P/T 40/1 + Span30d Single Jersey',1,'2018-05-12 17:04:00'),
(1315,'F418','PE 150/132F  Single Jersey',1,'2018-05-12 17:04:00'),
(1316,'F419','PE 150/144 + Span70d Single Jersey',1,'2018-05-12 17:04:00'),
(1317,'F420','PE 150/96  Pique',1,'2018-05-12 17:04:00'),
(1318,'F421','PE 150/96  Single Jersey',1,'2018-05-12 17:04:00'),
(1319,'F422','PE 150/96 + Span70d Single Jersey',1,'2018-05-12 17:04:00'),
(1320,'F423','PE 150/96+150/136 Cathionic + Tencel Single Jersey',1,'2018-05-12 17:04:00'),
(1321,'F424','PE 150D/96F + CM 30/1 + CM 30/1  Single Jersey',1,'2018-05-12 17:04:00'),
(1322,'F425','PE 150D/96F + CM 30/1 + CM 30/1  Slub Single',1,'2018-05-12 17:04:00'),
(1323,'F426','PE 150D/96F + CM 30/1 + PE 150D/96F + CM 30/1 Slub Single',1,'2018-05-12 17:04:00'),
(1324,'F427','PE 150D/96F + T/C 30/1 + PE 150D/96F + CVC 30/1 SIRO Single Jersey',1,'2018-05-12 17:04:00'),
(1325,'F428','PE 156/136 Cathionic Single Jersey',1,'2018-05-12 17:04:00'),
(1326,'F429','PE 20/1 Single Jersey',1,'2018-05-12 17:04:00'),
(1327,'F430','PE 200/192  Single Jersey',1,'2018-05-12 17:04:00'),
(1328,'F431','PE 22 + RAYON 78 Single Jersey',1,'2018-05-12 17:04:00'),
(1329,'F432','PE 30/1  Single Jersey',1,'2018-05-12 17:04:00'),
(1330,'F433','PE 30/1  Slub Single',1,'2018-05-12 17:04:00'),
(1331,'F434','PE 30/1 + CVC (55/45) 40/1 Single Jersey',1,'2018-05-12 17:04:00'),
(1332,'F435','PE 30/1 + Triblend 30/1 Single Jersey',1,'2018-05-12 17:04:00'),
(1333,'F436','PE 30/1 + Triblend 30/1 Slub Single',1,'2018-05-12 17:04:00'),
(1334,'F437','PE 30/1 +Span20d Pique',1,'2018-05-12 17:04:00'),
(1335,'F438','PE 30/1 +Span20d Single Jersey',1,'2018-05-12 17:04:00'),
(1336,'F439','PE 30/1 +Span30d Single Jersey',1,'2018-05-12 17:04:00'),
(1337,'F440','PE 40/1 +Span2d Rib 2x2',1,'2018-05-12 17:04:00'),
(1338,'F441','PE 40/1 +Span2d Single Jersey',1,'2018-05-12 17:04:00'),
(1339,'F442','PE 62 + Rayon 33 + Span5d Single Jersey',1,'2018-05-12 17:04:00'),
(1340,'F443','PE 70/72 Baby Pointel',1,'2018-05-12 17:04:00'),
(1341,'F444','PE 70/72 Interlock',1,'2018-05-12 17:04:00'),
(1342,'F445','PE 70/72 Yoko',1,'2018-05-12 17:04:00'),
(1343,'F446','PE 75/72  Baby Pointel',1,'2018-05-12 17:04:00'),
(1344,'F447','PE 75/72  Interlock',1,'2018-05-12 17:04:00'),
(1345,'F448','PE 75/72  Rib 1x1',1,'2018-05-12 17:04:00'),
(1346,'F449','PE 75/72  Single Jersey',1,'2018-05-12 17:04:00'),
(1347,'F450','PE 75/72  Yoko',1,'2018-05-12 17:04:00'),
(1348,'F451','PE 75/72 + CM 40/1 Drop Needle',1,'2018-05-12 17:04:00'),
(1349,'F452','PE 75/72 + CM 40/1 Drop Niddle Single Jersey',1,'2018-05-12 17:04:00'),
(1350,'F453','PE 75/72 + Span30d Rib 1x1',1,'2018-05-12 17:04:00'),
(1351,'F454','PE 75/72 + Span30d Single Jersey',1,'2018-05-12 17:04:00'),
(1352,'F455','PE 75/72 Interlock Rib 1x1',1,'2018-05-12 17:04:00'),
(1353,'F456','PE 75/72 Interlock Single Jersey',1,'2018-05-12 17:04:00'),
(1354,'F457','PE 75/72 MESH Single Jersey',1,'2018-05-12 17:04:00'),
(1355,'F458','PE 75/72F + Span20d Mesh Single Jersey',1,'2018-05-12 17:04:00'),
(1356,'F459','PE/Cathion (50/50) 15/132 Single Jersey',1,'2018-05-12 17:04:00'),
(1357,'F460','PE/RAYON + SPANDEX (Galleta) Thermal',1,'2018-05-12 17:04:00'),
(1358,'F461','PE/RAYON +SPANDEX BRUSH Rib 2x2',1,'2018-05-12 17:04:00'),
(1359,'F462','PE+Rayon Hot Skin Brush  Rib 2x2',1,'2018-05-12 17:04:00'),
(1360,'F463','PE+Rayon Hot Skin Brush  Single Jersey',1,'2018-05-12 17:04:00'),
(1361,'F464','Pima/M.Modal 50/1 Single Jersey',1,'2018-05-12 17:04:00'),
(1362,'F465','Pima/Poly 50/1 Single Jersey',1,'2018-05-12 17:04:00'),
(1363,'F466','Pima/Tencel (50/50) 40/1 + Span30d Single Jersey',1,'2018-05-12 17:04:00'),
(1364,'F467','Pima/Tencel (50/50) 40/1 Single Jersey',1,'2018-05-12 17:04:00'),
(1365,'F468','Poly 150/96 + Poly 30/1 + Span20d Mesh Single Jersey',1,'2018-05-12 17:04:00'),
(1366,'F469','Poly 30/1 + Span30d  Single Jersey',1,'2018-05-12 17:04:00'),
(1367,'F470','Poly/Cott/Modal 30/1 Single Jersey',1,'2018-05-12 17:04:00'),
(1368,'F471','Poly/Modal (70/30) 26/1 Slub Single',1,'2018-05-12 17:04:00'),
(1369,'F472','Poly/Modal (70/30) 28/1 Slub Single',1,'2018-05-12 17:04:00'),
(1370,'F473','Poly/Modal (70/30) 30/1 + Spand20 Slub Single',1,'2018-05-12 17:04:00'),
(1371,'F474','Poly/Modal 28/1 Slub Single',1,'2018-05-12 17:04:00'),
(1372,'F475','Poly/Modal 30/1 Single Jersey',1,'2018-05-12 17:04:00'),
(1373,'F476','Poly/Modal 30/1 Slub Single',1,'2018-05-12 17:04:00'),
(1374,'F477','Poly/Rayon 30/1 Unen Single Jersey',1,'2018-05-12 17:04:00'),
(1375,'F478','Poly/Tencel 40/1 + PE 150 Cathioni Single Jersey',1,'2018-05-12 17:04:00'),
(1376,'F479','Poly/Tencel 40/1 + PE 150 Cathionic Single Jersey',1,'2018-05-12 17:04:00'),
(1377,'F480','R/P (86/14) 30/1 + Span30d Single Jersey',1,'2018-05-12 17:04:00'),
(1378,'F481','R/P + SPANDEX 9*4 Rib',1,'2018-05-12 17:04:00'),
(1379,'F482','R/P + SPANDEX 9*4 Rib 2x2',1,'2018-05-12 17:04:00'),
(1380,'F483','R/T (30/95/05) + Spand20 Single Jersey',1,'2018-05-12 17:04:00'),
(1381,'F484','R/T (75/25) 30/1 + Span30d Single Jersey',1,'2018-05-12 17:04:00'),
(1382,'F485','R/T (86/14) 30/1 + Span20d Single Jersey',1,'2018-05-12 17:04:00'),
(1383,'F486','R/T (86/14) 30/1 + Span30D Single Jersey',1,'2018-05-12 17:04:00'),
(1384,'F487','R/T (86/14) 30/1 + Spand30 Rib 2x1',1,'2018-05-12 17:04:00'),
(1385,'F488','R/T (86/14) 30/1 + Spand30 Single Jersey',1,'2018-05-12 17:04:00'),
(1386,'F489','R/T (95/05) 30/1 + Spand20 Single Jersey',1,'2018-05-12 17:04:00'),
(1387,'F490','R/T (95/5) 30/1 HTR Single Jersey',1,'2018-05-12 17:04:00'),
(1388,'F491','R/T 30/1 (86/14) + Span20d Single Jersey',1,'2018-05-12 17:04:00'),
(1389,'F492','Rayon (86/14) 30/1 + Span30d Single Jersey',1,'2018-05-12 17:04:00'),
(1390,'F493','Rayon (95/05) 30/1 + Span30d Single Jersey',1,'2018-05-12 17:04:00'),
(1391,'F494','Rayon /Poly + spadex Rib',1,'2018-05-12 17:04:00'),
(1392,'F495','Rayon /Poly + spadex Thermal',1,'2018-05-12 17:04:00'),
(1393,'F496','Rayon + PE + Modal Single Jersey',1,'2018-05-12 17:04:00'),
(1394,'F497','Rayon 30 + Span30d Rib 2x1',1,'2018-05-12 17:04:00'),
(1395,'F498','Rayon 30 + Span30d Rib 4x2',1,'2018-05-12 17:04:00'),
(1396,'F499','Rayon 30 + Span30d Single Jersey',1,'2018-05-12 17:04:00'),
(1397,'F500','Rayon 30 + Span30d Slub Single',1,'2018-05-12 17:04:00'),
(1398,'F501','Rayon 30/1 + Span70d Single Jersey',1,'2018-05-12 17:04:00'),
(1399,'F502','Rayon 30/1 + Spand 20d Single Jersey',1,'2018-05-12 17:04:00'),
(1400,'F503','Rayon 30/1 +Poly/Modal 30/1 Single Jersey',1,'2018-05-12 17:04:00'),
(1401,'F504','Rayon 30/1 +Rayon 30/1 + Spand30 Single Jersey',1,'2018-05-12 17:04:00'),
(1402,'F505','Rayon 30/1 Rib 1x1',1,'2018-05-12 17:04:00'),
(1403,'F506','Rayon 30/1 Single Jersey',1,'2018-05-12 17:04:00'),
(1404,'F507','Rayon 40 + Span20d Single Jersey',1,'2018-05-12 17:04:00'),
(1405,'F508','Rayon 40 + Span20d Slub Single',1,'2018-05-12 17:04:00'),
(1406,'F509','Rayon 40/1 + PE 30/1 + Span20d Single Jersey',1,'2018-05-12 17:04:00'),
(1407,'F510','Rayon 40/1 + Span20d 2*1 Rib',1,'2018-05-12 17:04:00'),
(1408,'F511','Rayon 40/1 + Span20d French Terry Single Jersey',1,'2018-05-12 17:04:00'),
(1409,'F512','Rayon 40/1 + Spand 30 Single Jersey',1,'2018-05-12 17:04:00'),
(1410,'F513','Rayon 40/1 Siro + Span20d Single Jersey',1,'2018-05-12 17:04:00'),
(1411,'F514','Rayon/Cotton (80/20) 40/1 + Span20d  Rib 2x2',1,'2018-05-12 17:04:00'),
(1412,'F515','Rayon/Cotton (80/20) 40/1 + Span20d Slub Single',1,'2018-05-12 17:04:00'),
(1413,'F516','Rayon/Cotton 40/1 (80/20) + Span30d 2*1 Rib',1,'2018-05-12 17:04:00'),
(1414,'F517','Rayon/Modal 30/1 Single Jersey',1,'2018-05-12 17:04:00'),
(1415,'F518','Rayon/Poly (75/25) 30/1 + Span30d French Terry',1,'2018-05-12 17:04:00'),
(1416,'F519','Rayon/Poly (86/14) 30/1 + Poly/modal 70/30 30/1 Single Jersey',1,'2018-05-12 17:04:00'),
(1417,'F520','Rayon/Poly (86/14) 30/1 + Span30d Single Jersey',1,'2018-05-12 17:04:00'),
(1418,'F521','Rayon/Poly 30/1 HTR Slub Single',1,'2018-05-12 17:04:00'),
(1419,'F522','Sunset Snit Slub Single',1,'2018-05-12 17:04:00'),
(1420,'F523','Supima 20/1 Single Jersey',1,'2018-05-12 17:04:00'),
(1421,'F524','Supima 30/1 + Rayon 30/1 M/Zurry Single Jersey',1,'2018-05-12 17:04:00'),
(1422,'F525','Supima 30/1 + Span30d Single Jersey',1,'2018-05-12 17:04:00'),
(1423,'F526','Supima 30/1 + Tencel 40/1 + Rayon Single Jersey',1,'2018-05-12 17:04:00'),
(1424,'F527','Supima 30/1 Rib 1x1',1,'2018-05-12 17:04:00'),
(1425,'F528','Supima 30/1 Single Jersey',1,'2018-05-12 17:04:00'),
(1426,'F529','Supima 30/1 Slub Single',1,'2018-05-12 17:04:00'),
(1427,'F530','Supima 40/1 +Span20d Rib 1x1',1,'2018-05-12 17:04:00'),
(1428,'F531','Supima 40/1 +Span20d Single Jersey',1,'2018-05-12 17:04:00'),
(1429,'F532','Supima 40/1 AIR JET + Span30d Single Jersey',1,'2018-05-12 17:04:00'),
(1430,'F533','Supima 40/1 AIR JET Single Jersey',1,'2018-05-12 17:04:00'),
(1431,'F534','Supima 40/1 Interlock Single Jersey',1,'2018-05-12 17:04:00'),
(1432,'F535','Supima 40/1 Rib',1,'2018-05-12 17:04:00'),
(1433,'F536','Supima 40/1 Rib 1x1',1,'2018-05-12 17:04:00'),
(1434,'F537','Supima 40/1 Single Jersey',1,'2018-05-12 17:04:00'),
(1435,'F538','Supima 40/1 Slub Single',1,'2018-05-12 17:04:00'),
(1436,'F539','Supima 40/2  Single Jersey',1,'2018-05-12 17:04:00'),
(1437,'F540','Supima 50/1 Interlock Single Jersey',1,'2018-05-12 17:04:00'),
(1438,'F541','Supima 50/1 Single Jersey',1,'2018-05-12 17:04:00'),
(1439,'F542','Supima 60/1 + Span30d Single Jersey',1,'2018-05-12 17:04:00'),
(1440,'F543','Supima 60/2  Rib',1,'2018-05-12 17:04:00'),
(1441,'F544','Supima 60/2  Single Jersey',1,'2018-05-12 17:04:00'),
(1442,'F545','Supima/Micromodal 30/1 + Span20d Rib 2x2',1,'2018-05-12 17:04:00'),
(1443,'F546','Supima/Micromodal 30/1 + Span20d Single Jersey',1,'2018-05-12 17:04:00'),
(1444,'F547','Supima/Micromodal 30/1 + Span30d Mini Zurry',1,'2018-05-12 17:04:00'),
(1445,'F548','Supima/Micromodal 30/1 + Span30d Single Jersey',1,'2018-05-12 17:04:00'),
(1446,'F549','Supima/Micromodal 40/1 + Span20d 2*1 Rib',1,'2018-05-12 17:04:00'),
(1447,'F550','Supima/Micromodal 40/1 + Span20d French Terry Single Jersey',1,'2018-05-12 17:04:00'),
(1448,'F551','Supima/Micromodal 40/1 + Span20d Rib',1,'2018-05-12 17:04:00'),
(1449,'F552','Supima/Micromodal 40/1 + Span20d Single Jersey',1,'2018-05-12 17:04:00'),
(1450,'F553','Supima/Micromodal 40/1 + Span30d Single Jersey',1,'2018-05-12 17:04:00'),
(1451,'F554','Supima/MModal + CVC (86/14) + Luxex Single Jersey',1,'2018-05-12 17:04:00'),
(1452,'F555','Supima/Modal (50/50) 28/1 Single Jersey',1,'2018-05-12 17:04:00'),
(1453,'F556','Supima/Modal (50/50) 28/1 Slub Single',1,'2018-05-12 17:04:00'),
(1454,'F557','Supima/Modal (50/50) 30/1 + Span70d Zurry Single Jersey',1,'2018-05-12 17:04:00'),
(1455,'F558','Supima/Modal (50/50) 40/1 + Supima/Modal (50/50) 40/1 Single Jersey',1,'2018-05-12 17:04:00'),
(1456,'F559','Supima/Modal (50/50) 40/1 Interlock Single Jersey',1,'2018-05-12 17:04:00'),
(1457,'F560','Supima/Modal (50/50) 40/1 Interlock Slub Single',1,'2018-05-12 17:04:00'),
(1458,'F561','Supima/Modal (52/48) 40/1 Single Jersey',1,'2018-05-12 17:04:00'),
(1459,'F562','Supima/Modal 20/1 Single Jersey',1,'2018-05-12 17:04:00'),
(1460,'F563','Supima/Modal 24/1 Single Jersey',1,'2018-05-12 17:04:00'),
(1461,'F564','Supima/Modal 26/1 + Poly 26/1 Slub Single',1,'2018-05-12 17:04:00'),
(1462,'F565','Supima/Modal 30/1 + PE 30/1 Single Jersey',1,'2018-05-12 17:04:00'),
(1463,'F566','Supima/Modal 30/1 + PE 30/1 Slub Single',1,'2018-05-12 17:04:00'),
(1464,'F567','Supima/Modal 30/1 + Span30d Zurry Single Jersey',1,'2018-05-12 17:04:00'),
(1465,'F568','Supima/Modal 30/1 Rib 1x1',1,'2018-05-12 17:04:00'),
(1466,'F569','Supima/Modal 30/1 Single Jersey',1,'2018-05-12 17:04:00'),
(1467,'F570','Supima/Modal 30/1 Slub Single',1,'2018-05-12 17:04:00'),
(1468,'F571','Supima/modal 34/1 Single Jersey',1,'2018-05-12 17:04:00'),
(1469,'F572','Supima/Modal 40/1 + Span30d French Terry Single Jersey',1,'2018-05-12 17:04:00'),
(1470,'F573','Supima/Modal 40/1 + Span40d  Rib',1,'2018-05-12 17:04:00'),
(1471,'F574','Supima/Modal 40/1 + Supima Rib 2x1',1,'2018-05-12 17:04:00'),
(1472,'F575','Supima/Modal 40/1 + Supima Single Jersey',1,'2018-05-12 17:04:00'),
(1473,'F576','Supima/Modal 40/1 Interlock',1,'2018-05-12 17:04:00'),
(1474,'F577','Supima/Modal 40/1 Rib 1x1',1,'2018-05-12 17:04:00'),
(1475,'F578','Supima/Modal 40/1 Single Jersey',1,'2018-05-12 17:04:00'),
(1476,'F579','Supima/Modal 40/1 Slub Single',1,'2018-05-12 17:04:00'),
(1477,'F580','Supima/Modal30/1 + CM30/1 + PE 100/96D + Span30d Single Jersey',1,'2018-05-12 17:04:00'),
(1478,'F581','T/C (65/35) 40/1 Single Jersey',1,'2018-05-12 17:04:00'),
(1479,'F582','T/C (70/30) 20/1  Rib 1x1',1,'2018-05-12 17:04:00'),
(1480,'F583','T/C (70/30) 20/1  Single Jersey',1,'2018-05-12 17:04:00'),
(1481,'F584','T/C (70/30) 30/1  Rib 1x1',1,'2018-05-12 17:04:00'),
(1482,'F585','T/C (70/30) 30/1  Single Jersey',1,'2018-05-12 17:04:00'),
(1483,'F586','T/C (70/30) 30/1 SHARRY #7427 Rib 1x1',1,'2018-05-12 17:04:00'),
(1484,'F587','T/C (70/30) 30/1 SHARRY #7427 Rib 2x2',1,'2018-05-12 17:04:00'),
(1485,'F588','T/C (75/25) 30/1 + CVC (50/50) 30/1 SIRO Slub Single',1,'2018-05-12 17:04:00'),
(1486,'F589','T/C (75/25) 30/1 + Span30d Thermal',1,'2018-05-12 17:04:00'),
(1487,'F590','T/C (75/25) 30/1 Rib',1,'2018-05-12 17:04:00'),
(1488,'F591','T/C (75/25) 30/1 Single Jersey',1,'2018-05-12 17:04:00'),
(1489,'F592','T/C (75/25) 30/1 Thermal',1,'2018-05-12 17:04:00'),
(1490,'F593','T/C (80/20) 30/1 + PE 30/1 Rib',1,'2018-05-12 17:04:00'),
(1491,'F594','T/C (80/20) 30/1 + PE 30/1 Slub Single',1,'2018-05-12 17:04:00'),
(1492,'F595','T/C (80/20) 30/1 Single Jersey',1,'2018-05-12 17:04:00'),
(1493,'F596','T/C (84/16) 28/1 Single Jersey',1,'2018-05-12 17:04:00'),
(1494,'F597','T/C (85/15) + PE 30/1 Rib 1x1',1,'2018-05-12 17:04:00'),
(1495,'F598','T/C (85/15) + PE 30/1 Single Jersey',1,'2018-05-12 17:04:00'),
(1496,'F599','T/C (85/15) + PE 30/1 Slub Single',1,'2018-05-12 17:04:00'),
(1497,'F600','T/C (85/15) 30/1 + CVC (55/45) 40/1 Single Jersey',1,'2018-05-12 17:04:00'),
(1498,'F601','T/C (85/15) 30/1 Single Jersey',1,'2018-05-12 17:04:00'),
(1499,'F602','T/C (86/14) 28/1 Single Jersey',1,'2018-05-12 17:04:00'),
(1500,'F603','T/C (86/14) 30/1 Single Jersey',1,'2018-05-12 17:04:00'),
(1501,'F604','T/C (90/10) 30/1 + CVC 30/1 Rib',1,'2018-05-12 17:04:00'),
(1502,'F605','T/C (90/10) 30/1 + CVC 30/1 Single Jersey',1,'2018-05-12 17:04:00'),
(1503,'F606','T/C (90/10) 30/1 INJ Rib 1x1',1,'2018-05-12 17:04:00'),
(1504,'F607','T/C (90/10) 30/1 INJ Single Jersey',1,'2018-05-12 17:04:00'),
(1505,'F608','T/C (90/10) 30/1 Rib',1,'2018-05-12 17:04:00'),
(1506,'F609','T/C (90/10) 30/1 Rib 1x1',1,'2018-05-12 17:04:00'),
(1507,'F610','T/C (90/10) 30/1 Single Jersey',1,'2018-05-12 17:04:00'),
(1508,'F611','T/C (94/06) 20/1 Single Jersey',1,'2018-05-12 17:04:00'),
(1509,'F612','T/C (95/05) 30/1 Rib',1,'2018-05-12 17:04:00'),
(1510,'F613','T/C (95/05) 30/1 Single Jersey',1,'2018-05-12 17:04:00'),
(1511,'F614','T/C (97/03) 30/1 Single Jersey',1,'2018-05-12 17:04:00'),
(1512,'F615','T/C 28/1 Single Jersey',1,'2018-05-12 17:04:00'),
(1513,'F616','T/C 30/1 (70/25) Black Nub 2*1 Rib',1,'2018-05-12 17:04:00'),
(1514,'F617','T/C 30/1 + CVC 30/1 Single Jersey',1,'2018-05-12 17:04:00'),
(1515,'F618','T/M/C (50/37/13) 40/1 Vintage Thermal Single Jersey',1,'2018-05-12 17:04:00'),
(1516,'F619','T/R (50/50) 28/1 + T/R (50/50) Single Jersey',1,'2018-05-12 17:04:00'),
(1517,'F620','T/R (50/50) 30/1 Zurry Single Jersey',1,'2018-05-12 17:04:00'),
(1518,'F621','T/R (60/40) 30/1 Single Jersey',1,'2018-05-12 17:04:00'),
(1519,'F622','T/R (65/35) 30/1 Single Jersey',1,'2018-05-12 17:04:00'),
(1520,'F623','T/R (65/35) 40/1 Single Jersey',1,'2018-05-12 17:04:00'),
(1521,'F624','T/R 26/1  Slub Single',1,'2018-05-12 17:04:00'),
(1522,'F625','T/R 28/1 + Rayon + PE Single Jersey',1,'2018-05-12 17:04:00'),
(1523,'F626','T/R 28/1 Rib 1x1',1,'2018-05-12 17:04:00'),
(1524,'F627','T/R 28/1 Single Jersey',1,'2018-05-12 17:04:00'),
(1525,'F628','T/R 30/1 + PE 30/1 Single Jersey',1,'2018-05-12 17:04:00'),
(1526,'F629','T/R 30/1 + Span30d Brushed Single Jersey',1,'2018-05-12 17:04:00'),
(1527,'F630','T/R 30/1 + Span30d Single Jersey',1,'2018-05-12 17:04:00'),
(1528,'F631','T/R 30/1 + Spand 30 4*4 Rib',1,'2018-05-12 17:04:00'),
(1529,'F632','T/R 30/1 + T/R (16/84) 30/1 Single Jersey',1,'2018-05-12 17:04:00'),
(1530,'F633','T/R 30/1 +Span20d French Terry',1,'2018-05-12 17:04:00'),
(1531,'F634','T/R 30/1 +Span20d Mini Zurry',1,'2018-05-12 17:04:00'),
(1532,'F635','T/R 30/1 +Span20d Single Jersey',1,'2018-05-12 17:04:00'),
(1533,'F636','T/R 30/1 2*2 Rib',1,'2018-05-12 17:04:00'),
(1534,'F637','T/R 30/1 Burnout',1,'2018-05-12 17:04:00'),
(1535,'F638','T/R 30/1 Mini Zurry',1,'2018-05-12 17:04:00'),
(1536,'F639','T/R 30/1 Rib 2x2',1,'2018-05-12 17:04:00'),
(1537,'F640','T/R 30/1 Single Jersey',1,'2018-05-12 17:04:00'),
(1538,'F641','T/R 40/1 + Span20d French Terry Single Jersey',1,'2018-05-12 17:04:00'),
(1539,'F642','T/R 40/1 + Span20d Mini Zurry Single Jersey',1,'2018-05-12 17:04:00'),
(1540,'F643','T/R 40/1 + Span40d Single Jersey',1,'2018-05-12 17:04:00'),
(1541,'F644','T/R 40/1 + Spand20 Rib 1x1',1,'2018-05-12 17:04:00'),
(1542,'F645','T/R 40/1 + Spand20 Rib 2x2',1,'2018-05-12 17:04:00'),
(1543,'F646','T/R 40/1 + Spand20 Single Jersey',1,'2018-05-12 17:04:00'),
(1544,'F647','T/R 40/1 + T/R 40/1 + T/R Mini Zurry',1,'2018-05-12 17:04:00'),
(1545,'F648','T/R 40/1 Single Jersey',1,'2018-05-12 17:04:00'),
(1546,'F649','T/R HTR 30 99/1 + Spand 20 Single Jersey',1,'2018-05-12 17:04:00'),
(1547,'F650','TC/M (50/37/13) 40/1 Single Jersey',1,'2018-05-12 17:04:00'),
(1548,'F651','TCR 20/1 Single Jersey',1,'2018-05-12 17:04:00'),
(1549,'F652','Tencel 28/1 Interlock',1,'2018-05-12 17:04:00'),
(1550,'F653','Tencel 28/1 Rib 1x1',1,'2018-05-12 17:04:00'),
(1551,'F654','Tencel 40/1 + Span20d Rib 2x2',1,'2018-05-12 17:04:00'),
(1552,'F655','Tencel 40/1 + Span30d Single Jersey',1,'2018-05-12 17:04:00'),
(1553,'F656','Tencel 40/1 +Tencel 40/1 +Rayon Single Jersey',1,'2018-05-12 17:04:00'),
(1554,'F657','Tencel 40/1 Rib 1x1',1,'2018-05-12 17:04:00'),
(1555,'F658','Tencel/CM (70/30) 30/1 + Rayon 30/1 Single Jersey',1,'2018-05-12 17:04:00'),
(1556,'F659','Tencel/poly 30/1 + Span20d Single Jersey',1,'2018-05-12 17:04:00'),
(1557,'F660','Triblend 20/1 Rib 1x1',1,'2018-05-12 17:04:00'),
(1558,'F661','Triblend 20/1 Single Jersey',1,'2018-05-12 17:04:00'),
(1559,'F662','Triblend 30/1 + CVC (50/50) 10/1 Mini Zurry',1,'2018-05-12 17:04:00'),
(1560,'F663','Triblend 30/1 + CVC 30/1 PQ Single Jersey',1,'2018-05-12 17:04:00'),
(1561,'F664','Triblend 30/1 + PE/Cat 150/136 Single Jersey',1,'2018-05-12 17:04:00'),
(1562,'F665','Triblend 30/1 + Span20d Single Jersey',1,'2018-05-12 17:04:00'),
(1563,'F666','Triblend 30/1 French Terry',1,'2018-05-12 17:04:00'),
(1564,'F667','Triblend 30/1 Mini Zurry',1,'2018-05-12 17:04:00'),
(1565,'F668','Triblend 30/1 Mini Zurry Rib',1,'2018-05-12 17:04:00'),
(1566,'F669','Triblend 30/1 Mini Zurry Rib 1x1',1,'2018-05-12 17:04:00'),
(1567,'F670','Triblend 30/1 Mini Zurry Single Jersey',1,'2018-05-12 17:04:00'),
(1568,'F671','Triblend 30/1 Rib',1,'2018-05-12 17:04:00'),
(1569,'F672','Triblend 30/1 Rib 1x1',1,'2018-05-12 17:04:00'),
(1570,'F673','Triblend 30/1 Rib 2x2',1,'2018-05-12 17:04:00'),
(1571,'F674','Triblend 30/1 Single Jersey',1,'2018-05-12 17:04:00'),
(1572,'F675','Triblend 30/1 Slub Single',1,'2018-05-12 17:04:00'),
(1573,'F676','Triblend 40/1 + CM 30/1 Slub Single',1,'2018-05-12 17:04:00'),
(1574,'F677','Triblend 40/1 + CVC 30/1 Slub Single',1,'2018-05-12 17:04:00'),
(1575,'F678','Triblend 40/1 + Span20d Single Jersey',1,'2018-05-12 17:04:00'),
(1576,'F679','Triblend 40/1 Rib 2x1',1,'2018-05-12 17:04:00'),
(1577,'F680','Triblend 40/1 Single Jersey',1,'2018-05-12 17:04:00'),
(1578,'F681','Triblend NUB #7481 Rib 2x2',1,'2018-05-12 17:04:00'),
(1579,'F682','Triblend NUB #7481 Single Jersey',1,'2018-05-12 17:04:00'),
(1580,'F683','Unbrushed Rib',1,'2018-05-12 17:04:00'),
(1581,'F684','Unbrushed Single Jersey',1,'2018-05-12 17:04:00'),
(1582,'F700','74% RAYON 21% POLYESTER 5% SPANDEX',1,'2018-05-14 09:40:49'),
(1583,'701','CM30S/1 Vintage Slub 1x1 Rib',1,'2018-05-16 11:05:43'),
(1584,'F702','Supima Modal (50/50) 40S/1 Slub Single',1,'2018-05-31 07:47:39');

/*Table structure for table `fabricin` */

DROP TABLE IF EXISTS `fabricin`;

CREATE TABLE `fabricin` (
  `id` int(10) NOT NULL AUTO_INCREMENT,
  `po` int(10) DEFAULT NULL,
  `color` varchar(30) DEFAULT NULL,
  `fabrictype` int(10) DEFAULT NULL,
  `fabric` int(10) DEFAULT NULL,
  `rcvd` varchar(30) DEFAULT NULL,
  `kg` varchar(30) DEFAULT NULL,
  `yds` varchar(30) DEFAULT NULL,
  `roll` varchar(30) DEFAULT NULL,
  `lote` varchar(30) DEFAULT NULL,
  `rack` varchar(30) DEFAULT NULL,
  `date` varchar(30) DEFAULT NULL,
  `customer` int(10) DEFAULT NULL,
  `rib` varchar(30) DEFAULT NULL,
  `rechazo` varchar(30) DEFAULT NULL,
  `ret` varchar(30) DEFAULT NULL,
  `bad` varchar(30) DEFAULT NULL,
  `note` varchar(30) DEFAULT NULL,
  PRIMARY KEY (`id`)
) ENGINE=InnoDB AUTO_INCREMENT=4 DEFAULT CHARSET=utf8;

/*Data for the table `fabricin` */

insert  into `fabricin`(`id`,`po`,`color`,`fabrictype`,`fabric`,`rcvd`,`kg`,`yds`,`roll`,`lote`,`rack`,`date`,`customer`,`rib`,`rechazo`,`ret`,`bad`,`note`) values 
(1,1066,'WILD GINGER',61,1571,'2018-577','472.9','1822','25','L01F','','2018-06-02',39,NULL,'','','',''),
(2,1064,'TRUE WHITE',61,1571,'2018-576','390','1503.5','21','L01F','','2018-05-31',39,NULL,'','','',''),
(3,1065,'NOUVEAU SLATE',61,1571,'2018-575','516.6','1990','27','L01F','','2018-05-31',39,NULL,'','','','');

/*Table structure for table `fabricout` */

DROP TABLE IF EXISTS `fabricout`;

CREATE TABLE `fabricout` (
  `id` int(10) NOT NULL AUTO_INCREMENT,
  `po` int(10) DEFAULT NULL,
  `color` varchar(30) DEFAULT NULL,
  `fabrictype` int(10) DEFAULT NULL,
  `fabric` int(10) DEFAULT NULL,
  `rcvd` varchar(30) DEFAULT NULL,
  `kg` varchar(30) DEFAULT NULL,
  `yds` varchar(30) DEFAULT NULL,
  `roll` varchar(30) DEFAULT NULL,
  `date` varchar(30) DEFAULT NULL,
  `customer` int(10) DEFAULT NULL,
  `rib` varchar(30) DEFAULT NULL,
  `rechazo` varchar(30) DEFAULT NULL,
  `ret` varchar(30) DEFAULT NULL,
  `bad` varchar(30) DEFAULT NULL,
  `note` varchar(30) DEFAULT NULL,
  PRIMARY KEY (`id`)
) ENGINE=InnoDB DEFAULT CHARSET=utf8;

/*Data for the table `fabricout` */

/*Table structure for table `factory` */

DROP TABLE IF EXISTS `factory`;

CREATE TABLE `factory` (
  `id` int(10) NOT NULL AUTO_INCREMENT,
  `name` varchar(20) NOT NULL,
  `status` smallint(1) NOT NULL DEFAULT '1',
  `created_at` timestamp NOT NULL DEFAULT CURRENT_TIMESTAMP,
  PRIMARY KEY (`id`)
) ENGINE=InnoDB AUTO_INCREMENT=31 DEFAULT CHARSET=utf8;

/*Data for the table `factory` */

insert  into `factory`(`id`,`name`,`status`,`created_at`) values 
(28,'INT Factory',1,'2018-05-04 22:30:14'),
(29,'J S International',1,'2018-05-04 22:30:23'),
(30,'Others',1,'2018-05-04 22:30:34');

/*Table structure for table `finish` */

DROP TABLE IF EXISTS `finish`;

CREATE TABLE `finish` (
  `id` int(10) NOT NULL AUTO_INCREMENT,
  `orderid` int(10) DEFAULT NULL,
  `po` varchar(30) DEFAULT NULL,
  `color` varchar(30) DEFAULT NULL,
  `size1` varchar(30) DEFAULT NULL,
  `size2` varchar(30) DEFAULT NULL,
  `size3` varchar(30) DEFAULT NULL,
  `size4` varchar(30) DEFAULT NULL,
  `size5` varchar(30) DEFAULT NULL,
  `size6` varchar(30) DEFAULT NULL,
  `size7` varchar(30) DEFAULT NULL,
  `size8` varchar(30) DEFAULT NULL,
  `size9` varchar(30) DEFAULT NULL,
  `size10` varchar(30) DEFAULT NULL,
  PRIMARY KEY (`id`)
) ENGINE=InnoDB AUTO_INCREMENT=14 DEFAULT CHARSET=utf8;

/*Data for the table `finish` */

insert  into `finish`(`id`,`orderid`,`po`,`color`,`size1`,`size2`,`size3`,`size4`,`size5`,`size6`,`size7`,`size8`,`size9`,`size10`) values 
(9,38,'326','C0572','0','283','827','1337','1062','494','226','131','0','0'),
(10,38,'330','C0517','6','504','921','1156','970','6000','256','0','0','0'),
(11,17,'90','C0043','0','221','370','505','385','60','85','0','',''),
(12,17,'88','C0633','0','204','401','559','413','71','92','0','',''),
(13,26,'246','GREEN CAMO','43','199','359','334','185','80','','','','');

/*Table structure for table `finishmaterialgroup` */

DROP TABLE IF EXISTS `finishmaterialgroup`;

CREATE TABLE `finishmaterialgroup` (
  `id` int(10) NOT NULL AUTO_INCREMENT,
  `code` varchar(30) NOT NULL,
  `name` varchar(30) DEFAULT NULL,
  `customer` int(10) DEFAULT NULL,
  `finishmaterial1` int(10) DEFAULT NULL,
  `finishmaterial2` int(10) DEFAULT NULL,
  `finishmaterial3` int(10) DEFAULT NULL,
  `finishmaterial4` int(10) DEFAULT NULL,
  `finishmaterial5` int(10) DEFAULT NULL,
  `finishmaterial6` int(10) DEFAULT NULL,
  `finishmaterial7` int(10) DEFAULT NULL,
  `finishmaterial8` int(10) DEFAULT NULL,
  `finishmaterial9` int(10) DEFAULT NULL,
  `finishmaterial10` int(10) DEFAULT NULL,
  `status` smallint(1) DEFAULT '1',
  `created_at` timestamp NOT NULL DEFAULT CURRENT_TIMESTAMP,
  PRIMARY KEY (`id`)
) ENGINE=InnoDB AUTO_INCREMENT=8 DEFAULT CHARSET=utf8;

/*Data for the table `finishmaterialgroup` */

insert  into `finishmaterialgroup`(`id`,`code`,`name`,`customer`,`finishmaterial1`,`finishmaterial2`,`finishmaterial3`,`finishmaterial4`,`finishmaterial5`,`finishmaterial6`,`finishmaterial7`,`finishmaterial8`,`finishmaterial9`,`finishmaterial10`,`status`,`created_at`) values 
(5,'normal','normal',23,32,35,36,38,39,-1,-1,-1,-1,-1,1,'2018-05-06 14:49:40'),
(6,'NORMAL','NORMAL',25,41,42,32,33,35,36,37,38,39,-1,1,'2018-05-06 18:36:41'),
(7,'normal','normal',24,32,36,35,43,38,39,-1,-1,-1,-1,1,'2018-05-16 11:18:23');

/*Table structure for table `follower` */

DROP TABLE IF EXISTS `follower`;

CREATE TABLE `follower` (
  `id` int(10) NOT NULL AUTO_INCREMENT,
  `followingid` int(100) DEFAULT NULL,
  `following` varchar(100) DEFAULT NULL,
  `follower` varchar(100) DEFAULT NULL,
  `followername` varchar(100) DEFAULT NULL,
  PRIMARY KEY (`id`)
) ENGINE=InnoDB AUTO_INCREMENT=32 DEFAULT CHARSET=utf8;

/*Data for the table `follower` */

insert  into `follower`(`id`,`followingid`,`following`,`follower`,`followername`) values 
(1,24,'jason.woo@intsa.net','accesorio@intsa.net','BELSI CHAY'),
(2,24,'jason.woo@intsa.net','gerencia@intsa.net','Mayra Patzan'),
(3,24,'jason.woo@intsa.net','produccion@intsa.net','carlos lopreto'),
(4,25,'tom.shin@intsa.net','accesorio@intsa.net','BELSI CHAY'),
(5,25,'tom.shin@intsa.net','gerencia@intsa.net','Mayra Patzan'),
(6,23,'betty.um@intsa.net','accesorio@intsa.net','BELSI CHAY'),
(7,23,'betty.um@intsa.net','gerencia@intsa.net','Mayra Patzan'),
(8,23,'betty.um@intsa.net','neo.pyon@intsa.net','neo pyon'),
(9,23,'betty.um@intsa.net','produccion@intsa.net','carlos lopreto'),
(10,44,'chicos@chicos.com','neo.pyon@intsa.net','neo pyon'),
(12,24,'jason.woo@intsa.net','neo.pyon@intsa.net','neo pyon'),
(14,25,'tom.shin@intsa.net','neo.pyon@intsa.net','neo pyon'),
(19,44,'chicos@chicos.com','bryan.cho@intsa.net','Bryan Cho'),
(20,24,'jason.woo@intsa.net','bryan.cho@intsa.net','Bryan Cho'),
(21,23,'betty.um@intsa.net','bryan.cho@intsa.net','Bryan Cho'),
(22,23,'betty.um@intsa.net','team1b@intsa.net','BETTY UM'),
(23,23,'betty.um@intsa.net','steven.hong@intsa.net','Steven Hong'),
(24,25,'tom.shin@intsa.net','tom.shin@intsa.net','TOM SHIN'),
(25,25,'tom.shin@intsa.net','steven.hong@intsa.net','Steven Hong'),
(26,25,'tom.shin@intsa.net','bryan.cho@intsa.net','Bryan Cho'),
(27,24,'jason.woo@intsa.net','steven.hong@intsa.net','Steven Hong'),
(28,24,'jason.woo@intsa.net','jason.woo@intsa.net','JUNGTAE WOO'),
(29,44,'chicos@chicos.com','steven.hong@intsa.net','Steven Hong'),
(30,44,'chicos@chicos.com','team1b@intsa.net','BETTY UM'),
(31,24,'jason.woo@intsa.net','tom.shin@intsa.net','TOM SHIN');

/*Table structure for table `inspection` */

DROP TABLE IF EXISTS `inspection`;

CREATE TABLE `inspection` (
  `id` int(10) NOT NULL AUTO_INCREMENT,
  `name` varchar(30) DEFAULT NULL,
  `buyer` int(10) DEFAULT NULL,
  `orderid` int(10) DEFAULT NULL,
  `date` varchar(30) DEFAULT NULL,
  `color` varchar(30) DEFAULT NULL,
  `n1` varchar(10) DEFAULT NULL,
  `n2` varchar(10) DEFAULT NULL,
  `n3` varchar(10) DEFAULT NULL,
  `n4` varchar(10) DEFAULT NULL,
  `n5` varchar(10) DEFAULT NULL,
  `n6` varchar(10) DEFAULT NULL,
  `n7` varchar(10) DEFAULT NULL,
  `n8` varchar(10) DEFAULT NULL,
  `n9` varchar(10) DEFAULT NULL,
  `n10` varchar(10) DEFAULT NULL,
  `n11` varchar(10) DEFAULT NULL,
  `n12` varchar(10) DEFAULT NULL,
  PRIMARY KEY (`id`)
) ENGINE=InnoDB AUTO_INCREMENT=26 DEFAULT CHARSET=utf8;

/*Data for the table `inspection` */

insert  into `inspection`(`id`,`name`,`buyer`,`orderid`,`date`,`color`,`n1`,`n2`,`n3`,`n4`,`n5`,`n6`,`n7`,`n8`,`n9`,`n10`,`n11`,`n12`) values 
(20,'INES ZALASAR ',24,52,'2018-05-23','-1','','','245','260','245','','275','190','','','',''),
(21,'HELLEN ESTRADA',24,23,'2018-05-23','','305','265','585','580','325','','','','','','',''),
(22,'BRENDA ACEVEDO',23,33,'2018-05-23','','405','','','','535','375','360','','','','',''),
(23,'MARIELA PIOX',44,19,'2018-05-23','','310','230','','','','','','','','','',''),
(24,'SANDRA SIMON',23,50,'2018-05-23','','270','270','225','245','','','','','','','',''),
(25,'JESSICA GOMES',23,8,'2018-05-23','','225','210','225','340','675','','390','380','410','400','410','390');

/*Table structure for table `iron` */

DROP TABLE IF EXISTS `iron`;

CREATE TABLE `iron` (
  `id` int(10) NOT NULL AUTO_INCREMENT,
  `orderid` int(10) DEFAULT NULL,
  `style` varchar(30) DEFAULT NULL,
  `color` varchar(30) DEFAULT NULL,
  `colorname` varchar(30) DEFAULT NULL,
  `date` varchar(30) DEFAULT NULL,
  `invoice` varchar(30) DEFAULT NULL,
  `size1` varchar(30) DEFAULT NULL,
  `size2` varchar(30) DEFAULT NULL,
  `size3` varchar(30) DEFAULT NULL,
  `size4` varchar(30) DEFAULT NULL,
  `size5` varchar(30) DEFAULT NULL,
  `size6` varchar(30) DEFAULT NULL,
  `size7` varchar(30) DEFAULT NULL,
  `size8` varchar(30) DEFAULT NULL,
  `size9` varchar(30) DEFAULT NULL,
  `size10` varchar(30) DEFAULT NULL,
  PRIMARY KEY (`id`)
) ENGINE=InnoDB DEFAULT CHARSET=utf8;

/*Data for the table `iron` */

/*Table structure for table `line` */

DROP TABLE IF EXISTS `line`;

CREATE TABLE `line` (
  `id` int(10) NOT NULL AUTO_INCREMENT,
  `factory` int(10) NOT NULL,
  `department` int(10) NOT NULL,
  `name` varchar(20) NOT NULL,
  `status` tinyint(1) NOT NULL DEFAULT '1',
  `created_at` timestamp NOT NULL DEFAULT CURRENT_TIMESTAMP,
  PRIMARY KEY (`id`)
) ENGINE=InnoDB AUTO_INCREMENT=19 DEFAULT CHARSET=utf8;

/*Data for the table `line` */

insert  into `line`(`id`,`factory`,`department`,`name`,`status`,`created_at`) values 
(4,28,40,'Linea 1',1,'2018-05-04 23:06:16'),
(5,28,40,'Linea 2',1,'2018-05-04 23:06:23'),
(6,28,40,'Linea 3',1,'2018-05-04 23:06:29'),
(7,28,40,'Linea 4',1,'2018-05-04 23:06:41'),
(8,28,40,'Linea 5',1,'2018-05-04 23:06:50'),
(9,28,40,'Linea 6',1,'2018-05-04 23:06:57'),
(10,28,40,'Linea 7',1,'2018-05-04 23:07:01'),
(11,28,40,'Linea 8',1,'2018-05-04 23:07:11'),
(12,28,40,'Linea 9',1,'2018-05-04 23:07:21'),
(13,28,40,'Linea 10',1,'2018-05-04 23:07:26'),
(14,28,40,'Linea 11',1,'2018-05-04 23:07:33'),
(15,28,40,'Linea 12',1,'2018-05-04 23:07:37'),
(16,28,40,'Linea 13',1,'2018-05-04 23:07:43'),
(17,28,40,'Linea 14',1,'2018-05-04 23:07:47'),
(18,28,40,'Linea de Ayuda',1,'2018-05-04 23:08:08');

/*Table structure for table `materialin` */

DROP TABLE IF EXISTS `materialin`;

CREATE TABLE `materialin` (
  `id` int(10) NOT NULL AUTO_INCREMENT,
  `po` varchar(30) DEFAULT NULL,
  `material` int(10) DEFAULT NULL,
  `materialtype` tinyint(1) DEFAULT NULL,
  `size` varchar(30) DEFAULT NULL,
  `ordernumber` varchar(10) DEFAULT NULL,
  `loss` varchar(10) DEFAULT NULL,
  `need` varchar(10) DEFAULT NULL,
  `rcvd` varchar(30) DEFAULT NULL,
  `date` varchar(30) DEFAULT NULL,
  `customer` int(10) DEFAULT NULL,
  `invoice` varchar(30) DEFAULT NULL,
  `quantity` int(30) DEFAULT NULL,
  `note` varchar(30) DEFAULT NULL,
  `code` varchar(30) DEFAULT NULL,
  `prepack` varchar(30) DEFAULT NULL,
  `textura` varchar(30) DEFAULT NULL,
  `mts` varchar(30) DEFAULT NULL,
  PRIMARY KEY (`id`)
) ENGINE=InnoDB AUTO_INCREMENT=537 DEFAULT CHARSET=utf8;

/*Data for the table `materialin` */

insert  into `materialin`(`id`,`po`,`material`,`materialtype`,`size`,`ordernumber`,`loss`,`need`,`rcvd`,`date`,`customer`,`invoice`,`quantity`,`note`,`code`,`prepack`,`textura`,`mts`) values 
(125,'181',25,1,'64','901','946.05','216','1','2018-04-11',26,'32589',215,'burnout','c1730','','770','5486'),
(133,'782',43,0,'64','809','849.45','849.45','1','2018-05-04',43,'4912',900,'','','','-1',''),
(134,'782',43,0,'744','1264','1327.2','1327.2','1','2018-05-04',43,'4912',1425,'','','','-1',''),
(135,'782',43,0,'744','1264','1327.2','1327.2','1','2018-05-04',43,'4912',1425,'','','','-1',''),
(136,'782',43,0,'66','731','767.55','767.55','1','2018-05-04',43,'4912',775,'','','','-1',''),
(137,'782',43,0,'745','314','329.7','329.7','1','2018-05-04',43,'4912',350,'','','','-1',''),
(138,'782',25,1,'745','314','329.7','107','1','2018-05-08',43,'65839',108,'71401 BURNOUT','IF111','','770','5486'),
(139,'782',25,1,'64','809','849.45','25','1','2018-05-08',26,'65873',15,'74794 BURNOUT','IF111','','771','5486'),
(140,'782',30,1,'64','809','849.45','4536','1','2018-05-04',43,'4912',4550,'','ECC300','','-1',''),
(141,'782',29,1,'64','809','849.45','4536','1','2018-05-04',43,'4919',4550,'','26340151 #0025 5/18','','-1',''),
(142,'855',25,1,'745','215','225.75','16','1','2018-03-07',26,'64354',16,'BURNOUT','IF111','','771','5486'),
(143,'855',25,1,'744','637','668.85','62','1','2018-03-20',26,'64645',100,'BURNOUT','IF111','','770','5486'),
(144,'855',30,1,'65','756','793.8','2625','1','2018-03-19',43,'2190',2650,'50%poly 37%cott 13%ray','ECC300','','-1',''),
(145,'855',29,1,'65','756','793.8','2625','1','2018-03-19',43,'2190',2650,'','26340095 #0453 6/18','','-1',''),
(146,'855',40,1,'65','756','793.8','2625','1','2018-04-13',43,'4903',2750,'black outlet','','','-1',''),
(147,'855',27,1,'64','490','514.5','514.5','1','2018-04-13',43,'4903',525,'black outlet','','','-1',''),
(148,'855',27,1,'65','756','793.8','793.8','','2018-04-13',43,'4903',775,'black outlet','','','-1',''),
(149,'855',27,1,'744','637','668.85','668.85','1','2018-04-13',43,'4903',825,'black outlet','','','-1',''),
(150,'855',27,1,'66','402','422.1','422.1','1','2018-04-13',43,'4903',450,'black outlet','','','-1',''),
(151,'855',27,1,'745','215','225.75','225.75','1','2018-04-13',43,'4903',225,'black outlet','','','-1',''),
(152,'855',43,0,'64','490','514.5','514.5','1','2018-03-07',43,'2181',525,'','','','-1',''),
(153,'855',43,0,'65','756','793.8','793.8','1','2018-03-07',43,'2181',775,'','','','-1',''),
(154,'855',43,0,'744','637','668.85','668.85','1','2018-03-07',43,'2181',825,'','','','-1',''),
(155,'855',43,0,'66','402','422.1','422.1','1','2018-03-07',43,'2181',450,'','','','-1',''),
(156,'855',43,0,'745','215','225.75','225.75','1','2018-03-07',43,'2181',225,'','','','-1',''),
(157,'855',38,0,'65','756','793.8','2575','1','2018-03-06',30,'61078',2575,'8*14','','','-1',''),
(158,'855',39,0,'65','756','793.8','2575','1','2018-03-06',30,'19868',5000,'black 3','','','-1',''),
(159,'781',30,1,'744','539','565.95','2100','1','2018-04-27',43,'4909',2125,'50%poly 37%cott 13%ray','ECC300','','-1',''),
(160,'781',29,1,'744','539','565.95','2100','1','2018-04-22',43,'4909',2125,'','026340095 #0453 6/18','','-1',''),
(161,'781',25,1,'744','539','565.95','13','1','2018-04-18',26,'65333',14,'74794 BURNOUT','IF111','','771','5486'),
(162,'781',25,1,'64','384','403.2','50','1','2018-04-18',26,'65697',46,'71401 BURNOUT','IF111','','770','5486'),
(163,'404',30,1,'744','830','871.5','2940','1','2018-05-04',43,'4912',3000,'50%POLY 37%COTT 13%RAY','ECC300','','-1',''),
(164,'404',29,1,'744','830','871.5','871.5','1','2018-05-04',43,'4912',3000,'','26340151 #0025 5/18','','-1',''),
(165,'404',43,0,'64','529','555.45','555.45','1','2018-05-04',43,'4912',600,'','','','-1',''),
(166,'404',43,0,'65','776','814.8','814.8','1','2018-05-04',43,'4912',850,'','','','-1',''),
(167,'404',43,0,'744','830','871.5','871.5','1','2018-05-04',43,'4912',925,'','','','-1',''),
(168,'404',43,0,'66','468','491.4','491.4','1','2018-05-04',43,'4912',500,'','','','-1',''),
(169,'404',43,0,'745','197','206.85','206.85','1','2018-05-04',43,'4912',250,'','','','-1',''),
(170,'404',25,1,'745','197','206.85','73','1','2018-05-08',26,'65842',77,'71401 BURNOUT','IF111','','770','5486'),
(171,'404',25,1,'64','529','555.45','17','1','2018-05-10',26,'65874',15,'74794 BURNOUT','IF111','','771','5486'),
(172,'544',25,1,'64','378','396.9','13','1','2018-03-12',26,'64429',15,'BURNOUT','C9686','','771','5486'),
(173,'544',25,1,'744','615','645.75','50','1','2018-03-13',26,'64455',8,'BURNOUT','C9686','','770','5486'),
(174,'544',25,1,'744','615','645.75','','2','2018-03-16',26,'64586',92,'BURNOUT','C9686','','770','5486'),
(175,'545',25,1,'744','615','645.75','13','1','2018-03-12',26,'64404',16,'BURNOUT','LS107','','771','5486'),
(176,'545',25,1,'65','601','631.05','50','1','2018-03-13',26,'64455',102,'BURNOUT','LS107','','770','5486'),
(177,'544',30,1,'65','601','631.05','4200','1','2018-03-19',43,'2190',4225,'50%COTT 50%POLY','ECC300','','-1',''),
(178,'544',29,1,'65','601','631.05','2100','1','2018-03-19',43,'2190',2121,'','000353969 #1085 6/18','','-1',''),
(179,'545',29,1,'65','601','631.05','2100','1','2018-03-19',43,'2190',2125,'','000353969 #1330 6/18','','-1',''),
(180,'544',40,1,'65','601','631.05','4200','1','2018-04-02',43,'4903',4400,'BLACK OUTLET','','','-1',''),
(181,'544',27,1,'64','378','396.9','794','1','2018-04-03',43,'4903',850,'BLACK OUTLET','','','-1',''),
(182,'544',27,1,'65','601','631.05','1210','1','2018-04-03',43,'4903',1225,'BLACK OUTLET','','','-1',''),
(183,'544',27,1,'744','615','645.75','1265','1','2018-04-03',43,'4903',1325,'BLACK OUTLET','','','-1',''),
(184,'544',27,1,'66','305','320.25','668','1','2018-04-03',43,'4903',725,'BLACK OUTLET','','','-1',''),
(185,'544',27,1,'745','101','106.05','261','1','2018-04-03',43,'4903',330,'BLACK OUTLET','','','-1',''),
(186,'544',43,0,'64','378','396.9','793','1','2018-03-07',43,'2181',850,'','','','-1',''),
(187,'544',43,0,'65','601','631.05','1210','1','2018-03-07',43,'2181',1225,'','','','-1',''),
(188,'544',43,0,'744','615','645.75','1265','1','2018-03-07',43,'2181',1325,'','','','770',''),
(189,'544',43,0,'66','305','320.25','665','1','2018-03-07',43,'2181',725,'','','','-1',''),
(190,'544',43,0,'745','101','106.05','265','1','2018-03-07',43,'2181',330,'','','','-1',''),
(191,'855',32,0,'64','490','514.5','514.5','1','2018-05-22',43,'81',510,'','','','-1',''),
(192,'855',32,0,'65','756','793.8','793.8','1','2018-05-22',43,'81',770,'','','','-1',''),
(193,'855',32,0,'744','637','668.85','668.85','1','2018-05-22',43,'81',650,'','','','-1',''),
(194,'855',32,0,'66','402','422.1','422.1','1','2018-05-22',43,'81',435,'','','','-1',''),
(195,'855',32,0,'745','215','225.75','225.75','1','2018-05-22',43,'81',240,'','','','-1',''),
(196,'545',38,0,'744','615','645.75','4120','1','2018-03-06',30,'19865',5000,'8*14','','','-1',''),
(197,'545',39,0,'744','615','645.75','4120','1','2018-03-08',30,'61083',5000,'black 3','','','-1',''),
(198,'733',25,1,'65','1086','1140.3','98','1','2018-03-09',28,'4184',82,'','43595','','770','5486'),
(199,'733',25,1,'64','737','773.85','25','1','2018-03-09',28,'4185',14,'','43595','','771','5486'),
(200,'732',25,1,'64','737','773.85','98','1','2018-03-09',28,'4184',109,'','32002','','770','5486'),
(201,'732',25,1,'745','362','380.1','25','1','2018-03-09',28,'4185',36,'','38600','','771','5486'),
(202,'732',30,1,'744','1154','1211.7','8400','1','2018-03-19',43,'2190',8425,'75%RAY 21%POLY 4%SPA','ECC100','','-1',''),
(203,'732',29,1,'744','1154','1211.7','4200','1','2018-03-19',43,'4909',4225,'','26348741 #0009 6/18','','-1',''),
(204,'733',29,1,'744','1154','1211.7','4200','1','2018-03-19',43,'4909',4225,'','26348741 #1045 6/18','','-1',''),
(205,'732',40,1,'744','1154','1211.7','8400','1','2018-04-13',43,'4903',8800,'BLACK OUTLET','','','-1',''),
(206,'229837',27,1,'64','737','773.85','1547','1','2018-04-13',43,'4903',1675,'BLACK OUTLET','','','-1',''),
(207,'229837',27,1,'65','737','773.85','1547','1','2018-04-13',43,'4903',2278,'BLACK OUTLET','','','-1',''),
(208,'229837',27,1,'744','737','773.85','2425','1','2018-04-13',43,'4903',2450,'BLACK OUTLET','','','-1',''),
(209,'229837',27,1,'66','737','773.85','1388','1','2018-04-13',43,'4903',1425,'BLACK OUTLET','','','-1',''),
(210,'732',27,1,'64','737','773.85','1547','1','2018-04-13',43,'4903',1675,'BLACK OUTLET','','','-1',''),
(211,'732',27,1,'65','1086','1140.3','2278','1','2018-04-13',43,'4903',2450,'BLACK OUTLET','','','-1',''),
(212,'732',27,1,'744','1154','1211.7','2425','1','2018-04-12',43,'4903',2650,'BLACK OUTLET','','','-1',''),
(213,'732',27,1,'66','661','694.05','1388','1','2018-04-13',43,'4903',1425,'BLACK OUTLET','','','-1',''),
(214,'732',27,1,'745','362','380.1','760','1','2018-04-13',43,'4903',675,'BLACK OUTLET','','','-1',''),
(215,'732',38,0,'745','362','380.1','8240','1','2018-03-06',30,'19867',8240,'8*14','','','-1',''),
(216,'732',39,0,'745','362','380.1','8240','1','2018-03-07',30,'61079',10000,'BLACK 3','','','-1',''),
(217,'732',32,0,'64','737','773.85','773.85','1','2018-05-22',43,'81',770,'','','','-1',''),
(218,'732',32,0,'65','1086','1140.3','1140.3','1','2018-05-22',43,'81',1125,'','','','-1',''),
(219,'732',32,0,'744','1154','1211.7','1211.7','1','2018-05-22',43,'81',1180,'','','','-1',''),
(220,'732',32,0,'66','661','694.05','694.05','1','2018-05-22',43,'81',700,'','','','-1',''),
(221,'732',32,0,'745','362','380.1','380.1','1','2018-05-22',43,'81',400,'','','','-1',''),
(222,'878',25,1,'744','261','274.05','85','1','2018-03-20',26,'64610',100,'90667 MENS','C1730','','774','5486'),
(223,'877',25,1,'64','28','29.4','26','1','2018-03-20',26,'64610',30,'MENS','IF202','','774','5486'),
(224,'877',25,1,'64','28','29.4','29.4','2','2018-03-20',26,'64739',70,'MENS','IF202','','774','5486'),
(225,'879',25,1,'64','28','29.4','30','1','2018-03-19',26,'64610',100,'MENS','AA301','','774','5486'),
(226,'1003',25,1,'65','1045','1097.25','498','1','2018-05-15',26,'65991',472,'','C1740','','774','5486'),
(227,'1007',25,1,'65','1045','1097.25','94','1','2018-05-15',26,'65991',50,'','C7929','','774','5486'),
(228,'1007',25,1,'65','1045','1097.25','94','2','2018-05-10',26,'65911',40,'','C7929','','774','5486'),
(229,'1005',25,1,'65','1045','1097.25','136','1','2018-05-10',26,'65911',128,'','C0097','','774','5486'),
(230,'1005',29,1,'65','51','53.55','26250','1','2018-05-17',43,'4816',27000,'H5967','','','-1',''),
(231,'1004',30,1,'744','2958','3105.9','26250','1','2018-05-11',43,'4812',26250,'100%COTTON','','','-1',''),
(232,'1003',36,0,'63','179','187.95','187.95','1','2018-05-11',43,'3513',188,'','','','-1',''),
(233,'1003',36,0,'64','526','552.3','552.3','1','2018-05-11',43,'3513',552,'','','','-1',''),
(234,'1003',36,0,'65','1045','1097.25','1097.25','1','2018-05-11',43,'3513',1045,'','','','-1',''),
(235,'1003',36,0,'744','965','1013.25','1013.25','1','2018-05-11',43,'3513',1013,'','','','-1',''),
(236,'1003',36,0,'66','513','538.65','538.65','1','2018-05-11',43,'3513',539,'','','','-1',''),
(237,'1003',36,0,'745','238','249.9','249.9','1','2018-05-11',43,'3513',250,'','','','-1',''),
(238,'1003',36,0,'746','104','109.2','109.2','1','2018-05-11',43,'3513',109,'','','','-1',''),
(239,'1005',36,0,'63','68','71.4','71.4','1','2018-05-11',43,'3513',71,'','','','-1',''),
(240,'1005',36,0,'64','20','21','21','1','2018-05-11',43,'3513',21,'','','','-1',''),
(241,'1005',36,0,'65','51','53.55','53.55','1','2018-05-11',43,'3513',54,'','','','-1',''),
(242,'1005',36,0,'744','370','388.5','388.5','1','2018-05-11',43,'3513',389,'','','','-1',''),
(243,'1005',36,0,'66','10','10.5','10.5','1','2018-05-11',43,'3513',11,'','','','-1',''),
(244,'1005',36,0,'745','66','69.3','69.3','1','2018-05-11',43,'3513',70,'','','','-1',''),
(245,'1007',36,0,'63','56','58.8','58.8','1','2018-05-11',33,'3513',59,'','','','-1',''),
(246,'1007',36,0,'64','115','120.75','120.75','1','2018-05-11',33,'3513',121,'','','','-1',''),
(247,'1007',36,0,'65','192','201.6','201.6','1','2018-05-11',33,'3513',202,'','','','-1',''),
(248,'1007',36,0,'744','91','95.55','95.55','1','2018-05-11',33,'3513',96,'','','','-1',''),
(249,'1007',36,0,'66','31','32.55','32.55','1','2018-05-11',33,'3513',33,'','','','-1',''),
(250,'1007',36,0,'745','10','10.5','10.5','1','2018-05-11',33,'3513',11,'','','','-1',''),
(251,'1007',36,0,'746','15','15.75','15.75','1','2018-05-11',33,'3513',16,'','','','-1',''),
(252,'1004',36,0,'63','453','475.65','475.65','1','2018-05-11',33,'3513',476,'','','','-1',''),
(253,'1004',36,0,'64','1281','1345.05','1345.05','1','2018-05-11',33,'3513',1345,'','','','-1',''),
(254,'1004',36,0,'65','3912','4107.6','4107.6','1','2018-05-11',33,'3513',4108,'','','','-1',''),
(255,'1004',36,0,'744','2958','3105.9','3105.9','1','2018-05-11',33,'3513',3106,'','','','-1',''),
(256,'1004',36,0,'66','1468','1541.4','1541.4','1','2018-05-11',33,'3513',1542,'','','','-1',''),
(257,'1004',36,0,'745','723','759.15','759.15','1','2018-05-11',33,'3513',759,'','','','-1',''),
(258,'1006',36,0,'65','1323','1389.15','1389.15','1','2018-05-11',33,'3513',1389,'','','','-1',''),
(259,'1006',36,0,'744','1205','1265.25','1265.25','1','2018-05-11',33,'3513',1265,'','','','-1',''),
(260,'1006',36,0,'66','622','653.1','653.1','1','2018-05-11',33,'3513',653,'','','','-1',''),
(261,'1006',36,0,'745','175','183.75','183.75','1','2018-05-11',33,'3513',184,'','','','-1',''),
(262,'1008',36,0,'64','93','97.65','97.65','1','2018-05-11',33,'3513',97,'','','','-1',''),
(263,'1008',36,0,'65','455','477.75','477.75','1','2018-05-11',33,'3513',478,'','','','-1',''),
(264,'1008',36,0,'744','957','1004.85','1004.85','1','2018-05-11',33,'3513',1005,'','','','-1',''),
(265,'1008',36,0,'66','483','507.15','507.15','1','2018-05-11',33,'3513',507,'','','','-1',''),
(266,'1008',36,0,'745','207','217.35','217.35','1','2018-05-11',33,'3513',217,'','','','-1',''),
(267,'1009',36,0,'63','16','16.8','16.8','1','2018-05-11',33,'3513',17,'','','','-1',''),
(268,'1009',36,0,'64','58','60.9','60.9','1','2018-05-11',33,'3513',61,'','','','-1',''),
(269,'1009',36,0,'65','109','114.45','114.45','1','2018-05-11',33,'3513',114,'','','','-1',''),
(270,'1009',36,0,'744','109','114.45','114.45','1','2018-05-11',33,'3513',114,'','','','-1',''),
(271,'1009',36,0,'66','56','58.8','58.8','1','2018-05-11',33,'3513',59,'','','','-1',''),
(272,'1009',36,0,'745','24','25.2','25.2','1','2018-05-11',33,'3513',25,'','','','-1',''),
(273,'1009',36,0,'746','11','11.55','11.55','1','2018-05-11',33,'3513',12,'','','','-1',''),
(274,'1021',25,1,'744','965','1013.25','497','1','2018-05-15',26,'65991',472,'','C1740','','774','5486'),
(275,'1025',25,1,'744','965','1013.25','94','1','2018-05-15',26,'65991',50,'','C7929','','774','5486'),
(276,'1025',25,1,'744','91','95.55','95.55','2','2018-05-10',26,'65911',40,'','C7929','','774','5486'),
(278,'1029',25,1,'744','109','114.45','114.45','1','2018-05-31',27,'7576',154,'','','','774','2500'),
(279,'1021',30,1,'744','965','1013.25','1013.25','1','2018-05-25',43,'4822',26250,'100%COTTON','','','774',''),
(280,'1021',29,1,'744','965','1013.25','26250','1','2018-05-11',43,'4816',27000,'H5967','','','-1',''),
(281,'1021',36,0,'63','179','187.95','187.95','1','2018-05-11',33,'3513',188,'','','','-1',''),
(282,'1021',36,0,'64','526','552.3','552.3','1','2018-05-11',33,'3513',552,'','','','-1',''),
(283,'1021',36,0,'65','1045','1097.25','1097.25','1','2018-05-11',33,'3513',1045,'','','','-1',''),
(284,'1021',36,0,'744','965','1013.25','1013.25','1','2018-05-11',33,'3513',1013,'','','','-1',''),
(285,'1021',36,0,'66','513','538.65','538.65','1','2018-05-11',33,'3513',539,'','','','-1',''),
(286,'1021',36,0,'745','238','249.9','249.9','1','2018-05-11',33,'3513',250,'','','','-1',''),
(287,'1021',36,0,'746','104','109.2','109.2','1','2018-05-11',33,'3513',109,'','','','-1',''),
(294,'1025',36,0,'63','56','58.8','58.8','1','2018-05-11',33,'3513',59,'','','','-1',''),
(295,'1025',36,0,'64','115','120.75','120.75','1','2018-05-11',33,'3513',121,'','','','-1',''),
(296,'1025',36,0,'64','115','120.75','120.75','1','2018-05-11',33,'3513',121,'','','','-1',''),
(297,'1025',36,0,'65','192','201.6','201.6','1','2018-05-11',33,'3513',202,'','','','-1',''),
(298,'1025',36,0,'744','91','95.55','95.55','1','2018-05-11',33,'3513',96,'','','','-1',''),
(299,'1025',36,0,'66','31','32.55','32.55','1','2018-05-11',33,'3513',33,'','','','-1',''),
(300,'1025',36,0,'66','31','32.55','32.55','','',33,'',33,'','','','-1',''),
(301,'1025',36,0,'745','10','10.5','10.5','1','2018-05-11',33,'3513',11,'','','','-1',''),
(302,'1025',36,0,'746','15','15.75','15.75','1','2018-05-11',33,'3513',16,'','','','-1',''),
(303,'1028',25,1,'744','435','456.75','155','1','2018-06-01',27,'7699',160,'','','','774','2500'),
(304,'1021',28,1,'63','179','187.95','663','1','2018-06-01',35,'154413',670,'PARA COLOR WHITE','7545 MERCANTILE FEATHERWEIGHT','','-1',''),
(305,'1021',28,1,'64','526','552.3','1897','1','2018-06-01',35,'154413',1900,'PARA COLOR WHITE','','','-1',''),
(306,'1021',28,1,'65','1045','1097.25','5204','1','2018-06-01',35,'154413',5210,'PARA COLOR WHITE','','','-1',''),
(307,'1021',28,1,'744','965','1013.25','4119','1','2018-06-01',35,'154413',4150,'PARA COLOR WHITE','','','-1',''),
(308,'1021',28,1,'66','513','538.65','2080','1','2018-06-01',35,'154413',2100,'PARA COLOR WHITE','','','-1',''),
(309,'1021',28,1,'745','238','249.9','1009','1','2018-06-01',35,'154413',1050,'PARA COLOR WHITE','','','-1',''),
(310,'1021',28,1,'746','104','109.2','109','1','2018-06-01',35,'154413',125,'PARA COLOR WHITE','','','-1',''),
(322,'1023',28,1,'63','68','71.4','462','1','2018-06-01',35,'154409',470,'todos los colores menos white','WHITE MERC FEATHERWEIGHT','','-1',''),
(324,'1023',28,1,'64','20','21','954','1','2018-06-01',35,'154409',960,'todos los colores menos white','WHITE MERC FEATHERWEIGHT','','-1',''),
(325,'1023',28,1,'65','51','53.55','3267','1','2018-06-01',35,'154409',3275,'todos los colores menos white','','','-1',''),
(326,'1023',28,1,'744','370','388.5','3879','1','2018-06-01',35,'154409',3900,'todos los colores menos white','','','-1',''),
(327,'1023',28,1,'66','10','10.5','1787','1','2018-06-01',35,'154409',1795,'todos los colores menos white','','','-1',''),
(328,'1023',28,1,'745','66','69.3','749','1','2018-06-01',35,'154409',760,'todos los colores menos white','','','-1',''),
(329,'1023',28,1,'747','0','0','20','1','2018-06-01',35,'154409',100,'todos los colores menos white','','','-1',''),
(330,'1023',28,1,'748','0','0','20','1','2018-06-01',35,'154409',100,'todos los colores menos white','','','-1',''),
(331,'1023',36,0,'63','68','71.4','71.4','1','2018-05-11',33,'3513',71,'','','','-1',''),
(332,'1023',36,0,'64','20','21','21','1','2018-05-11',33,'3513',21,'','','','-1',''),
(333,'1023',36,0,'65','51','53.55','53.55','1','2018-05-11',33,'3513',54,'','','','-1',''),
(334,'1023',36,0,'744','370','388.5','388.5','1','2018-05-11',33,'3513',389,'','','','-1',''),
(335,'1023',36,0,'66','10','10.5','10.5','1','2018-05-11',33,'3513',11,'','','','-1',''),
(336,'1023',36,0,'745','66','69.3','69.3','1','2018-05-11',33,'3513',70,'','','','-1',''),
(337,'1022',36,0,'63','453','475.65','475.65','1','2018-05-11',33,'3513',476,'','','','-1',''),
(338,'1022',36,0,'64','1281','1345.05','1345.05','1','2018-05-11',33,'3513',1345,'','','','-1',''),
(339,'1022',36,0,'65','3912','4107.6','4107.6','1','2018-05-11',33,'3513',4108,'','','','-1',''),
(340,'1022',36,0,'744','2958','3105.9','3105.9','1','2018-05-11',33,'3513',3106,'','','','-1',''),
(341,'1022',36,0,'66','1468','1541.4','1541.4','1','2018-05-11',33,'3513',1541,'','','','-1',''),
(342,'1022',36,0,'745','723','759.15','759.15','1','2018-05-11',33,'3513',759,'','','','-1',''),
(343,'1024',36,0,'65','1323','1389.15','1389.15','1','2018-05-11',33,'3513',1389,'','','','-1',''),
(344,'1024',36,0,'744','1205','1265.25','1265.25','1','2018-05-11',33,'3513',1265,'','','','-1',''),
(345,'1024',36,0,'66','622','653.1','653.1','1','2018-05-11',33,'3513',653,'','','','-1',''),
(346,'1024',36,0,'745','175','183.75','183.75','1','2018-05-11',33,'3513',184,'','','','-1',''),
(347,'1026',36,0,'64','93','97.65','97.65','1','2018-05-11',33,'3513',97,'','','','-1',''),
(348,'782',32,0,'64','809','849.45','849.45','1','2018-05-31',43,'83',850,'PRECIO $39.95','','','-1',''),
(349,'782',32,0,'65','1192','1251.6','1251.6','1','2018-05-31',43,'83',1225,'PRECIO $39.95','','','-1',''),
(350,'782',32,0,'744','1264','1327.2','1327.2','1','2018-05-31',43,'83',1285,'PRECIO $39.95','','','-1',''),
(351,'782',32,0,'66','731','767.55','767.55','1','2018-05-31',43,'83',755,'PRECIO $39.95','','','-1',''),
(352,'782',32,0,'745','314','329.7','329.7','1','2018-05-31',43,'83',350,'PRECIO $39.95','','','-1',''),
(353,'1023',25,1,'744','370','388.5','135','1','2018-05-10',26,'65911',128,'','C0097','','774','5486'),
(354,'1023',38,0,'744','370','388.5','25750','1','2018-05-11',30,'62394',26250,'7*11.5','','','-1',''),
(355,'1026',36,0,'65','455','477.75','477.75','1','2018-05-11',33,'3513',478,'','','','-1',''),
(356,'1026',36,0,'744','957','1004.85','1004.85','1','2018-05-11',33,'3513',1005,'','','','-1',''),
(357,'1026',36,0,'66','483','507.15','507.15','1','2018-05-11',33,'3513',507,'','','','-1',''),
(358,'1026',36,0,'745','207','217.35','217.35','1','2018-05-11',33,'3513',217,'','','','-1',''),
(359,'1027',36,0,'63','16','16.8','16.8','1','2018-05-11',33,'3513',17,'','','','-1',''),
(360,'1027',36,0,'64','58','60.9','60.9','1','2018-05-11',33,'3513',61,'','','','-1',''),
(361,'1027',36,0,'65','109','114.45','114.45','1','2018-05-11',33,'3513',114,'','','','-1',''),
(362,'1027',36,0,'744','109','114.45','114.45','1','2018-05-11',33,'3513',114,'','','','-1',''),
(363,'1027',36,0,'66','56','58.8','58.8','1','2018-05-11',33,'3513',59,'','','','-1',''),
(364,'1027',36,0,'745','24','25.2','25.2','1','2018-05-11',33,'3513',25,'','','','-1',''),
(365,'1027',36,0,'746','11','11.55','11.55','1','2018-05-11',33,'3513',12,'','','','-1',''),
(366,'1027',36,0,'747','8','8.4','8.4','1','2018-05-11',33,'3513',9,'','','','-1',''),
(367,'1027',36,0,'748','4','4.2','4.2','1','2018-05-11',33,'3513',6,'','','','-1',''),
(368,'1029',36,0,'63','16','16.8','16.8','1','2018-05-11',33,'3513',18,'','','','-1',''),
(369,'1029',36,0,'64','58','60.9','60.9','1','2018-05-11',33,'3513',61,'','','','-1',''),
(370,'1029',36,0,'65','109','114.45','114.45','1','2018-05-11',33,'3513',115,'','','','-1',''),
(371,'1029',36,0,'744','109','114.45','114.45','1','2018-05-11',33,'3513',115,'','','','-1',''),
(372,'1029',36,0,'66','56','58.8','58.8','1','2018-05-11',33,'3513',59,'','','','-1',''),
(373,'1029',36,0,'745','24','25.2','25.2','1','2018-05-11',33,'25',25,'','','','-1',''),
(374,'1029',36,0,'746','11','11.55','11.55','1','2018-05-11',33,'3513',12,'','','','-1',''),
(375,'1029',36,0,'747','8','8.4','8.4','1','2018-05-11',33,'3513',9,'','','','-1',''),
(376,'1029',36,0,'748','4','4.2','4.2','1','2018-05-11',33,'3513',7,'','','','-1',''),
(377,'1028',36,0,'63','145','152.25','152.25','1','2018-05-11',33,'3513',152,'','','','-1',''),
(378,'1028',36,0,'64','287','301.35','301.35','1','2018-05-11',33,'3513',301,'','','','-1',''),
(379,'1028',36,0,'65','446','468.3','468.3','1','2018-05-11',33,'3513',468,'','','','-1',''),
(380,'1028',36,0,'744','435','456.75','456.75','1','2018-05-11',33,'3513',456,'','','','-1',''),
(381,'1028',36,0,'66','226','237.3','237.3','1','2018-05-11',33,'3513',237,'','','','-1',''),
(382,'1028',36,0,'745','106','111.3','111.3','1','2018-05-11',33,'3513',111,'','','','-1',''),
(383,'1030',36,0,'63','139','145.95','145.95','1','2018-05-11',33,'3513',146,'','','','-1',''),
(384,'1030',36,0,'64','278','291.9','291.9','1','2018-05-11',33,'3513',292,'','','','-1',''),
(385,'1030',36,0,'65','429','450.45','450.45','1','2018-05-11',33,'3513',451,'','','','-1',''),
(386,'1030',36,0,'744','419','439.95','439.95','1','2018-05-11',33,'3513',440,'','','','-1',''),
(387,'1030',36,0,'66','218','228.9','228.9','1','2018-05-11',33,'3513',229,'','','','-1',''),
(388,'1030',36,0,'745','102','107.1','107.1','1','2018-05-11',33,'3513',108,'','','','-1',''),
(389,'955',25,1,'744','123','129.15','157','1','2018-04-19',26,'65392',148,'MENS','C1730','','774','5486'),
(390,'958',25,1,'744','123','129.15','157','1','2018-04-19',26,'65392',18,'MENS','AA301','','774','5486'),
(391,'958',25,1,'744','123','129.15','157','2','2018-05-03',26,'65701',130,'MENS','AA301','','774','5486'),
(392,'961',25,1,'744','123','129.15','242','1','2018-04-19',26,'65609',204,'MENS','IF202','','774','5486'),
(393,'958',30,1,'744','123','129.15','17850','1','2018-05-17',43,'4918',7650,'100%COTTON','ECC301','','-1',''),
(394,'955',30,1,'744','123','129.15','17850','2','2018-04-28',43,'2191',10300,'se tomo de inventario 257','ECC301','','-1',''),
(395,'236177',28,1,'64','123','129.15','1278','1','2018-05-17',43,'4918',1450,'para los 3 colores','CNSTMP-305 COOL GREY','','-1',''),
(396,'236177',28,1,'65','123','129.15','3042','1','2018-05-17',43,'4918',3350,'para los 3 colores','','','-1',''),
(397,'236177',28,1,'744','123','129.15','5713','1','2018-05-17',43,'4918',5950,'para los 3 colores','','','-1',''),
(398,'236177',28,1,'66','123','129.15','4454','1','2018-05-17',43,'4918',4750,'para los 3 colores','','','-1',''),
(399,'236177',28,1,'745','123','129.15','2230','1','2018-05-17',43,'4918',2375,'para los 3 colores','','','-1',''),
(400,'236177',28,1,'746','123','129.15','1052','1','2018-05-17',43,'4918',1450,'para los 3 colores','','','-1',''),
(401,'955',28,1,'64','17','17.85','1278','1','2018-05-17',43,'4918',1450,'TODOS LOS COLORES','CNSTMP-305 COOL GREY','','-1',''),
(402,'955',28,1,'65','56','58.8','3042','1','2018-05-17',43,'4918',3350,'TODOS LOS COLORES','','','-1',''),
(403,'955',28,1,'744','123','129.15','5713','1','2018-05-17',43,'4918',5950,'TODOS LOS COLORES','','','-1',''),
(404,'955',28,1,'66','98','102.9','4454','1','2018-05-17',43,'4918',4750,'TODOS LOS COLORES','','','-1',''),
(405,'955',28,1,'745','55','57.75','2230','1','2018-05-17',43,'4918',2375,'TODOS LOS COLORES','','','-1',''),
(406,'955',28,1,'746','26','27.3','1052','1','2018-05-17',43,'4918',1450,'TODOS LOS COLORES','','','-1',''),
(407,'955',28,1,'749','5','5.25','17','1','2018-05-17',43,'4918',20,'SE TOMARA SOBRANTE','','','-1',''),
(408,'955',44,1,'744','123','129.15','5040','1','2018-05-30',43,'4924',5400,'para pure white','EX621 CHALK/BLACK','','-1',''),
(409,'1030',32,0,'63','139','145.95','145.95','1','2018-06-04',43,'4843',150,'','','','-1',''),
(410,'1030',32,0,'64','278','291.9','291.9','1','2018-06-04',43,'4843',300,'','','','-1',''),
(411,'1030',32,0,'65','429','450.45','450.45','1','2018-06-04',43,'4843',460,'','','','-1',''),
(412,'1030',32,0,'744','419','439.95','439.95','1','2018-06-04',43,'4843',440,'','','','-1',''),
(413,'1030',32,0,'66','218','228.9','228.9','1','2018-06-04',43,'4843',230,'','','','-1',''),
(414,'1030',32,0,'745','102','107.1','107.1','1','2018-06-04',43,'4843',110,'','','','-1',''),
(415,'1028',32,0,'63','145','152.25','152.25','1','2018-06-04',43,'4843',160,'','','','-1',''),
(416,'1028',32,0,'64','287','301.35','301.35','1','2018-06-04',43,'4843',310,'','','','-1',''),
(417,'1028',32,0,'65','446','468.3','468.3','1','2018-06-04',43,'4843',470,'','','','-1',''),
(418,'1028',32,0,'744','435','456.75','456.75','1','2018-06-04',43,'4843',460,'','','','-1',''),
(419,'1028',32,0,'66','226','237.3','237.3','1','2018-06-04',43,'4843',240,'','','','-1',''),
(420,'1028',32,0,'745','106','111.3','111.3','1','2018-06-04',43,'4843',120,'','','','-1',''),
(421,'1022',32,0,'63','453','475.65','475.65','1','2018-06-04',43,'4840',480,'','','','-1',''),
(422,'1022',32,0,'64','1281','1345.05','1345.05','1','2018-06-04',43,'4840',1350,'','','','-1',''),
(423,'1022',32,0,'65','3912','4107.6','4107.6','1','2018-06-04',43,'4840',4110,'','','','-1',''),
(424,'1022',32,0,'744','2958','3105.9','3105.9','1','2018-06-04',43,'4840',3110,'','','','-1',''),
(425,'1022',32,0,'66','1468','1541.4','1541.4','1','2018-06-04',43,'4840',1550,'','','','-1',''),
(426,'1022',32,0,'745','723','759.15','759.15','1','2018-06-04',43,'4840',760,'','','','-1',''),
(427,'1024',32,0,'65','1323','1389.15','1389.15','1','2018-06-04',43,'4840',1390,'','','','-1',''),
(428,'1024',32,0,'744','1205','1265.25','1265.25','1','2018-06-04',43,'4840',1270,'','','','-1',''),
(429,'1024',32,0,'66','622','653.1','653.1','1','2018-06-04',43,'4840',660,'','','','-1',''),
(430,'1024',32,0,'745','175','183.75','183.75','1','2018-06-04',43,'4840',190,'','','','-1',''),
(431,'1026',32,0,'64','93','97.65','97.65','1','2018-06-04',43,'4840',100,'','','','-1',''),
(432,'1026',32,0,'65','455','477.75','477.75','1','2018-06-04',43,'4840',480,'','','','-1',''),
(433,'1026',32,0,'744','957','1004.85','1004.85','1','2018-06-04',43,'4840',1010,'','','','-1',''),
(434,'1026',32,0,'66','483','507.15','507.15','1','2018-06-04',43,'4840',510,'','','','-1',''),
(435,'1026',32,0,'745','207','217.35','217.35','1','2018-06-04',43,'4840',220,'','','','-1',''),
(436,'782',40,1,'66','731','767.55','4525','1','2018-05-30',43,'4924',4720,'','','','-1',''),
(437,'782',27,1,'64','809','849.45','849.45','1','2018-05-30',43,'4924',900,'','','','-1',''),
(438,'782',27,1,'65','1192','1251.6','1251.6','1','2018-05-30',43,'4924',1325,'','','','-1',''),
(439,'782',27,1,'744','1264','1327.2','1327.2','1','2018-05-30',43,'4924',1425,'','','','-1',''),
(440,'782',27,1,'66','731','767.55','767.55','1','2018-05-30',43,'4924',775,'','','','-1',''),
(441,'782',27,1,'745','314','329.7','329.7','1','2018-05-30',43,'4924',365,'','','','-1',''),
(442,'1021',32,0,'63','179','187.95','187.95','1','2018-06-06',45,'20024',200,'','','','-1',''),
(443,'1021',32,0,'64','526','552.3','552.3','1','2018-06-06',45,'20024',575,'','','','-1',''),
(444,'1021',32,0,'65','1045','1097.25','1097.25','1','2018-06-06',45,'20024',1100,'','','','-1',''),
(445,'1021',32,0,'744','965','1013.25','1013.25','1','2018-06-06',45,'20024',1025,'','','','-1',''),
(446,'1021',32,0,'66','513','538.65','538.65','1','2018-06-06',45,'20024',550,'','','','-1',''),
(447,'1021',32,0,'745','238','249.9','249.9','1','2018-06-06',45,'20024',250,'','','','-1',''),
(448,'1021',32,0,'746','104','109.2','109.2','1','2018-06-06',45,'20024',125,'','','','-1',''),
(449,'1023',32,0,'63','68','71.4','71.4','1','2018-06-06',45,'20024',75,'','','','-1',''),
(450,'1023',32,0,'64','20','21','21','1','2018-06-06',45,'20024',50,'','','','-1',''),
(451,'1023',32,0,'65','51','53.55','53.55','1','2018-06-06',45,'20024',75,'','','','-1',''),
(452,'1023',32,0,'744','370','388.5','388.5','1','2018-06-06',45,'20024',400,'','','','-1',''),
(453,'1023',32,0,'66','10','10.5','10.5','1','2018-06-06',45,'20024',25,'','','','-1',''),
(454,'1023',32,0,'745','66','69.3','69.3','1','2018-06-06',45,'20024',75,'','','','-1',''),
(455,'1025',32,0,'63','68','71.4','71.4','1','2018-06-05',45,'20024',75,'','','','-1',''),
(456,'1025',32,0,'64','115','120.75','120.75','1','2018-06-06',45,'20024',125,'','','','-1',''),
(457,'1025',32,0,'65','192','201.6','201.6','1','2018-06-06',45,'20024',225,'','','','-1',''),
(458,'1025',32,0,'744','91','95.55','95.55','1','2018-06-06',45,'20024',100,'','','','-1',''),
(459,'1025',32,0,'66','31','32.55','32.55','1','2018-06-06',45,'20024',50,'','','','-1',''),
(460,'1025',32,0,'745','10','10.5','10.5','1','2018-06-06',45,'20024',25,'','','','-1',''),
(461,'1025',32,0,'746','15','15.75','15.75','1','2018-06-06',45,'20024',25,'','','','-1',''),
(462,'1027',32,0,'63','16','16.8','16.8','1','2018-06-06',45,'20024',25,'','','','-1',''),
(463,'1027',32,0,'64','58','60.9','60.9','1','2018-06-06',45,'20024',75,'','','','-1',''),
(464,'1027',32,0,'65','109','114.45','114.45','1','2018-06-06',45,'20024',125,'','','','-1',''),
(465,'1027',32,0,'744','109','114.45','114.45','1','2018-06-06',45,'20024',125,'','','','-1',''),
(466,'1027',32,0,'66','56','58.8','58.8','1','2018-06-06',45,'20024',75,'','','','-1',''),
(467,'1027',32,0,'745','24','25.2','25.2','1','2018-06-06',45,'20024',50,'','','','-1',''),
(468,'1027',32,0,'746','11','11.55','11.55','1','2018-06-06',45,'20024',25,'','','','-1',''),
(469,'1027',32,0,'747','8','8.4','8.4','1','2018-06-06',45,'20024',28,'','','','-1',''),
(470,'1027',32,0,'748','4','4.2','4.2','1','2018-06-06',45,'20024',28,'','','','-1',''),
(471,'1029',32,0,'63','16','16.8','16.8','1','2018-06-05',45,'20024',25,'','','','-1',''),
(472,'1029',32,0,'64','58','60.9','60.9','1','2018-06-06',45,'20024',75,'','','','-1',''),
(473,'1029',32,0,'65','109','114.45','114.45','1','2018-06-06',45,'20024',125,'','','','-1',''),
(474,'1029',32,0,'744','109','114.45','114.45','1','2018-06-06',45,'20024',125,'','','','-1',''),
(475,'1029',32,0,'66','56','58.8','58.8','1','2018-06-06',45,'20024',75,'','','','-1',''),
(476,'1029',32,0,'745','24','25.2','25.2','1','2018-06-06',45,'20024',50,'','','','-1',''),
(477,'1029',32,0,'746','11','11.55','11.55','1','2018-06-06',45,'20024',25,'','','','-1',''),
(478,'1029',32,0,'747','8','8.4','8.4','1','2018-06-06',45,'20024',25,'','','','-1',''),
(479,'1029',32,0,'748','4','4.2','4.2','1','2018-06-06',45,'20024',25,'','','','-1',''),
(480,'1431',25,1,'65','754','791.7','638','1','2018-05-28',27,'7145',150,'para cuerpo','','','770','2500'),
(481,'1431',25,1,'65','754','791.7','638','2','2018-05-28',27,'7146',325,'para cuerpo','','','770','2500'),
(482,'1431',25,1,'744','789','828.45','255','1','2018-05-28',27,'7163',180,'contraste manga','','','770',''),
(483,'1431',25,1,'745','170','178.5','255','2','2018-05-28',27,'7163',81,'contraste manga','','','770','2500'),
(484,'1431',29,1,'744','789','828.45','5863','1','2018-06-05',43,'163',6000,'bulk','','','-1',''),
(485,'1431',29,1,'65','754','791.7','2520','1','2018-06-05',43,'163',2660,'prepack','','','-1',''),
(486,'1431',37,0,'65','754','791.7','400','1','2018-06-07',43,'164',550,'PREPACK','','','-1',''),
(487,'1431',36,0,'64','757','794.85','1653','1','2018-06-01',43,'160',1740,'BULK','','','-1',''),
(488,'1431',36,0,'65','754','791.7','1490','1','2018-06-04',43,'160',1600,'BULK','','','-1',''),
(489,'1431',36,0,'744','789','828.45','1738','1','2018-06-04',43,'160',1830,'BULK','','','-1',''),
(490,'1431',36,0,'66','337','353.85','659','1','2018-06-04',43,'160',725,'BULK','','','-1',''),
(491,'1431',36,0,'745','170','178.5','273','1','2018-06-04',43,'160',320,'BULK','','','-1',''),
(492,'1431',41,0,'64','757','794.85','1824','1','2018-06-04',43,'160',1945,'USA','','','-1',''),
(493,'1431',41,0,'65','754','791.7','2087','1','2018-06-04',43,'160',2215,'USA','','','-1',''),
(494,'1431',41,0,'744','789','828.45','1889','1','2018-06-04',43,'160',2010,'USA','','','-1',''),
(495,'1431',41,0,'66','337','353.85','957','1','2018-06-04',43,'160',1035,'USA','','','-1',''),
(496,'1431',41,0,'745','170','178.5','613','1','2018-06-04',43,'160',675,'USA','','','-1',''),
(497,'1431',42,0,'64','757','794.85','150','1','2018-06-04',43,'160',190,'CANADA','','','-1',''),
(498,'1431',42,0,'65','754','791.7','164','1','2018-06-04',43,'160',200,'CANADA','','','-1',''),
(499,'1431',42,0,'744','789','828.45','166','1','2018-06-04',43,'160',205,'CANADA','','','-1',''),
(500,'1431',42,0,'66','337','353.85','82','1','2018-06-04',43,'160',115,'CANADA','','','-1',''),
(501,'1431',42,0,'745','170','178.5','52','1','2018-06-04',43,'160',85,'CANADA','','','-1',''),
(502,'404',40,1,'64','529','555.45','2940','1','2018-05-30',43,'4924',3100,'BLACK OUTET','EF0113 OUTLET','','-1',''),
(503,'404',27,1,'64','529','555.45','555.45','1','2018-05-30',43,'4924',600,'BLACK/GREY','EXCN611SCS B/G','','-1',''),
(504,'404',27,1,'65','776','814.8','814.8','1','2018-05-30',43,'4924',850,'BLACK/GREY','','','-1',''),
(505,'404',27,1,'744','830','871.5','871.5','1','2018-05-30',43,'4924',925,'BLACK/GREY','','','-1',''),
(506,'404',27,1,'66','468','491.4','491.4','1','2018-05-30',43,'4924',500,'BLACK/GREY','','','-1',''),
(507,'404',27,1,'745','197','206.85','206.85','1','2018-05-30',43,'4924',250,'BLACK/GREY','','','-1',''),
(508,'904',40,1,'65','1244','1306.2','4725','1','2018-05-30',43,'4924',5000,'BLACK OUTLET','EF0113 BLACK/OUTLET','','-1',''),
(509,'904',27,1,'64','844','886.2','886.2','1','2018-05-30',43,'4924',950,'BLACK OUTLET','EXCN611SCO B/G','','-1',''),
(510,'904',27,1,'65','1244','1306.2','1306.2','1','2018-05-30',43,'7924',1375,'BLACK OUTLET','','','-1',''),
(511,'904',27,1,'744','1324','1390.2','1390.2','1','2018-05-30',43,'4924',1500,'BLACK OUTLET','','','-1',''),
(512,'904',27,1,'66','758','795.9','795.9','1','2018-05-30',43,'4924',800,'BLACK OUTLET','','','-1',''),
(513,'904',27,1,'745','330','346.5','346.5','1','2018-05-30',43,'4924',400,'BLACK OUTLET','','','-1',''),
(514,'1204',40,1,'744','1022','1073.1','3675','1','2018-05-30',43,'4924',3850,'BLACK OUTLET','EFO113 BLACK OUTLET','','-1',''),
(515,'1204',27,1,'64','652','684.6','684.6','1','2018-05-30',43,'4924',735,'BLACK/GREY','EXCN611SCO B/G','','-1',''),
(516,'1204',27,1,'65','961','1009.05','1009.05','1','2018-05-30',43,'4924',1075,'BLACK/GREY','','','-1',''),
(517,'1204',27,1,'744','1022','1073.1','1073.1','1','2018-05-30',43,'4924',1165,'BLACK/GREY','','','-1',''),
(518,'1204',27,1,'66','585','614.25','614.25','1','2018-05-30',43,'4924',625,'BLACK/GREY','','','-1',''),
(519,'1204',27,1,'745','280','294','294','1','2018-05-30',43,'4924',300,'BLACK/GREY','','','-1',''),
(520,'781',40,1,'744','539','565.95','2100','1','2018-05-30',43,'4924',2200,'BLACK OUTLET','EFO113 BLACK OUTLET','','-1',''),
(521,'781',27,1,'64','384','403.2','403.2','1','2018-05-30',43,'4924',425,'BLACK /GREY','EXCN611SCO B/G','','-1',''),
(522,'781',27,1,'65','547','574.35','574.35','1','2018-05-30',43,'4924',625,'BLACK /GREY','','','-1',''),
(523,'781',27,1,'744','539','565.95','565.95','1','2018-05-30',43,'4924',675,'BLACK /GREY','','','-1',''),
(524,'781',27,1,'66','351','368.55','368.55','1','2018-05-30',43,'4924',365,'BLACK /GREY','','','-1',''),
(525,'781',27,1,'745','179','187.95','187.95','1','2018-05-30',43,'4924',175,'BLACK /GREY','','','-1',''),
(526,'958',44,1,'744','31','32.55','12810','1','2018-05-30',43,'4924',13800,'BLACK /GREY','EX621 BLACK/VAPOR','','-1',''),
(527,'1432',30,1,'64','125','131.25','2573','1','2018-06-08',31,'3127',2120,'65%P 35%C/ 57%P 24%C 19%V','65/35 57/24/19','','-1',''),
(528,'1432',30,1,'65','250','262.5','3160','1','2018-06-08',31,'3127',2405,'','','','-1',''),
(529,'1432',30,1,'744','125','131.25','3096','1','2018-06-07',31,'3127',2205,'','','','-1',''),
(530,'1432',30,1,'66','125','131.25','1667','1','2018-06-08',31,'3127',1130,'','','','-1',''),
(531,'1432',30,1,'745','125','131.25','1043','1','2018-06-08',31,'3127',735,'','','','-1',''),
(532,'1195',25,1,'64','809','849.45','28','1','2018-06-07',26,'66550',31,'74794 BURNOUT','RB201','','771','5486'),
(533,'1103',25,1,'64','552','579.6','27','1','2018-06-07',26,'66574',15,'74794 BURNOUT','C9686','','771','5486'),
(534,'875',25,1,'65','103','108.15','85','1','2018-05-14',26,'65951',91,'MENS','C2080','','774','5486'),
(535,'874',25,1,'65','103','108.15','85','1','2018-05-14',26,'65951',100,'MENS','C9675','','774','5486'),
(536,'876',25,1,'65','103','108.15','85','1','2018-05-14',26,'66104',100,'90667 MENS','QI406','','774','5486');

/*Table structure for table `materialout` */

DROP TABLE IF EXISTS `materialout`;

CREATE TABLE `materialout` (
  `id` int(10) NOT NULL AUTO_INCREMENT,
  `po` varchar(30) DEFAULT NULL,
  `material` int(10) DEFAULT NULL,
  `materialtype` tinyint(1) DEFAULT NULL,
  `size` varchar(30) DEFAULT NULL,
  `ordernumber` varchar(10) DEFAULT NULL,
  `loss` varchar(10) DEFAULT NULL,
  `need` varchar(10) DEFAULT NULL,
  `rcvd` varchar(30) DEFAULT NULL,
  `date` varchar(30) DEFAULT NULL,
  `department` int(10) DEFAULT NULL,
  `invoice` varchar(30) DEFAULT NULL,
  `quantity` int(30) DEFAULT NULL,
  `note` varchar(30) DEFAULT NULL,
  `code` varchar(30) DEFAULT NULL,
  `prepack` varchar(30) DEFAULT NULL,
  `textura` varchar(30) DEFAULT NULL,
  `mts` varchar(30) DEFAULT NULL,
  PRIMARY KEY (`id`)
) ENGINE=InnoDB DEFAULT CHARSET=utf8;

/*Data for the table `materialout` */

/*Table structure for table `orderdetail` */

DROP TABLE IF EXISTS `orderdetail`;

CREATE TABLE `orderdetail` (
  `id` int(10) NOT NULL AUTO_INCREMENT,
  `orderid` int(10) DEFAULT NULL,
  `style` varchar(30) DEFAULT NULL,
  `po` varchar(30) DEFAULT NULL,
  `shipdate` varchar(30) DEFAULT NULL,
  `color` varchar(30) DEFAULT NULL,
  `colorname` varchar(30) DEFAULT NULL,
  `s1` float DEFAULT NULL,
  `s2` float DEFAULT NULL,
  `s3` float DEFAULT NULL,
  `s4` float DEFAULT NULL,
  `s5` float DEFAULT NULL,
  `s6` float DEFAULT NULL,
  `s7` float DEFAULT NULL,
  `s8` float DEFAULT NULL,
  `s9` float DEFAULT NULL,
  `s10` float DEFAULT NULL,
  `body` varchar(30) DEFAULT '0',
  `trim` varchar(30) DEFAULT NULL,
  `otra1` varchar(10) DEFAULT NULL,
  `otra2` varchar(10) DEFAULT NULL,
  `priority` varchar(30) DEFAULT NULL,
  `priorityname` varchar(30) DEFAULT NULL,
  `work` int(1) DEFAULT '1',
  `unit` varchar(30) DEFAULT NULL,
  `f1` varchar(1) DEFAULT NULL,
  `f2` varchar(1) NOT NULL,
  `f3` varchar(1) DEFAULT NULL,
  `f4` varchar(1) DEFAULT NULL,
  `f5` varchar(1) DEFAULT NULL,
  PRIMARY KEY (`id`)
) ENGINE=InnoDB AUTO_INCREMENT=1452 DEFAULT CHARSET=utf8;

/*Data for the table `orderdetail` */

insert  into `orderdetail`(`id`,`orderid`,`style`,`po`,`shipdate`,`color`,`colorname`,`s1`,`s2`,`s3`,`s4`,`s5`,`s6`,`s7`,`s8`,`s9`,`s10`,`body`,`trim`,`otra1`,`otra2`,`priority`,`priorityname`,`work`,`unit`,`f1`,`f2`,`f3`,`f4`,`f5`) values 
(20,8,'J4747','1698898','2018-05-02','C0103','Brillant Peri',0,283,827,1337,1062,494,226,131,0,0,'Body','',NULL,NULL,'N','Normal',1,'','1','','','',''),
(21,8,'J4747','2711897','2018-05-11','C0103','Brillant Peri',6,504,921,1156,970,455,256,0,0,0,'Body','',NULL,NULL,'N','Normal',1,'','1','2','','',''),
(22,8,'J4747','1698898','2018-05-11','C0374','Navy',0,408,1193,1929,1532,713,326,189,0,0,'Body','',NULL,NULL,'N','Normal',1,NULL,NULL,'',NULL,NULL,NULL),
(23,8,'J4747','2711897','2018-05-11','C0374','Navy',7,647,1173,1489,1248,585,311,0,0,0,'Body','',NULL,NULL,'N','Normal',1,NULL,NULL,'',NULL,NULL,NULL),
(24,8,'J4747','1698898','2018-05-11','C0431','Pink',0,316,921,1490,1184,551,252,146,0,0,'Body','',NULL,NULL,'N','Normal',1,NULL,NULL,'',NULL,NULL,NULL),
(25,8,'J4747','2711897','2018-05-11','C0431','Pink',7,551,1016,1278,1066,500,276,0,0,0,'Body','',NULL,NULL,'N','Normal',1,NULL,NULL,'',NULL,NULL,NULL),
(26,8,'J4747','TEIDO','2018-05-11','C0633','White',20,2719,6066,8700,7080,3306,1653,466,0,0,'','',NULL,NULL,'N','Normal',2,NULL,NULL,'',NULL,NULL,NULL),
(29,9,'7W84139','P07Q965200','2018-05-28','C0656','Navy Stripe W/White',114,102,371,162,26,0,0,0,0,0,'','',NULL,NULL,'-1','Not Selected',1,NULL,NULL,'',NULL,NULL,NULL),
(30,9,'7W84139','P07R074600','2018-05-28','C0656','Navy Stripe W/White',183,366,183,183,183,0,0,0,0,0,'','',NULL,NULL,'-1','Not Selected',1,NULL,NULL,'',NULL,NULL,NULL),
(31,9,'7W84139','P07Q965100','2018-05-28','C0656','Navy Stripe W/White',21,34,47,21,8,0,0,0,0,0,'','',NULL,NULL,'-1','Not Selected',1,NULL,NULL,'',NULL,NULL,NULL),
(32,9,'7W84139','P07R074500','2018-05-28','C0656','Navy Stripe W/White',7,14,7,7,7,0,0,0,0,0,'','',NULL,NULL,'-1','Not Selected',1,NULL,NULL,'',NULL,NULL,NULL),
(33,10,'7Q83273','P07Q628100','2018-06-04','C0041','Birch',0,0,0,0,0,0,0,0,0,0,'','',NULL,NULL,'-1','Not Selected',1,NULL,NULL,'',NULL,NULL,NULL),
(34,11,'7Q83273','7Q83273','2018-06-04','C0041','Birch',900,600,300,0,0,0,0,0,0,0,'','',NULL,NULL,'-1','Not Selected',1,NULL,NULL,'',NULL,NULL,NULL),
(39,13,'J1900','2710369','2018-05-04','C0019','Astor Blue',10,423,1126,1915,1721,856,453,0,0,0,'','',NULL,NULL,'-1','Not Selected',1,NULL,NULL,'',NULL,NULL,NULL),
(40,13,'J1900','1697490','2018-05-04','C0019','Astor Blue',0,186,686,1331,1222,631,322,117,175,169,'','',NULL,NULL,'-1','Not Selected',1,NULL,NULL,'',NULL,NULL,NULL),
(41,13,'J1900','0219069','2018-05-04','C0019','Astor Blue',0,13,96,171,169,105,61,13,0,0,'','',NULL,NULL,'-1','Not Selected',1,NULL,NULL,'',NULL,NULL,NULL),
(42,13,'J1900','2710718','2018-05-04','C0019','Astor Blue',0,5,13,23,20,10,5,0,0,0,'','',NULL,NULL,'-1','Not Selected',1,NULL,NULL,'',NULL,NULL,NULL),
(43,13,'J1900','0219730','2018-05-04','C0019','Astor Blue',0,0,3,9,6,4,1,0,0,0,'','',NULL,NULL,'-1','Not Selected',1,NULL,NULL,'',NULL,NULL,NULL),
(44,13,'J1900','0219597','2018-05-04','C0019','Astor Blue',0,0,7,13,19,13,8,0,0,0,'','',NULL,NULL,'-1','Not Selected',1,NULL,NULL,'',NULL,NULL,NULL),
(45,13,'J1900','0220676','2018-06-11','C0139','Cerise',0,21,153,273,268,168,98,19,0,0,'','',NULL,NULL,'-1','Not Selected',1,NULL,NULL,'',NULL,NULL,NULL),
(46,14,'53362','6068358','2018-05-04','C0633','White',0,209,403,1169,1568,593,58,0,0,0,'','',NULL,NULL,'-1','Not Selected',1,'0','0','','','',''),
(47,14,'53362','3518648','2018-05-04','C0633','White',0,0,702,1637,1333,828,0,0,0,0,'','',NULL,NULL,'-1','Not Selected',1,'0',NULL,'',NULL,NULL,NULL),
(48,14,'53362','6068368','2018-05-04','C0043','Black',0,88,364,1287,1436,675,150,0,0,0,'','',NULL,NULL,'-1','Not Selected',1,'0',NULL,'',NULL,NULL,NULL),
(49,14,'53362','3518648','2018-05-04','C0043','Black',0,0,757,1996,2189,1058,0,0,0,0,'','',NULL,NULL,'-1','Not Selected',1,'0',NULL,'',NULL,NULL,NULL),
(50,14,'J1919','6068280','2018-05-04','C0280','Hthr River',0,81,334,1181,1317,619,138,0,0,0,'','',NULL,NULL,'-1','Not Selected',1,'0',NULL,'',NULL,NULL,NULL),
(51,14,'J1919','6068281','2018-05-04','C0280','Hthr River',0,49,205,724,808,380,84,0,0,0,'','',NULL,NULL,'-1','Not Selected',1,'0',NULL,'',NULL,NULL,NULL),
(52,14,'J1919','3518588','2018-05-04','C0280','Hthr River',0,0,1086,3741,3624,1553,0,0,0,0,'','',NULL,NULL,'-1','Not Selected',1,'0',NULL,'',NULL,NULL,NULL),
(53,14,'53362','6068357','2018-05-18','C0181','Deep Grove',0,21,86,303,338,159,35,0,0,0,'','',NULL,NULL,'-1','Not Selected',1,'0',NULL,'',NULL,NULL,NULL),
(54,14,'53362','6068358','2018-05-18','C0181','Deep Grove',0,13,53,186,207,98,22,0,0,0,'','',NULL,NULL,'-1','Not Selected',1,'0',NULL,'',NULL,NULL,NULL),
(55,14,'53362','3518647','2018-05-18','C0181','Deep Grove',0,0,701,2434,2360,1007,0,0,0,0,'','',NULL,NULL,'-1','Not Selected',1,'0',NULL,'',NULL,NULL,NULL),
(66,17,'J1497','1695955','2018-05-04','C0043','Black',0,48,165,257,164,67,24,19,0,0,'','',NULL,NULL,'-1','Not Selected',1,NULL,NULL,'',NULL,NULL,NULL),
(67,17,'J1497','2710509','2018-05-04','C0043','Black',0,2,6,10,7,2,1,0,0,0,'','',NULL,NULL,'-1','Not Selected',1,NULL,NULL,'',NULL,NULL,NULL),
(68,17,'J1497','2709384','2018-05-04','C0043','Black',7,232,480,683,440,238,20,0,0,0,'','',NULL,NULL,'-1','Not Selected',1,NULL,NULL,'',NULL,NULL,NULL),
(69,17,'J1497','1695955','2018-05-04','C0155','Coal Grey',0,37,127,197,126,51,19,15,0,0,'','',NULL,NULL,'-1','Not Selected',1,NULL,NULL,'',NULL,NULL,NULL),
(70,17,'J1497','2710509','2018-05-04','C0155','Coal Grey',0,1,4,7,5,2,1,0,0,0,'','',NULL,NULL,'-1','Not Selected',1,NULL,NULL,'',NULL,NULL,NULL),
(71,17,'J1497','2709384','2018-05-04','C0155','Coal Grey',7,470,960,1360,956,309,118,0,0,0,'','',NULL,NULL,'-1','Not Selected',1,NULL,NULL,'',NULL,NULL,NULL),
(72,17,'J1497','1695955','2018-05-04','C0374','Navy',0,41,139,217,138,56,20,17,0,0,'','',NULL,NULL,'-1','Not Selected',1,NULL,NULL,'',NULL,NULL,NULL),
(73,17,'J1497','2710509','2018-05-04','C0374','Navy',0,2,6,10,7,2,1,0,0,0,'','',NULL,NULL,'-1','Not Selected',1,NULL,NULL,'',NULL,NULL,NULL),
(74,17,'J1497','2709384','2018-05-04','C0374','Navy',7,223,442,495,404,227,14,0,0,0,'','',NULL,NULL,'-1','Not Selected',1,NULL,NULL,'',NULL,NULL,NULL),
(75,17,'J1497','1695955','2018-05-04','C0405','Old Red',0,29,101,157,101,41,15,12,0,0,'','',NULL,NULL,'-1','Not Selected',1,NULL,NULL,'',NULL,NULL,NULL),
(76,17,'J1497','2710509','2018-05-04','C0405','Old Red',0,1,4,6,5,1,1,0,0,0,'','',NULL,NULL,'-1','Not Selected',1,NULL,NULL,'',NULL,NULL,NULL),
(77,8,'J4747','2713497','2018-05-11','C0103','Brillant Peri',0,3,4,6,5,2,2,0,0,0,'','',NULL,NULL,'-1','Not Selected',1,NULL,NULL,'',NULL,NULL,NULL),
(78,17,'J1497','2709384','2018-05-04','C0405','Old Red',7,459,909,1274,904,292,97,0,0,0,'','',NULL,NULL,'-1','Not Selected',1,NULL,NULL,'',NULL,NULL,NULL),
(79,17,'J1497','1695955','2018-05-04','C0517','Shale Blue',0,28,95,148,94,38,14,11,0,0,'','',NULL,NULL,'-1','Not Selected',1,NULL,NULL,'',NULL,NULL,NULL),
(80,17,'J1497','2710509','2018-05-04','C0517','Shale Blue',0,1,4,5,4,1,1,0,0,0,'','',NULL,NULL,'-1','Not Selected',1,NULL,NULL,'',NULL,NULL,NULL),
(81,8,'J4747','2713497','2018-05-11','C0374','Navy',0,4,6,8,7,3,2,0,0,0,'','',NULL,NULL,'-1','Not Selected',1,NULL,NULL,'',NULL,NULL,NULL),
(82,17,'J1497','2709384','2018-05-04','C0517','Shale Blue',7,438,856,1186,856,278,83,0,0,0,'','',NULL,NULL,'-1','Not Selected',1,NULL,NULL,'',NULL,NULL,NULL),
(83,17,'J1497','1695955','2018-05-04','C0633','White',0,65,222,345,220,90,32,26,0,0,'','',NULL,NULL,'-1','Not Selected',1,NULL,NULL,'',NULL,NULL,NULL),
(84,17,'J1497','2710509','2018-05-04','C0633','White',0,4,13,21,15,5,2,0,0,0,'','',NULL,NULL,'-1','Not Selected',1,NULL,NULL,'',NULL,NULL,NULL),
(85,8,'J4747','2713497','2018-05-11','C0431','Pink',0,3,5,7,6,3,2,0,0,0,'','',NULL,NULL,'-1','Not Selected',1,NULL,NULL,'',NULL,NULL,NULL),
(86,17,'J1497','2709384','2018-05-04','C0633','White',15,260,514,739,498,223,11,0,0,0,'','',NULL,NULL,'-1','Not Selected',1,NULL,NULL,'',NULL,NULL,NULL),
(87,17,'J1497','1695956','2018-05-18','C0633','White',0,48,166,259,166,67,24,20,0,0,'','',NULL,NULL,'-1','Not Selected',1,NULL,NULL,'',NULL,NULL,NULL),
(88,17,'J1497','2709385','2018-05-18','C0633','White',0,204,401,559,413,71,92,0,0,0,'','',NULL,NULL,'-1','Not Selected',1,NULL,NULL,'',NULL,NULL,NULL),
(89,17,'J1497','1695956','2018-05-18','C0043','Black',0,36,124,192,123,50,18,15,0,0,'','',NULL,NULL,'-1','Not Selected',1,NULL,NULL,'',NULL,NULL,NULL),
(90,17,'J1497','2709385','2018-05-18','C0043','Black',0,191,370,505,385,60,85,0,0,0,'','',NULL,NULL,'-1','Not Selected',1,NULL,NULL,'',NULL,NULL,NULL),
(91,17,'J1497','1695956','2018-05-18','C0155','Coal Grey',0,28,95,148,95,39,13,11,0,0,'','',NULL,NULL,'-1','Not Selected',1,NULL,NULL,'',NULL,NULL,NULL),
(92,17,'J1497','1695956','2018-05-18','C0374','Navy',0,30,105,162,104,43,15,12,0,0,'','',NULL,NULL,'-1','Not Selected',1,NULL,NULL,'',NULL,NULL,NULL),
(93,17,'J1497','2709385','2018-05-18','C0374','Navy',0,143,303,528,302,39,65,0,0,0,'','',NULL,NULL,'-1','Not Selected',1,NULL,NULL,'',NULL,NULL,NULL),
(94,17,'J1497','1695956','2018-05-18','C0405','Old Red',0,23,76,118,75,30,11,9,0,0,'','',NULL,NULL,'-1','Not Selected',1,NULL,NULL,'',NULL,NULL,NULL),
(95,17,'J1497','1695956','2018-05-18','C0517','Shale Blue',0,21,71,110,71,29,10,9,0,0,'','',NULL,NULL,'-1','Not Selected',1,NULL,NULL,'',NULL,NULL,NULL),
(96,17,'J1497','1695957','2018-06-01','C0043','Black',0,36,124,193,123,50,18,14,0,0,'','',NULL,NULL,'-1','Not Selected',1,NULL,NULL,'',NULL,NULL,NULL),
(97,17,'J1497','2709386','2018-06-01','C0043','Black',0,134,342,482,349,180,109,0,0,0,'','',NULL,NULL,'-1','Not Selected',1,NULL,NULL,'',NULL,NULL,NULL),
(98,17,'J1497','1695957','2018-06-01','C0155','Coal Grey',0,27,95,147,94,38,14,12,0,0,'','',NULL,NULL,'-1','Not Selected',1,NULL,NULL,'',NULL,NULL,NULL),
(99,17,'J1497','1695957','2018-06-01','C0374','Navy',0,30,104,163,104,42,16,12,0,0,'','',NULL,NULL,'-1','Not Selected',1,NULL,NULL,'',NULL,NULL,NULL),
(100,17,'J1497','2709386','2018-06-01','C0374','Navy',0,122,327,432,312,90,97,0,0,0,'','',NULL,NULL,'-1','Not Selected',1,NULL,NULL,'',NULL,NULL,NULL),
(101,17,'J1497','1695957','2018-06-01','C0405','Old Red',0,22,76,118,75,31,11,9,0,0,'','',NULL,NULL,'-1','Not Selected',1,NULL,NULL,'',NULL,NULL,NULL),
(102,17,'J1497','1695957','2018-06-01','C0517','Shale Blue',0,20,71,111,71,29,11,8,0,0,'','',NULL,NULL,'-1','Not Selected',1,NULL,NULL,'',NULL,NULL,NULL),
(103,17,'J1497','1695957','2018-06-01','C0633','White',0,48,167,259,165,67,25,19,0,0,'','',NULL,NULL,'-1','Not Selected',1,NULL,NULL,'',NULL,NULL,NULL),
(104,17,'J1497','2709386','2018-06-01','C0633','White',0,142,372,548,365,202,111,0,0,0,'','',NULL,NULL,'-1','Not Selected',1,NULL,NULL,'',NULL,NULL,NULL),
(105,14,'J4747','1698898','43222','C0103','Brillant Peri',0,283,827,1337,1062,494,226,131,0,0,'7.02','',NULL,NULL,'N','Normal',1,'1.13',NULL,'',NULL,NULL,NULL),
(106,14,'J4747','2711897','43231','C0103','Brillant Peri',6,504,921,1156,970,455,256,0,0,0,'7.02','',NULL,NULL,'N','Normal',1,'1.13',NULL,'',NULL,NULL,NULL),
(107,14,'J4747','1698898','43231','C0374','Navy',0,408,1193,1929,1532,713,326,189,0,0,'7.02','',NULL,NULL,'N','Normal',1,'1.13',NULL,'',NULL,NULL,NULL),
(108,14,'J4747','2711897','43231','C0374','Navy',7,647,1173,1489,1248,585,311,0,0,0,'7.02','',NULL,NULL,'N','Normal',1,'1.13',NULL,'',NULL,NULL,NULL),
(109,14,'J4747','1698898','43231','C0431','Pink',0,316,921,1490,1184,551,252,146,0,0,'7.02','',NULL,NULL,'N','Normal',1,'1.13',NULL,'',NULL,NULL,NULL),
(110,14,'J4747','2711897','43231','C0431','Pink',7,551,1016,1278,1066,500,276,0,0,0,'7.02','',NULL,NULL,'N','Normal',1,'1.13',NULL,'',NULL,NULL,NULL),
(142,19,'264-18C67660','4501926829','43243','CORSICAN BLUE','CORSICAN BLUE',238,471,652,439,0,0,0,0,0,0,'11.68','',NULL,NULL,'','',1,'1',NULL,'',NULL,NULL,NULL),
(143,19,'264-18C67660','4501926829','43243','VIBRANT PINK','VIBRANT PINK',238,471,652,439,0,0,0,0,0,0,'11.68','',NULL,NULL,'','',1,'1',NULL,'',NULL,NULL,NULL),
(163,18,'264-18C67660','4501926829','2018-05-11','CORSICAN BLUE','CORSICAN BLUE',108,211,262,179,0,0,0,0,0,0,'11.68','',NULL,NULL,'','',1,'1',NULL,'',NULL,NULL,NULL),
(164,18,'264-18C67660','4501926829','2018-05-11','CORSICAN BLUE','CORSICAN BLUE',130,260,390,260,0,0,0,0,0,0,'11.68','',NULL,NULL,'','',1,'1',NULL,'',NULL,NULL,NULL),
(165,18,'264-18C67660','4501926829','2018-05-11','VIBRANT PINK','VIBRANT PINK',108,211,262,179,0,0,0,0,0,0,'11.68','',NULL,NULL,'','',1,'1',NULL,'',NULL,NULL,NULL),
(166,18,'264-18C67660','4501926829','2018-05-11','VIBRANT PINK','VIBRANT PINK',130,260,390,260,0,0,0,0,0,0,'11.68','',NULL,NULL,'','',1,'1',NULL,'',NULL,NULL,NULL),
(174,21,'8605044','223336','2018-07-10','C0201','Dusty Pink Grey',29,181,294,270,168,58,0,0,0,0,'7.52','0.76','','','N','Normal',1,'1','','','','',''),
(181,22,'28800082','227194','2018-05-22','C0588','True White',901,1134,1134,577,254,0,0,0,0,0,'6.54','4.81',NULL,NULL,'','',1,'1',NULL,'',NULL,NULL,NULL),
(203,29,'8604918','229172','42151','C0444','Pitch Black',51,255,426,409,245,114,0,0,0,0,'9.64','',NULL,NULL,'','',1,'1',NULL,'',NULL,NULL,NULL),
(210,30,'28600117','225768','43228','C0359','MHG',1090,1534,995,381,0,0,0,0,0,0,'7.38','',NULL,NULL,'','',1,'1',NULL,'',NULL,NULL,NULL),
(211,30,'28600117','226033','43248','C0349','Maroon',934,1466,1116,484,0,0,0,0,0,0,'7.38','',NULL,NULL,'','',1,'1',NULL,'',NULL,NULL,NULL),
(240,24,'8605217','226028','2018-06-05','C0421','Pale Snow Heather',36,203,376,355,187,43,0,0,0,0,'16.68','',NULL,NULL,'','',1,'1',NULL,'',NULL,NULL,NULL),
(242,25,'28600131','226408','2018-05-29','C0588','True White',853,1154,1094,537,362,0,0,0,0,0,'11.2','',NULL,NULL,'','',1,'1',NULL,'',NULL,NULL,NULL),
(243,25,'28600131','226408','2018-05-29','C0401','Nouveau Slate',853,1154,1094,537,362,0,0,0,0,0,'11.2','',NULL,NULL,'','',1,'1',NULL,'',NULL,NULL,NULL),
(244,25,'28600131','226408','2018-05-29','C0648','Wild Ginger',853,1154,1094,537,362,0,0,0,0,0,'11.2','',NULL,NULL,'','',1,'1',NULL,'',NULL,NULL,NULL),
(245,25,'28600131','226408','2018-05-29','C0411','Outback',853,1154,1094,537,362,0,0,0,0,0,'11.2','',NULL,NULL,'','',1,'1',NULL,'',NULL,NULL,NULL),
(246,26,'8604306A','225910','2018-05-29','GREEN CAMO','GREEN CAMO',43,199,359,334,185,80,0,0,0,0,'9.15','',NULL,NULL,'','',1,'1',NULL,'',NULL,NULL,NULL),
(247,31,'8604891A','224370','2018-05-22','GREEN CAMO','GREEN CAMO',0,5,7,7,3,2,0,0,0,0,'11.57','',NULL,NULL,'','',1,'1',NULL,'',NULL,NULL,NULL),
(248,31,'8604891A','225695','2018-05-29','GREEN CAMO','GREEN CAMO',0,1808,2212,1940,1000,40,0,0,0,0,'11.57','',NULL,NULL,'','',1,'1',NULL,'',NULL,NULL,NULL),
(249,31,'8604891A','225697','2018-05-29','GREEN CAMO','GREEN CAMO',0,1924,2320,2067,1048,296,0,0,0,0,'11.57','',NULL,NULL,'','',1,'1',NULL,'',NULL,NULL,NULL),
(250,31,'8604891A','225699','2018-05-29','GREEN CAMO','GREEN CAMO',0,20,19,14,7,0,0,0,0,0,'11.57','',NULL,NULL,'','',1,'1',NULL,'',NULL,NULL,NULL),
(251,31,'8604891A','224376','2018-05-29','GREEN CAMO','GREEN CAMO',0,60,81,74,37,8,0,0,0,0,'11.57','',NULL,NULL,'','',1,'1',NULL,'',NULL,NULL,NULL),
(252,31,'8604891A','225703','2018-05-29','GREEN CAMO','GREEN CAMO',29,181,296,262,172,60,0,0,0,0,'11.57','',NULL,NULL,'','',1,'1',NULL,'',NULL,NULL,NULL),
(253,31,'8604891A','225704','2018-05-29','GREEN CAMO','GREEN CAMO',58,362,590,532,341,117,0,0,0,0,'11.57','',NULL,NULL,'','',1,'1',NULL,'',NULL,NULL,NULL),
(254,31,'8604891A','225673','2018-06-12','GREEN CAMO','GREEN CAMO',0,516,617,545,282,40,0,0,0,0,'11.57','',NULL,NULL,'','',1,'1',NULL,'',NULL,NULL,NULL),
(255,31,'8604891A','225674','2018-06-12','GREEN CAMO','GREEN CAMO',15,91,148,132,85,29,0,0,0,0,'11.57','',NULL,NULL,'','',1,'1',NULL,'',NULL,NULL,NULL),
(256,32,'22200085','212182','2018-04-10','C0444','Pitch Black',117,242,456,404,211,70,0,0,0,0,'8.76','0.34',NULL,NULL,'','',1,'1','2','',NULL,NULL,NULL),
(257,32,'8604891A','226381','2018-05-15','C0444','Pitch Black',170,363,693,583,291,100,0,0,0,0,'8.76','0.34',NULL,NULL,'','',1,'1','2','',NULL,NULL,NULL),
(258,32,'8604891A','226381','2018-05-15','C0502','Russian Ruby',154,356,693,604,305,88,0,0,0,0,'8.76','0.34',NULL,NULL,'','',1,'1','2','',NULL,NULL,NULL),
(267,33,'H6734','1702772','2018-06-01','C0043','Black',0,86,475,639,0,0,0,0,0,0,'7.74','',NULL,NULL,'','',1,'1',NULL,'',NULL,NULL,NULL),
(268,33,'H6734','2714797','2018-06-01','C0043','Black',18,282,590,1490,380,20,20,0,0,0,'7.74','',NULL,NULL,'','',1,'1',NULL,'',NULL,NULL,NULL),
(269,33,'H6734','1702772','2018-06-01','PINK LEMONADE','PINK LEMONADE',0,86,377,656,494,181,44,65,68,29,'7.74','',NULL,NULL,'','',1,'1',NULL,'',NULL,NULL,NULL),
(270,33,'H6734','1702772','2018-06-01','C0633','White',0,152,683,1017,148,0,0,0,0,0,'7.74','',NULL,NULL,'','',1,'1',NULL,'',NULL,NULL,NULL),
(271,33,'H6734','2714797','2018-06-01','C0633','White',20,540,890,1620,390,20,20,0,0,0,'7.74','',NULL,NULL,'','',1,'1',NULL,'',NULL,NULL,NULL),
(272,33,'H6734','1702772','2018-06-01','C0243','Golden Straw',0,59,273,544,379,113,14,51,47,20,'7.74','',NULL,NULL,'','',1,'1',NULL,'',NULL,NULL,NULL),
(274,34,'J9770','1704333','42147','C0633','White',91,234,486,434,214,98,0,0,0,0,'7.42','0.32',NULL,NULL,'','',1,'1','2','',NULL,NULL,NULL),
(275,34,'J9770','2715967','42147','C0633','White',235,603,1248,1117,551,251,0,0,0,0,'7.42','0.32',NULL,NULL,'','',1,'1','2','',NULL,NULL,NULL),
(276,34,'J9770','1704944','42156','C0278','Hthr Chrome',124,315,637,580,279,128,0,0,0,0,'7.42','0.32',NULL,NULL,'','',1,'1','2','',NULL,NULL,NULL),
(277,34,'J9770','2716280','42156','C0278','Hthr Chrome',106,267,541,492,236,108,0,0,0,0,'7.42','0.32',NULL,NULL,'','',1,'1','2','',NULL,NULL,NULL),
(282,36,'J4303','1698475','42156','C0294','Ivory',0,141,520,1008,925,477,244,88,132,128,'','',NULL,NULL,'','',1,'1','2','',NULL,NULL,NULL),
(283,36,'J4303','2711948','42156','C0294','Ivory',0,5,12,20,17,8,4,0,0,0,'','',NULL,NULL,'','',1,'1','2','',NULL,NULL,NULL),
(284,36,'J4303','2711827','42156','C0294','Ivory',19,342,849,1444,1311,632,327,0,0,0,'','',NULL,NULL,'','',1,'1','2','',NULL,NULL,NULL),
(326,38,'J1496','1695952','2018-05-18','C0572','Sweet Meadow',0,84,261,413,329,164,95,36,74,71,'8.45','0.36','','','-1','Not Selected',1,'1','2','','','',''),
(327,38,'J1496','1695954','2018-05-18','C0633','White',0,177,555,877,698,349,202,76,0,0,'8.45','0.36',NULL,NULL,'','',1,'1','2','',NULL,NULL,NULL),
(328,38,'J1496','1695954','2018-05-18','C0043','Black',0,83,261,411,327,164,95,36,0,0,'8.45','0.36',NULL,NULL,'','',1,'1','2','',NULL,NULL,NULL),
(329,38,'J1496','1695954','2018-05-18','C0374','Navy',0,83,261,411,327,164,95,36,0,0,'8.45','0.36',NULL,NULL,'','',1,'1','2','',NULL,NULL,NULL),
(330,38,'J1496','1695954','2018-05-18','C0517','Shale Blue',0,71,226,356,283,142,82,31,0,0,'8.45','0.36',NULL,NULL,'','',1,'1','2','',NULL,NULL,NULL),
(331,38,'J1496','1695954','2018-05-18','C0405','Old Red',0,58,181,285,227,113,65,25,0,0,'8.45','0.36',NULL,NULL,'','',1,'1','2','',NULL,NULL,NULL),
(332,38,'J1496','1695954','2018-05-18','C0431','Pink',0,52,165,260,207,104,60,22,0,0,'8.45','0.36',NULL,NULL,'','',1,'1','2','',NULL,NULL,NULL),
(333,38,'J1496','1695954','2018-05-18','C0173','Dark Moss',0,51,162,254,202,102,59,22,0,0,'8.45','0.36',NULL,NULL,'','',1,'1','2','',NULL,NULL,NULL),
(334,38,'J1496','1695954','2018-05-18','C0139','Cerise',0,27,83,132,105,53,30,11,0,0,'8.45','0.36',NULL,NULL,'','',1,'1','2','',NULL,NULL,NULL),
(335,38,'J1496','2709381','2018-05-18','C0572','Sweet Meadow',7,375,808,1149,878,351,230,0,0,0,'8.45','0.36',NULL,NULL,'','',1,'1','2','',NULL,NULL,NULL),
(336,38,'J1496','2709383','2018-05-18','C0633','White',0,507,1071,1532,1177,500,238,0,0,0,'8.45','0.36',NULL,NULL,'','',1,'1','2','',NULL,NULL,NULL),
(337,38,'J1496','2709383','2018-05-18','C0043','Black',0,271,588,810,637,262,138,0,0,0,'8.45','0.36',NULL,NULL,'','',1,'1','2','',NULL,NULL,NULL),
(338,38,'J1496','2709383','2018-05-18','C0374','Navy',0,271,588,810,637,262,138,0,0,0,'8.45','0.36',NULL,NULL,'','',1,'1','2','',NULL,NULL,NULL),
(339,38,'J1496','2709383','2018-05-18','C0517','Shale Blue',0,235,540,725,587,237,109,0,0,0,'8.45','0.36',NULL,NULL,'','',1,'1','2','',NULL,NULL,NULL),
(340,38,'J1496','2709383','2018-05-18','C0405','Old Red',0,202,473,660,491,180,70,0,0,0,'8.45','0.36',NULL,NULL,'','',1,'1','2','',NULL,NULL,NULL),
(341,38,'J1496','2709383','2018-05-18','C0431','Pink',0,193,432,613,473,177,65,0,0,0,'8.45','0.36',NULL,NULL,'','',1,'1','2','',NULL,NULL,NULL),
(342,38,'J1496','2709383','2018-05-18','C0173','Dark Moss',0,196,421,608,464,174,63,0,0,0,'8.45','0.36',NULL,NULL,'','',1,'1','2','',NULL,NULL,NULL),
(343,38,'J1496','2710821','2018-05-18','C0572','Sweet Meadow',0,3,7,10,8,3,1,0,0,0,'8.45','0.36',NULL,NULL,'','',1,'1','2','',NULL,NULL,NULL),
(344,38,'J1496','0219661','2018-05-18','C0139','Cerise',0,4,26,68,62,26,10,4,0,0,'8.45','0.36',NULL,NULL,'','',1,'1','2','',NULL,NULL,NULL),
(345,38,'J1496','2711012','2018-05-18','C0628','Warm Canary',0,1,3,5,3,1,1,0,0,0,'8.45','0.36',NULL,NULL,'','',1,'1','2','',NULL,NULL,NULL),
(346,38,'J1496','1697988','2018-05-18','C0628','Warm Canary',0,40,125,197,157,78,46,17,0,0,'8.45','0.36',NULL,NULL,'','',1,'1','2','',NULL,NULL,NULL),
(347,38,'J1496','2710950','2018-05-18','C0628','Warm Canary',0,62,124,124,62,62,0,0,0,0,'8.45','0.36',NULL,NULL,'','',1,'1','2','',NULL,NULL,NULL),
(348,38,'J1496','2710950','2018-05-18','C0628','Warm Canary',7,189,378,597,454,167,120,0,0,0,'8.45','0.36',NULL,NULL,'','',1,'1','2','',NULL,NULL,NULL),
(349,38,'J1496','2711013','2018-06-01','C0194','Dusty Khaki',0,3,7,10,8,3,1,0,0,0,'8.45','0.36',NULL,NULL,'','',1,'1','2','',NULL,NULL,NULL),
(350,38,'J1496','2710949','2018-06-01','C0194','Dusty Khaki',9,363,763,1087,834,326,206,0,0,0,'8.45','0.36',NULL,NULL,'','',1,'1','2','',NULL,NULL,NULL),
(351,38,'J1496','1697987','2018-06-01','C0194','Dusty Khaki',0,87,273,430,342,171,99,38,0,0,'8.45','0.36',NULL,NULL,'','',1,'1','2','',NULL,NULL,NULL),
(376,40,'','220477','43252','DEEP MOSS','DEEP MOSS',32,139,284,305,220,133,0,0,0,0,'8.39','0.42',NULL,NULL,'','',1,'1',NULL,'',NULL,NULL,NULL),
(377,40,'H1830','220477','43252','C0294','Ivory',112,366,909,944,671,411,0,0,0,0,'8.39','0.42',NULL,NULL,'','',1,'1',NULL,'',NULL,NULL,NULL),
(378,44,'53870','6068432','43245','C0657','Hthr Navy',58,264,791,727,225,0,0,0,0,0,'9.31','0.3',NULL,NULL,'','',1,'1','2','',NULL,NULL,NULL),
(379,44,'53870','6068433','43245','C0657','Hthr Navy',36,162,485,445,138,0,0,0,0,0,'9.31','0.3',NULL,NULL,'','',1,'1','2','',NULL,NULL,NULL),
(380,44,'53870','3518740','43245','C0657','Hthr Navy',0,1088,3738,3621,1550,0,0,0,0,0,'9.31','0.3',NULL,NULL,'','',1,'1','2','',NULL,NULL,NULL),
(381,44,'53623','6068363','43245','C0325','Light Pistachio',25,114,342,314,97,0,0,0,0,0,'9.31','0.3',NULL,NULL,'','',1,'1','2','',NULL,NULL,NULL),
(382,44,'53623','6068364','43245','C0325','Light Pistachio',15,70,210,192,60,0,0,0,0,0,'9.31','0.3',NULL,NULL,'','',1,'1','2','',NULL,NULL,NULL),
(383,44,'53623','3518653','43245','C0325','Light Pistachio',0,694,2424,2345,1004,0,0,0,0,0,'9.31','0.3',NULL,NULL,'','',1,'1','2','',NULL,NULL,NULL),
(384,44,'53623','6068364','43245','C0043','Black',85,384,1149,1056,327,0,0,0,0,0,'9.31','0.3',NULL,NULL,'','',1,'1','2','',NULL,NULL,NULL),
(385,44,'53623','3518654','43245','C0043','Black',0,752,2021,2206,1022,0,0,0,0,0,'9.31','0.3',NULL,NULL,'','',1,'1','2','',NULL,NULL,NULL),
(386,44,'53623','6068364','43245','C0633','White',92,430,1084,394,0,0,0,0,0,0,'9.31','0.3',NULL,NULL,'','',1,'1','2','',NULL,NULL,NULL),
(387,44,'53623','3518654','43245','C0633','White',0,910,1606,2124,1360,0,0,0,0,0,'9.31','0.3',NULL,NULL,'','',1,'1','2','',NULL,NULL,NULL),
(404,46,'28600151','53870','2018-07-17','C0249','Green Cameo',529,776,830,468,197,0,0,0,0,0,'','','','','-1','Not Selected',1,'','','','','',''),
(515,47,'H4465 (SS)','6068292','2018-06-29','NAVY','NAVY',20,195,103,154,175,61,168,54,70,0,'5.39','0.25','','','N','Normal',1,'0.6','1','2','3','4',''),
(516,47,'H4465 (SS)','6068293','2018-07-27','NAVY','NAVY',30,131,183,215,154,81,109,49,48,0,'5.39','0.25','','','N','Normal',1,'0.6','1','2','3','4',''),
(517,47,'J8992 (LS)','6068294','2018-06-29','SHALE BLUE','SHALE BLUE',23,64,146,186,122,71,50,30,18,0,'6.45','0.25','','','N','Normal',1,'0.7','1','2','3','4',''),
(518,47,'J8992 (LS)','9039486','2018-06-29','SHALE BLUE','SHALE BLUE',200,348,632,785,465,337,215,72,0,0,'6.45','0.25','','','N','Normal',1,'0.7','1','2','3','4',''),
(519,47,'J8992 (LS)','9039487','2018-07-27','SHALE BLUE','SHALE BLUE',118,231,418,509,296,220,143,101,0,0,'6.45','0.25','','','N','Normal',1,'0.7','1','2','3','4',''),
(520,47,'J8993 (LS)','6068295','2018-06-29','OLIVE SAND','OLIVE SAND',19,52,119,152,100,58,41,25,14,0,'6.45','0.25','','','N','Normal',1,'0.7','1','2','3','4',''),
(521,47,'J8993 (LS)','9039488','2018-06-29','OLIVE SAND','OLIVE SAND',188,341,618,771,450,330,202,90,0,0,'6.45','0.25','','','N','Normal',1,'0.7','1','2','3','4',''),
(522,47,'J8994 (LS)','6068296','2018-06-29','DARK EVENING','DARK EVENING',35,59,101,118,78,49,38,25,17,0,'6.45','0.25','','','N','Normal',1,'0.7','1','2','3','4',''),
(523,47,'J8994 (LS)','9039489','2018-06-29','DARK EVENING','DARK EVENING',299,386,609,567,348,258,190,113,0,0,'6.45','0.25','','','N','Normal',1,'0.7','1','2','3','4',''),
(524,47,'J8995 (SS)','6068297','2018-06-29','WHITE','WHITE',14,38,86,110,72,42,30,18,10,0,'5.39','0.25','','','N','Normal',1,'0.6','1','2','3','4',''),
(525,47,'J8995 (SS)','9039490','2018-06-29','WHITE','WHITE',142,258,471,575,338,248,161,67,0,0,'5.39','0.25','','','N','Normal',1,'0.6','1','2','3','4',''),
(526,47,'J9006 (SS)','6068298','2018-06-29','HEATHER GREY','HEATHER GREY',13,36,82,105,69,40,28,17,10,0,'5.39','0.25','','','N','Normal',1,'0.6','1','2','3','4',''),
(527,47,'J9006 (SS)','9039491','2018-06-29','HEATHER GREY','HEATHER GREY',141,255,464,568,334,245,157,67,0,0,'5.39','0.25','','','N','Normal',1,'0.6','1','2','3','4',''),
(528,47,'J9007 (LS)','6068299','2018-07-27','FADED BLACK','FADED BLACK',26,73,168,216,140,81,57,34,20,0,'6.45','0.25','','','N','Normal',1,'0.7','1','2','3','4',''),
(529,47,'J9007 (LS)','9039492','2018-08-04','FADED BLACK','FADED BLACK',194,362,657,815,473,347,215,98,0,0,'6.45','0.25','','','N','Normal',1,'0.7','1','2','3','4',''),
(530,47,'J9007 (LS)','6068500','2018-08-24','FADED BLACK','FADED BLACK',26,74,168,211,140,82,58,36,20,0,'6.45','0.25','','','N','Normal',1,'0.7','1','2','3','4',''),
(531,47,'J9007 (LS)','9039493','2018-08-24','FADED BLACK','FADED BLACK',70,133,236,293,179,132,85,51,0,0,'6.45','0.25','','','N','Normal',1,'0.7','1','2','3','4',''),
(532,47,'J9008 (LS)','6068501','2018-08-03','DUSTY BARN','DUSTY BARN',57,97,166,193,127,79,62,41,28,0,'6.45','0.25','','','N','Normal',1,'0.7','1','2','3','4',''),
(533,47,'J9008 (LS)','9039494','2018-08-03','DUSTY BARN','DUSTY BARN',320,414,653,608,374,276,204,121,0,0,'6.45','0.25','','','N','Normal',1,'0.7','1','2','3','4',''),
(534,47,'J9009 (LS)','6068502','2018-08-03','DARK TWILIGHT','DARK TWILIGHT',37,63,107,125,82,51,40,27,18,0,'6.45','0.25','','','N','Normal',1,'0.7','1','2','3','4',''),
(535,47,'J9009 (LS)','9039495','2018-08-03','DARK TWILIGHT','DARK TWILIGHT',271,350,552,514,316,233,172,102,0,0,'6.45','0.25','','','N','Normal',1,'0.7','1','2','3','4',''),
(536,47,'J9010 (LS)','6068503','2018-08-31','VISTA BLUE','VISTA BLUE',15,41,94,119,78,46,32,19,11,0,'6.45','0.25','','','N','Normal',1,'0.7','1','2','3','4',''),
(537,47,'J9010 (LS)','9039496','2018-08-31','VISTA BLUE','VISTA BLUE',171,264,542,682,417,264,203,45,12,0,'6.45','0.25','','','N','Normal',1,'0.7','1','2','3','4',''),
(538,47,'J9010 (LS)','6068444','2018-09-28','VISTA BLUE','VISTA BLUE',9,9,9,18,9,9,0,0,0,0,'6.45','0.25','','','N','Normal',1,'0.7','1','2','3','4',''),
(539,47,'J9010 (LS)','9039780','2018-09-28','VISTA BLUE','VISTA BLUE',0,0,0,0,0,0,0,0,0,0,'6.45','0.25','','','N','Normal',1,'0.7','1','2','3','4',''),
(540,47,'J9011 (LS)','6068504','2018-08-31','SEACREST','SEACREST',22,62,142,181,118,69,49,30,17,0,'6.45','0.25','','','N','Normal',1,'0.7','1','2','3','4',''),
(541,47,'J9011 (LS)','9039497','2018-08-31','SEACREST','SEACREST',191,358,645,805,463,343,209,96,0,0,'6.45','0.25','','','N','Normal',1,'0.7','1','2','3','4',''),
(542,47,'J9012 (LS)','6068505','2018-08-31','DEEP NAVY','DEEP NAVY',18,51,115,147,96,56,39,24,14,0,'6.45','0.25','','','N','Normal',1,'0.7','1','2','3','4',''),
(543,47,'J9012 (LS)','9039498','2018-08-31','DEEP NAVY','DEEP NAVY',175,301,545,685,400,293,184,57,0,0,'6.45','0.25','','','N','Normal',1,'0.7','1','2','3','4',''),
(544,48,'70T3969','229843','2018-06-19','NOUVEAU SLATE','NOUVEAU SLATE',378,601,615,305,101,0,0,0,0,0,'11.99','','','','N','Normal',1,'0.85','1','','','',''),
(545,48,'70T3969','229843','2018-06-19','DAIQUIRI','DAIQUIRI',378,601,615,305,101,0,0,0,0,0,'11.99','','','','N','Normal',1,'0.85','1','','','',''),
(650,50,'J1501','1695965','2018-04-06','BLACK','BLACK',0,79,294,561,571,307,155,53,0,0,'7.42','0.32','','','N','Normal',1,'0.7','1','2','','',''),
(651,50,'J1501','1695965','2018-04-06','HTHR GREY','HTHR GREY',0,67,251,479,488,262,132,45,0,0,'7.42','0.32','','','N','Normal',1,'0.7','1','2','','',''),
(652,50,'J1501','1695965','2018-04-06','NAVY','NAVY',0,64,239,455,464,249,126,43,0,0,'7.42','0.32','','','N','Normal',1,'0.7','1','2','','',''),
(653,50,'J1501','1695965','2018-04-06','PINK','PINK',0,55,207,394,402,216,109,37,0,0,'7.42','0.32','','','N','Normal',1,'0.7','1','2','','',''),
(654,50,'J1501','1695965','2018-04-06','DEEP TWILIGHT','DEEP TWILIGHT',0,47,175,333,340,182,92,31,0,0,'7.42','0.32','','','N','Normal',1,'0.7','1','2','','',''),
(655,50,'J1501','2709389','2018-04-06','BLACK','BLACK',0,382,848,1237,1047,452,228,0,0,0,'7.42','0.32','','','N','Normal',1,'0.7','1','2','','',''),
(656,50,'J1501','2709389','2018-04-06','HTHR GREY','HTHR GREY',0,338,750,1094,926,400,202,0,0,0,'7.42','0.32','','','N','Normal',1,'0.7','1','2','','',''),
(657,50,'J1501','2709389','2018-04-06','NAVY','NAVY',0,325,721,1053,890,385,194,0,0,0,'7.42','0.32','','','N','Normal',1,'0.7','1','2','','',''),
(658,50,'J1501','2709389','2018-04-06','PINK','PINK',0,292,649,947,801,346,175,0,0,0,'7.42','0.32','','','N','Normal',1,'0.7','1','2','','',''),
(659,50,'J1501','1695982','2018-04-06','WHITE','WHITE',0,150,561,1069,1089,584,295,100,0,0,'7.42','0.32','','','N','Normal',1,'0.7','1','2','','',''),
(660,50,'J1501','2710338','2018-04-06','BLACK','BLACK',0,6,11,14,12,5,2,0,0,0,'7.42','0.32','','','N','Normal',1,'0.7','1','2','','',''),
(661,50,'J1501','2710338','2018-04-06','HTHR GREY','HTHR GREY',0,5,9,12,10,4,2,0,0,0,'7.42','0.32','','','N','Normal',1,'0.7','1','2','','',''),
(662,50,'J1501','2710338','2018-04-06','NAVY','NAVY',0,5,9,11,9,4,2,0,0,0,'7.42','0.32','','','N','Normal',1,'0.7','1','2','','',''),
(663,50,'J1501','2710338','2018-04-06','PINK','PINK',0,4,7,10,8,3,2,0,0,0,'7.42','0.32','','','N','Normal',1,'0.7','1','2','','',''),
(664,50,'J1501','2710338','2018-04-06','DEEP TWILIGHT','DEEP TWILIGHT',0,3,7,9,7,3,1,0,0,0,'7.42','0.32','','','N','Normal',1,'0.7','1','2','','',''),
(665,50,'J1501','2711011','2018-04-06','DEEP TWILIGHT','DEEP TWILIGHT',0,4,7,9,7,3,2,0,0,0,'7.42','0.32','','','N','Normal',1,'0.7','1','2','','',''),
(666,50,'J1501','2710808','2018-04-06','DEEP TWILIGHT','DEEP TWILIGHT',0,229,229,458,458,229,0,0,0,0,'7.42','0.32','','','N','Normal',1,'0.7','1','2','','',''),
(667,50,'J1501','2709399','2018-04-06','WHITE','WHITE',0,659,1463,2136,1808,780,394,0,0,0,'7.42','0.32','','','N','Normal',1,'0.7','1','2','','',''),
(668,50,'J1501','1695968','2018-04-20','BLACK','BLACK',0,59,221,421,429,230,116,39,0,0,'7.42','0.32','','','N','Normal',1,'0.7','1','2','','',''),
(669,50,'J1501','1695968','2018-04-20','WHITE','WHITE',0,112,420,801,817,439,222,75,0,0,'7.42','0.32','','','N','Normal',1,'0.7','1','2','','',''),
(670,50,'J1501','1695968','2018-04-20','HTHR GREY','HTHR GREY',0,50,189,359,366,196,99,34,0,0,'7.42','0.32','','','N','Normal',1,'0.7','1','2','','',''),
(671,50,'J1501','1695968','2018-04-20','NAVY','NAVY',0,48,179,342,348,187,94,32,0,0,'7.42','0.32','','','N','Normal',1,'0.7','1','2','','',''),
(672,50,'J1501','1695968','2018-04-20','PINK','PINK',0,42,155,296,301,161,82,28,0,0,'7.42','0.32','','','N','Normal',1,'0.7','1','2','','',''),
(673,50,'J1501','1695968','2018-04-20','DEEP TWILIGHT','DEEP TWILIGHT',0,35,131,250,254,137,69,24,0,0,'7.42','0.32','','','N','Normal',1,'0.7','1','2','','',''),
(674,50,'J1501','2709392','2018-04-20','BLACK','BLACK',0,290,643,939,795,343,173,0,0,0,'7.42','0.32','','','N','Normal',1,'0.7','1','2','','',''),
(675,50,'J1501','2709392','2018-04-20','WHITE','WHITE',0,494,1097,1602,1357,585,295,0,0,0,'7.42','0.32','','','N','Normal',1,'0.7','1','2','','',''),
(676,50,'J1501','2709392','2018-04-20','HTHR GREY','HTHR GREY',0,256,569,830,703,303,153,0,0,0,'7.42','0.32','','','N','Normal',1,'0.7','1','2','','',''),
(677,50,'J1501','2709392','2018-04-20','NAVY','NAVY',0,246,547,798,676,292,147,0,0,0,'7.42','0.32','','','N','Normal',1,'0.7','1','2','','',''),
(678,50,'J1501','2709392','2018-04-20','PINK','PINK',0,221,492,718,608,262,132,0,0,0,'7.42','0.32','','','N','Normal',1,'0.7','1','2','','',''),
(679,50,'J1501','2709392','2018-04-20','DEEP TWILIGHT','DEEP TWILIGHT',0,197,437,637,538,233,118,0,0,0,'7.42','0.32','','','N','Normal',1,'0.7','1','2','','',''),
(680,50,'J1501','2711121','2018-03-23','BLACK','BLACK',0,4,8,10,8,4,2,0,0,0,'7.42','0.32','','','N','Normal',1,'0.7','1','2','','',''),
(681,50,'J1501','2711121','2018-03-23','SHALE BLUE','SHALE BLUE',0,4,7,9,7,3,2,0,0,0,'7.42','0.32','','','N','Normal',1,'0.7','1','2','','',''),
(682,50,'J1501','2711121','2018-03-23','NAVY','NAVY',0,5,10,13,10,4,2,0,0,0,'7.42','0.32','','','N','Normal',1,'0.7','1','2','','',''),
(683,50,'J1501','2711121','2018-03-23','LODEN GREEN','LODEN GREEN',0,4,7,9,7,3,2,0,0,0,'7.42','0.32','','','N','Normal',1,'0.7','1','2','','',''),
(684,50,'J1501','2711121','2018-03-23','HTHR GREY','HTHR GREY',0,5,10,13,11,5,2,0,0,0,'7.42','0.32','','','N','Normal',1,'0.7','1','2','','',''),
(685,50,'J1501','2711121','2018-03-23','PINK','PINK',0,4,8,11,9,4,2,0,0,0,'7.42','0.32','','','N','Normal',1,'0.7','1','2','','',''),
(686,50,'J1501','2711121','2018-03-23','WHITE','WHITE',0,7,14,18,14,6,3,0,0,0,'7.42','0.32','','','N','Normal',1,'0.7','1','2','','',''),
(687,50,'J1501','2710620','2018-03-23','BLACK','BLACK',0,66,66,132,132,66,0,0,0,0,'7.42','0.32','','','N','Normal',1,'0.7','1','2','','',''),
(688,50,'J1501','2710620','2018-03-23','SHALE BLUE','SHALE BLUE',0,50,50,100,100,50,0,0,0,0,'7.42','0.32','','','N','Normal',1,'0.7','1','2','','',''),
(689,50,'J1501','2710620','2018-03-23','NAVY','NAVY',0,106,106,212,212,106,0,0,0,0,'7.42','0.32','','','N','Normal',1,'0.7','1','2','','',''),
(690,50,'J1501','2710620','2018-03-23','LODEN GREEN','LODEN GREEN',0,50,50,100,100,50,0,0,0,0,'7.42','0.32','','','N','Normal',1,'0.7','1','2','','',''),
(691,50,'J1501','2710620','2018-03-23','HTHR GREY','HTHR GREY',0,222,222,444,222,222,222,0,0,0,'7.42','0.32','','','N','Normal',1,'0.7','1','2','','',''),
(692,50,'J1501','2710620','2018-03-23','PINK','PINK',0,76,76,152,152,76,0,0,0,0,'7.42','0.32','','','N','Normal',1,'0.7','1','2','','',''),
(693,50,'J1501','2710620','2018-03-23','WHITE','WHITE',0,232,232,464,464,232,0,0,0,0,'7.42','0.32','','','N','Normal',1,'0.7','1','2','','',''),
(694,50,'J1501','1697771','2018-03-23','BLACK','BLACK',0,92,348,664,676,363,184,63,0,0,'7.42','0.32','','','N','Normal',1,'0.7','1','2','','',''),
(695,50,'J1501','1697771','2018-03-23','SHALE BLUE','SHALE BLUE',0,39,145,278,283,152,77,26,0,0,'7.42','0.32','','','N','Normal',1,'0.7','1','2','','',''),
(696,50,'J1501','1697771','2018-03-23','NAVY','NAVY',0,54,204,389,396,213,108,36,0,0,'7.42','0.32','','','N','Normal',1,'0.7','1','2','','',''),
(697,50,'J1501','1697771','2018-03-23','LODEN GREEN','LODEN GREEN',0,47,175,333,340,182,92,31,0,0,'7.42','0.32','','','N','Normal',1,'0.7','1','2','','',''),
(698,50,'J1501','1697771','2018-03-23','HTHR GREY','HTHR GREY',0,45,169,322,329,176,89,30,0,0,'7.42','0.32','','','N','Normal',1,'0.7','1','2','','',''),
(699,50,'J1501','1697771','2018-03-23','PINK','PINK',0,55,204,389,395,213,108,36,0,0,'7.42','0.32','','','N','Normal',1,'0.7','1','2','','',''),
(700,50,'J1501','1697771','2018-03-23','WHITE','WHITE',0,123,464,887,903,485,245,83,0,0,'7.42','0.32','','','N','Normal',1,'0.7','1','2','','',''),
(701,50,'J1501','1695967','2018-05-04','SHALE BLUE','SHALE BLUE',0,137,512,975,993,533,269,91,0,0,'7.42','0.32','','','N','Normal',1,'0.7','1','2','','',''),
(702,50,'J1501','1695967','2018-05-04','BRICK RED','BRICK RED',0,123,460,878,894,480,243,82,0,0,'7.42','0.32','','','N','Normal',1,'0.7','1','2','','',''),
(703,50,'J1501','1695967','2018-05-04','LODEN GREEN','LODEN GREEN',0,109,409,781,795,427,216,73,0,0,'7.42','0.32','','','N','Normal',1,'0.7','1','2','','',''),
(704,50,'J1501','2710339','2018-05-04','SHALE BLUE','SHALE BLUE',0,6,12,15,12,5,2,0,0,0,'7.42','0.32','','','N','Normal',1,'0.7','1','2','','',''),
(705,50,'J1501','2710339','2018-05-04','BRICK RED','BRICK RED',0,5,11,14,11,5,2,0,0,0,'7.42','0.32','','','N','Normal',1,'0.7','1','2','','',''),
(706,50,'J1501','2710780','2018-05-04','BRICK RED','BRICK RED',0,6,12,15,12,5,2,0,0,0,'7.42','0.32','','','N','Normal',1,'0.7','1','2','','',''),
(707,50,'J1501','2710339','2018-05-04','LODEN GREEN','LODEN GREEN',0,5,9,12,10,4,2,0,0,0,'7.42','0.32','','','N','Normal',1,'0.7','1','2','','',''),
(708,50,'J1501','2709391','2018-05-04','SHALE BLUE','SHALE BLUE',0,207,207,414,414,207,0,0,0,0,'7.42','0.32','','','N','Normal',1,'0.7','1','2','','',''),
(709,50,'J1501','2709391','2018-05-04','LODEN GREEN','LODEN GREEN',0,127,127,254,254,127,0,0,0,0,'7.42','0.32','','','N','Normal',1,'0.7','1','2','','',''),
(710,50,'J1501','1695969','2018-05-04','BLACK','BLACK',0,59,221,421,429,230,116,39,0,0,'7.42','0.32','','','N','Normal',1,'0.7','1','2','','',''),
(711,50,'J1501','1695969','2018-05-04','WHITE','WHITE',0,113,421,802,816,438,221,75,0,0,'7.42','0.32','','','N','Normal',1,'0.7','1','2','','',''),
(712,50,'J1501','1695969','2018-05-04','HTHR GREY','HTHR GREY',0,51,188,359,365,197,100,33,0,0,'7.42','0.32','','','N','Normal',1,'0.7','1','2','','',''),
(713,50,'J1501','1695969','2018-05-04','NAVY','NAVY',0,48,179,342,348,187,94,32,0,0,'7.42','0.32','','','N','Normal',1,'0.7','1','2','','',''),
(714,50,'J1501','1695969','2018-05-04','PINK','PINK',0,41,155,296,302,162,81,28,0,0,'7.42','0.32','','','N','Normal',1,'0.7','1','2','','',''),
(715,50,'J1501','1695969','2018-05-04','DEEP TWILIGHT','DEEP TWILIGHT',0,35,131,250,255,137,69,23,0,0,'7.42','0.32','','','N','Normal',1,'0.7','1','2','','',''),
(716,50,'J1501','2710809','2018-05-04','BRICK RED','BRICK RED',0,265,265,530,530,265,0,0,0,0,'7.42','0.32','','','N','Normal',1,'0.7','1','2','','',''),
(717,50,'J1501','2709393','2018-05-04','BLACK','BLACK',0,290,643,939,795,343,173,0,0,0,'7.42','0.32','','','N','Normal',1,'0.7','1','2','','',''),
(718,50,'J1501','2709393','2018-05-04','WHITE','WHITE',0,494,1097,1602,1357,585,295,0,0,0,'7.42','0.32','','','N','Normal',1,'0.7','1','2','','',''),
(719,50,'J1501','2709393','2018-05-04','HTHR GREY','HTHR GREY',0,256,569,830,703,303,153,0,0,0,'7.42','0.32','','','N','Normal',1,'0.7','1','2','','',''),
(720,50,'J1501','2709393','2018-05-04','NAVY','NAVY',0,246,547,798,676,292,147,0,0,0,'7.42','0.32','','','N','Normal',1,'0.7','1','2','','',''),
(721,50,'J1501','2709393','2018-05-04','PINK','PINK',0,221,492,718,608,262,132,0,0,0,'7.42','0.32','','','N','Normal',1,'0.7','1','2','','',''),
(722,50,'J1501','2709393','2018-05-04','DEEP TWILIGHT','DEEP TWILIGHT',0,197,437,637,538,233,118,0,0,0,'7.42','0.32','','','N','Normal',1,'0.7','1','2','','',''),
(723,50,'J1501','1695966','2018-06-01','WARM AQUA','WARM AQUA',0,96,358,683,696,374,189,64,0,0,'7.42','0.32','','','N','Normal',1,'0.7','1','2','','',''),
(724,50,'J1501','1695966','2018-06-01','VINTAGE ROSE','VINTAGE ROSE',0,87,323,617,628,337,170,58,0,0,'7.42','0.32','','','N','Normal',1,'0.7','1','2','','',''),
(725,50,'J1501','1695966','2018-06-01','RICH GOLD','RICH GOLD',0,77,290,553,563,302,153,52,0,0,'7.42','0.32','','','N','Normal',1,'0.7','1','2','','',''),
(726,50,'J1501','2709390','2018-06-01','WARM AQUA','WARM AQUA',26,525,1153,1656,1393,590,309,0,0,0,'7.42','0.32','','','N','Normal',1,'0.7','1','2','','',''),
(727,50,'J1501','2709390','2018-06-01','VINTAGE ROSE','VINTAGE ROSE',23,507,1067,1519,1285,551,288,0,0,0,'7.42','0.32','','','N','Normal',1,'0.7','1','2','','',''),
(728,50,'J1501','2709390','2018-06-01','RICH GOLD','RICH GOLD',20,463,977,1416,1183,502,265,0,0,0,'7.42','0.32','','','N','Normal',1,'0.7','1','2','','',''),
(729,50,'J1501','2713915','2018-06-01','WARM AQUA','WARM AQUA',0,8,15,19,16,7,3,0,0,0,'7.42','0.32','','','N','Normal',1,'0.7','1','2','','',''),
(730,50,'J1501','2713915','2018-06-01','VINTAGE ROSE','VINTAGE ROSE',0,7,13,17,14,6,3,0,0,0,'7.42','0.32','','','N','Normal',1,'0.7','1','2','','',''),
(731,50,'J1501','2713915','2018-06-01','RICH GOLD','RICH GOLD',0,6,12,15,13,5,3,0,0,0,'7.42','0.32','','','N','Normal',1,'0.7','1','2','','',''),
(732,51,'70T3741','229837','2018-06-19','CHARCOAL HEATHER GREY','CHARCOAL HEATHER GREY',737,1086,1154,661,362,0,0,0,0,0,'13.26','','','','N','Normal',1,'0.9','1','','','',''),
(733,51,'70T3741','229837','2018-06-19','PALE SNOW HEATHER','PALE SNOW HEATHER',737,1084,1156,661,362,0,0,0,0,0,'13.26','','','','N','Normal',1,'0.9','1','','','',''),
(763,16,'40993','6068360','2018-05-04','BLACK','BLACK',21,84,185,157,55,0,0,0,0,0,'9.18','0.38','','','N','Normal',1,'0.7','1','2','','',''),
(764,16,'40993','3518650','2018-05-04','BLACK','BLACK',0,262,616,728,394,0,0,0,0,0,'9.18','0.38','','','N','Normal',1,'0.7','1','2','','',''),
(765,16,'40993','6068360','2018-05-04','WHITE','WHITE',41,43,213,168,35,0,0,0,0,0,'9.18','0.38','','','N','Normal',1,'0.7','1','2','','',''),
(766,16,'40993','3518650','2018-05-04','WHITE','WHITE',0,360,642,684,314,0,0,0,0,0,'9.18','0.38','','','N','Normal',1,'0.7','1','2','','',''),
(767,16,'40993','6068359','2018-05-18','DEEP GROVE','DEEP GROVE',56,213,525,444,137,0,0,0,0,0,'9.18','0.38','','','N','Normal',1,'0.7','1','2','','',''),
(768,16,'40993','6068360','2018-05-18','DEEP GROVE','DEEP GROVE',34,131,322,273,84,0,0,0,0,0,'9.18','0.38','','','N','Normal',1,'0.7','1','2','','',''),
(769,16,'40993','3518649','2018-05-18','DEEP GROVE','DEEP GROVE',0,596,2057,1994,853,0,0,0,0,0,'9.18','0.38','','','N','Normal',1,'0.7','1','2','','',''),
(770,16,'J1781','6068365','2018-05-18','HTHR NAVY','HTHR NAVY',91,346,852,721,222,0,0,0,0,0,'9.18','0.38','','','N','Normal',1,'0.7','1','2','','',''),
(771,16,'J1781','6068366','2018-05-18','HTHR NAVY','HTHR NAVY',56,212,522,442,136,0,0,0,0,0,'9.18','0.38','','','N','Normal',1,'0.7','1','2','','',''),
(772,16,'J1781','3518655','2018-05-18','HTHR NAVY','HTHR NAVY',0,868,2986,2904,1239,0,0,0,0,0,'9.18','0.38','','','N','Normal',1,'0.7','1','2','','',''),
(777,12,'7W84166','P07Q965600','NaN-NaN-NaN','STEEL HEATHER GREY','STEEL HEATHER GREY',128,113,425,184,27,0,0,0,0,0,'7.43','','','','N','Normal',1,'0.85','1','','','',''),
(778,12,'7W84166','P07R074800','NaN-NaN-NaN','STEEL HEATHER GREY','STEEL HEATHER GREY',213,426,213,213,213,0,0,0,0,0,'7.43','','','','N','Normal',1,'0.85','1','','','',''),
(779,12,'7W84166','P07Q965300','NaN-NaN-NaN','STEEL HEATHER GREY','STEEL HEATHER GREY',22,36,52,23,7,0,0,0,0,0,'7.43','','','','N','Normal',1,'0.85','1','','','',''),
(780,12,'7W84166','P07R074700','NaN-NaN-NaN','STEEL HEATHER GREY','STEEL HEATHER GREY',10,20,10,10,10,0,0,0,0,0,'7.43','','','','N','Normal',1,'0.85','1','','','',''),
(781,53,'28600095','2305070','2018-07-17','GREEN CAMO','GREEN CAMO',384,547,539,351,179,0,0,0,0,0,'11.93','','','','N','Normal',1,'','','','','',''),
(782,54,'28600151','229852','2018-06-19','GREEN CAMO','GREEN CAMO',809,1192,1264,731,314,0,0,0,0,0,'10.50','','','','N','Normal',1,'','','','','',''),
(783,55,'7WDG811','P07Q965800','2018-05-21','LUCKY BLACK','LUCKY BLACK',186,164,615,267,40,0,0,0,0,0,'9.58','0.14','','','N','Normal',1,'1.2','1','2','','',''),
(784,55,'7WDG811','P07R075000','2018-05-21','LUCKY BLACK','LUCKY BLACK',308,616,308,308,308,0,0,0,0,0,'9.58','0.14','','','N','Normal',1,'1.2','1','2','','',''),
(785,55,'7WDG811','P07Q965700','2018-05-21','LUCKY BLACK','LUCKY BLACK',32,51,76,33,9,0,0,0,0,0,'9.58','0.14','','','N','Normal',1,'1.2','1','2','','',''),
(786,55,'7WDG811','P07R074900','2018-05-21','LUCKY BLACK','LUCKY BLACK',16,32,16,16,16,0,0,0,0,0,'9.58','0.14','','','N','Normal',1,'1.2','1','2','','',''),
(787,56,'H6734','1695929','2018-04-06','BLACK','BLACK',0,27,98,191,175,90,46,16,108,105,'7.41','','','','N','Normal',1,'0.6','1','','','',''),
(788,56,'H6734','1695929','2018-04-06','WHITE','WHITE',0,18,66,129,119,61,31,12,73,71,'7.41','','','','N','Normal',1,'0.6','1','','','',''),
(789,56,'H6734','1695929','2018-04-06','HTHR GREY','HTHR GREY',0,25,92,178,164,84,43,15,101,98,'7.41','','','','N','Normal',1,'0.6','1','','','',''),
(790,56,'H6734','1695929','2018-04-06','NAVY','NAVY',0,25,89,175,160,82,42,15,99,96,'7.41','','','','N','Normal',1,'0.6','1','','','',''),
(791,56,'H6734','1695930','2018-04-06','FADED LAVENDER','FADED LAVENDER',0,20,75,147,134,70,36,14,27,26,'7.41','','','','N','Normal',1,'0.6','1','','','',''),
(792,56,'H6734','1695930','2018-04-06','CRIMSON MAPLE','CRIMSON MAPLE',0,27,100,193,177,92,46,16,35,34,'7.41','','','','N','Normal',1,'0.6','1','','','',''),
(793,56,'H6734','2709364','2018-04-06','BLACK','BLACK',4,134,350,600,549,272,143,0,0,0,'7.41','','','','N','Normal',1,'0.6','1','','','',''),
(794,56,'H6734','2709364','2018-04-06','WHITE','WHITE',4,130,338,580,531,263,138,0,0,0,'7.41','','','','N','Normal',1,'0.6','1','','','',''),
(795,56,'H6734','2709364','2018-04-06','HTHR GREY','HTHR GREY',4,104,272,466,428,211,111,0,0,0,'7.41','','','','N','Normal',1,'0.6','1','','','',''),
(796,56,'H6734','2709364','2018-04-06','NAVY','NAVY',4,95,249,426,391,193,102,0,0,0,'7.41','','','','N','Normal',1,'0.6','1','','','',''),
(797,56,'H6734','2709365','2018-04-06','FADED LAVENDER','FADED LAVENDER',7,248,610,1036,939,485,241,0,0,0,'7.41','','','','N','Normal',1,'0.6','1','','','',''),
(798,56,'H6734','2709365','2018-04-06','CRIMSON MAPLE','CRIMSON MAPLE',7,277,733,1261,1158,549,279,0,0,0,'7.41','','','','N','Normal',1,'0.6','1','','','',''),
(799,56,'H6734','2710547','2018-04-06','FADED LAVENDER','FADED LAVENDER',0,1,2,4,4,2,1,0,0,0,'7.41','','','','N','Normal',1,'0.6','1','','','',''),
(800,56,'H6734','2710547','2018-04-06','CRIMSON MAPLE','CRIMSON MAPLE',0,1,3,5,4,2,1,0,0,0,'7.41','','','','N','Normal',1,'0.6','1','','','',''),
(801,56,'H6734','1695932','2018-04-20','BLACK','BLACK',0,28,105,205,187,97,50,18,0,0,'7.41','','','','N','Normal',1,'0.6','1','','','',''),
(802,56,'H6734','1695932','2018-04-20','WHITE','WHITE',0,19,71,138,126,65,34,12,0,0,'7.41','','','','N','Normal',1,'0.6','1','','','',''),
(803,56,'H6734','1695932','2018-04-20','HTHR GREY','HTHR GREY',0,26,98,191,176,91,46,17,0,0,'7.41','','','','N','Normal',1,'0.6','1','','','',''),
(804,56,'H6734','1695932','2018-04-20','NAVY','NAVY',0,26,96,187,171,89,45,16,0,0,'7.41','','','','N','Normal',1,'0.6','1','','','',''),
(805,56,'H6734','1695933','2018-04-20','FADED LAVENDER','FADED LAVENDER',0,10,39,75,69,36,18,7,66,64,'7.41','','','','N','Normal',1,'0.6','1','','','',''),
(806,56,'H6734','1695933','2018-04-20','CRIMSON MAPLE','CRIMSON MAPLE',0,14,51,98,91,46,24,9,87,84,'7.41','','','','N','Normal',1,'0.6','1','','','',''),
(807,56,'H6734','2709367','2018-04-20','BLACK','BLACK',4,100,262,449,413,204,107,0,0,0,'7.41','','','','N','Normal',1,'0.6','1','','','',''),
(808,56,'H6734','2709367','2018-04-20','WHITE','WHITE',4,97,254,434,398,197,104,0,0,0,'7.41','','','','N','Normal',1,'0.6','1','','','',''),
(809,56,'H6734','2709367','2018-04-20','HTHR GREY','HTHR GREY',4,78,204,348,320,159,84,0,0,0,'7.41','','','','N','Normal',1,'0.6','1','','','',''),
(810,56,'H6734','2709367','2018-04-20','NAVY','NAVY',4,72,187,318,293,145,76,0,0,0,'7.41','','','','N','Normal',1,'0.6','1','','','',''),
(811,56,'H6734','1695691','2018-05-04','WARM CEDAR','WARM CEDAR',0,41,150,290,267,138,71,25,52,51,'7.41','','','','N','Normal',1,'0.6','1','','','',''),
(812,56,'H6734','1695691','2018-05-04','LODEN GREEN','LODEN GREEN',0,27,101,196,181,85,48,17,35,34,'7.41','','','','N','Normal',1,'0.6','1','','','',''),
(813,56,'H6734','1695934','2018-05-04','BLACK','BLACK',0,29,105,204,188,97,49,18,0,0,'7.41','','','','N','Normal',1,'0.6','1','','','',''),
(814,56,'H6734','1695934','2018-05-04','WHITE','WHITE',0,19,71,137,127,66,33,12,0,0,'7.41','','','','N','Normal',1,'0.6','1','','','',''),
(815,56,'H6734','1695934','2018-05-04','HTHR GREY','HTHR GREY',0,27,99,192,175,90,46,16,0,0,'7.41','','','','N','Normal',1,'0.6','1','','','',''),
(816,56,'H6734','1695934','2018-05-04','NAVY','NAVY',0,26,97,186,171,88,45,17,0,0,'7.41','','','','N','Normal',1,'0.6','1','','','',''),
(817,56,'H6734','1695935','2018-05-04','FADED LAVENDER','FADED LAVENDER',0,17,64,126,115,60,30,11,0,0,'7.41','','','','N','Normal',1,'0.6','1','','','',''),
(818,56,'H6734','1695935','2018-05-04','CRIMSON MAPLE','CRIMSON MAPLE',0,23,84,165,151,78,40,14,0,0,'7.41','','','','N','Normal',1,'0.6','1','','','',''),
(819,56,'H6734','2709526','2018-05-25','WARM CEDAR','WARM CEDAR',7,238,510,886,778,415,232,0,0,0,'7.41','','','','N','Normal',1,'0.6','1','','','',''),
(820,56,'H6734','2709526','2018-05-04','LODEN GREEN','LODEN GREEN',7,199,421,694,661,304,218,0,0,0,'7.41','','','','N','Normal',1,'0.6','1','','','',''),
(821,56,'H6734','2709368','2018-05-04','BLACK','BLACK',4,100,262,450,412,204,107,0,0,0,'7.41','','','','N','Normal',1,'0.6','1','','','',''),
(822,56,'H6734','2709368','2018-05-04','WHITE','WHITE',4,97,254,434,398,197,104,0,0,0,'7.41','','','','N','Normal',1,'0.6','1','','','',''),
(823,56,'H6734','2709368','2018-05-04','HTHR GREY','HTHR GREY',4,78,204,348,320,159,84,0,0,0,'7.41','','','','N','Normal',1,'0.6','1','','','',''),
(824,56,'H6734','2709368','2018-05-04','NAVY','NAVY',4,72,187,318,293,145,76,0,0,0,'7.41','','','','N','Normal',1,'0.6','1','','','',''),
(825,56,'H6734','2711039','2018-05-04','WARM CEDAR','WARM CEDAR',0,2,4,7,6,3,2,0,0,0,'7.41','','','','N','Normal',1,'0.6','1','','','',''),
(826,56,'H6734','2711039','2018-05-04','LODEN GREEN','LODEN GREEN',0,1,3,5,4,2,1,0,0,0,'7.41','','','','N','Normal',1,'0.6','1','','','',''),
(827,56,'H6734','1695931','2018-06-01','RICH GOLD','RICH GOLD',0,20,74,143,131,68,35,13,26,25,'7.41','','','','N','Normal',1,'0.6','1','','','',''),
(828,56,'H6734','1695931','2018-06-01','SEACOAST BLUE','SEACOAST BLUE',0,22,81,156,143,73,38,15,28,28,'7.41','','','','N','Normal',1,'0.6','1','','','',''),
(829,56,'H6734','2709366','2018-06-01','RICH GOLD','RICH GOLD',2,176,391,633,615,244,215,0,0,0,'7.41','','','','N','Normal',1,'0.6','1','','','',''),
(830,56,'H6734','2709366','2018-06-01','SEACOAST BLUE','SEACOAST BLUE',2,174,373,621,570,229,207,0,0,0,'7.41','','','','N','Normal',1,'0.6','1','','','',''),
(831,56,'H6734','2710548','2018-06-01','SEACOAST BLUE','SEACOAST BLUE',0,1,2,4,4,2,1,0,0,0,'7.41','','','','N','Normal',1,'0.6','1','','','',''),
(832,56,'H6734','2710548','2018-06-01','RICH GOLD','RICH GOLD',0,1,2,4,4,2,1,0,0,0,'7.41','','','','N','Normal',1,'0.6','1','','','',''),
(833,57,'7W84154','P07R216300','2018-06-11','HEATHER GREY','HEATHER GREY',58,70,58,32,23,0,0,0,0,0,'7.51','','','','N','Normal',1,'1','1','','','',''),
(834,57,'7W84154','P07R216500','2018-06-11','HEATHER GREY','HEATHER GREY',87,29,93,7,0,0,0,0,0,0,'7.51','','','','N','Normal',1,'1','1','','','',''),
(835,57,'7W84154','P07R216700','2018-06-11','HEATHER GREY','HEATHER GREY',81,162,81,81,81,0,0,0,0,0,'7.51','','','','N','Normal',1,'1','1','','','',''),
(836,57,'7W84154','P07R216400','2018-06-11','HEATHER GREY','HEATHER GREY',17,16,19,8,5,0,0,0,0,0,'7.51','','','','N','Normal',1,'1','1','','','',''),
(837,57,'7W84154','P07R216600','2018-06-11','HEATHER GREY','HEATHER GREY',3,6,3,3,3,0,0,0,0,0,'7.51','','','','N','Normal',1,'1','1','','','',''),
(838,57,'7W84154','SRS SAMPLE','2018-06-11','HEATHER GREY','HEATHER GREY',0,6,0,0,0,0,0,0,0,0,'7.51','','','','N','Normal',1,'1','1','','','',''),
(839,57,'7W84394','PENDING','2018-07-02','HEATHER GREY','HEATHER GREY',39,68,39,39,39,0,0,0,0,0,'7.51','','','','N','Normal',1,'1','1','','','',''),
(840,57,'7W84394','SRS SAMPLE','2018-07-02','C0264','Heather Grey',0,6,0,0,0,0,0,0,0,0,'7.51','','','','N','Normal',1,'','','','','',''),
(841,58,'K0033','1704385','2018-06-01','HEATHER GREY','HEATHER GREY',10,60,160,147,62,5,0,0,0,0,'9.11','0.29','9.78','','N','Normal',1,'0.60','','','','',''),
(842,58,'K0033','2716016','2018-06-01','HEATHER GREY','HEATHER GREY',0,171,457,419,178,14,0,0,0,0,'9.11','0.29','9.78','','N','Normal',1,'','','','','',''),
(843,59,'J4013','6066297','2018-06-02','DUSTY COAL','DUSTY COAL',20,39,95,119,83,61,41,27,15,0,'5.66','0.24','','','N','Normal',1,'0.6','1','','','',''),
(844,59,'J4013','9039508','2018-06-02','DUSTY COAL','DUSTY COAL',176,338,622,680,425,320,226,173,0,0,'5.66','0.24','','','N','Normal',1,'0.6','1','','','',''),
(845,59,'J4013','6066660','2018-06-02','DUSTY COAL','DUSTY COAL',20,40,94,119,83,61,40,27,16,0,'5.66','0.24','','','N','Normal',1,'0.6','1','','','',''),
(846,59,'J4013','9039733','2018-06-02','DUSTY COAL','DUSTY COAL',75,160,321,358,229,152,152,53,0,0,'5.66','0.24','','','N','Normal',1,'0.6','1','','','',''),
(847,59,'J4014','6066298','2018-06-02','RAINSHOWER','RAINSHOWER',15,31,74,93,65,48,31,21,12,0,'5.66','0.24','','','N','Normal',1,'0.6','1','','','',''),
(848,59,'J4014','9039509','2018-06-02','RAINSHOWER','RAINSHOWER',162,293,535,581,358,263,186,162,0,0,'5.66','0.24','','','N','Normal',1,'0.6','1','','','',''),
(849,59,'J4015','6066299','2018-06-02','MIDNIGHT NAVY','MIDNIGHT NAVY',23,43,75,87,46,30,23,13,10,0,'5.66','0.24','','','N','Normal',1,'0.6','1','','','',''),
(850,59,'J4015','9039510','2018-06-02','MIDNIGHT NAVY','MIDNIGHT NAVY',193,327,519,481,262,187,166,65,0,0,'5.66','0.24','','','N','Normal',1,'0.6','1','','','',''),
(851,59,'J4016','6066700','2018-06-02','BISQUE','BISQUE',13,25,61,76,53,39,26,17,10,0,'5.66','0.24','','','N','Normal',1,'0.6','1','','','',''),
(852,59,'J4016','9039511','2018-06-02','BISQUE','BISQUE',157,218,460,492,318,203,173,149,0,0,'5.66','0.24','','','N','Normal',1,'0.6','1','','','',''),
(853,59,'J4017','6066701','2018-06-02','BRIGHT PATINA/ VIVID WATERFALL','BRIGHT PATINA/ VIVID WATERFALL',20,40,69,80,42,27,21,12,9,0,'5.66','0.24','','','N','Normal',1,'0.6','1','','','',''),
(854,59,'J4017','9039512','2018-06-02','BRIGHT PATINA/ VIVID WATERFALL','BRIGHT PATINA/ VIVID WATERFALL',134,228,356,340,182,129,113,48,0,0,'5.66','0.24','','','N','Normal',1,'0.6','1','','','',''),
(855,60,'28600095','229840','2018-06-19','GREEN CAMO','GREEN CAMO',490,756,637,402,215,0,0,0,0,0,'11.45','','','','N','Normal',1,'','','','','',''),
(856,61,'7W83950','P07R228800','2018-06-11','LUCKY WHITE','LUCKY WHITE',24,168,199,300,160,0,0,0,0,0,'7.43','','','','N','Normal',1,'1.9','1','','','',''),
(857,61,'7W83950','P07R228900','2018-06-11','LUCKY WHITE','LUCKY WHITE',15,70,117,71,47,0,0,0,0,0,'7.43','','','','N','Normal',1,'1.9','1','','','',''),
(858,61,'7W83950','P07R738900','2018-06-11','LUCKY WHITE','LUCKY WHITE',0,40,72,56,32,0,0,0,0,0,'7.43','','','','N','Normal',1,'1.9','1','','','',''),
(859,61,'7W83950','SRS SAMPLE','2018-06-11','LUCKY WHITE','LUCKY WHITE',0,6,0,0,0,0,0,0,0,0,'7.43','','','','N','Normal',1,'1.9','1','','','',''),
(860,62,'7W83793','P07R227600','2018-06-11','PURPLE MULTI','PURPLE MULTI',60,73,61,33,23,0,0,0,0,0,'8.94','','','','N','Normal',1,'1.2','1','','','',''),
(861,62,'7W83793','P07R228000','2018-06-11','PURPLE MULTI','PURPLE MULTI',141,152,410,192,50,0,0,0,0,0,'8.94','','','','N','Normal',1,'1.2','1','','','',''),
(862,62,'7W83793','P07R522600','2018-06-11','PURPLE MULTI','PURPLE MULTI',168,336,168,168,168,0,0,0,0,0,'8.94','','','','N','Normal',1,'1.2','1','','','',''),
(863,62,'7W83793','P07R228200','2018-06-11','PURPLE MULTI','PURPLE MULTI',4,4,4,2,1,0,0,0,0,0,'8.94','','','','N','Normal',1,'1.2','1','','','',''),
(864,62,'7W83793','P07R227800','2018-06-11','PURPLE MULTI','PURPLE MULTI',18,29,45,19,5,0,0,0,0,0,'8.94','','','','N','Normal',1,'1.2','1','','','',''),
(865,62,'7W83793','P07R522500','2018-06-11','PURPLE MULTI','PURPLE MULTI',11,22,11,11,11,0,0,0,0,0,'8.94','','','','N','Normal',1,'1.2','1','','','',''),
(866,62,'7W83793','SRS SAMPLE','2018-06-11','PURPLE MULTI','PURPLE MULTI',0,6,0,0,0,0,0,0,0,0,'8.94','','','','N','Normal',1,'1.2','1','','','',''),
(867,62,'7W83793','P07R227700','2018-06-11','WHITE MULTI','WHITE MULTI',60,73,61,33,23,0,0,0,0,0,'8.94','','','','N','Normal',1,'1.2','1','','','',''),
(868,62,'7W83793','P07R228100','2018-06-11','WHITE MULTI','WHITE MULTI',123,142,338,164,50,0,0,0,0,0,'8.94','','','','N','Normal',1,'1.2','1','','','',''),
(869,62,'7W83793','P07R522800','2018-06-11','WHITE MULTI','WHITE MULTI',124,248,124,124,124,0,0,0,0,0,'8.94','','','','N','Normal',1,'1.2','1','','','',''),
(870,62,'7W83793','P07R228300','2018-06-11','WHITE MULTI','WHITE MULTI',4,4,4,2,1,0,0,0,0,0,'8.94','','','','N','Normal',1,'1.2','1','','','',''),
(871,62,'7W83793','P07R227900','2018-06-11','WHITE MULTI','WHITE MULTI',16,26,37,16,5,0,0,0,0,0,'8.94','','','','N','Normal',1,'1.2','1','','','',''),
(872,62,'7W83793','P07R522700','2018-06-11','WHITE MULTI','WHITE MULTI',7,14,7,7,7,0,0,0,0,0,'8.94','','','','N','Normal',1,'1.2','1','','','',''),
(873,62,'7W83793','SRS SAMPLE','2018-06-11','WHITE MULTI','WHITE MULTI',0,6,0,0,0,0,0,0,0,0,'8.94','','','','N','Normal',1,'1.2','1','','','',''),
(874,63,'2207326','236629','2018-06-19','C0359','MHG',30,110,246,206,86,31,22,29,25,15,'10.19','','','','N','Normal',1,'1.5','1','','','',''),
(875,63,'2207326','236629','2018-06-19','WINTER ROSE','WINTER ROSE',28,103,231,193,81,29,21,27,23,14,'10.19','','','','N','Normal',1,'1.5','1','','','',''),
(876,63,'2207326','236629','2018-06-19','VIOLA','VIOLA',28,103,231,193,81,29,21,27,23,14,'10.19','','','','N','Normal',1,'1.5','1','','','',''),
(877,63,'2207326','236628','2018-06-19','CASUAL NEW OLIVE','CASUAL NEW OLIVE',28,102,231,193,81,29,21,28,22,15,'10.19','','','','N','Normal',1,'1.5','1','','','',''),
(878,63,'2207326','236173','2018-06-19','PURE WHITE','PURE WHITE',32,116,261,219,92,33,24,31,26,16,'10.19','','','','N','Normal',1,'1.5','1','','','',''),
(879,63,'2207326','263173','2018-06-19','C0444','Pitch Black',34,123,276,232,97,35,25,33,28,17,'10.19','','','','N','Normal',1,'1.50','','','','',''),
(904,65,'70T3741','230583','2018-07-24','C0090','Bright Berry',844,1244,1324,758,330,0,0,0,0,0,'13.26','','','','N','Normal',1,'0.90','','','','',''),
(911,66,'7W84110','P07R214600','2018-06-11','GREY MULTI','GREY MULTI',75,91,76,42,29,0,0,0,0,0,'11.57','','','','N','Normal',1,'1.1','1','','','',''),
(912,66,'7W84110','P07R214800','2018-06-11','GREY MULTI','GREY MULTI',198,155,208,65,12,0,0,0,0,0,'11.57','','','','N','Normal',1,'1.1','1','','','',''),
(913,66,'7W84110','P07R215000','2018-06-11','GREY MULTI','GREY MULTI',81,162,81,81,81,0,0,0,0,0,'11.57','','','','N','Normal',1,'1.1','1','','','',''),
(914,66,'7W84110','P07R214700','2018-06-11','GREY MULTI','GREY MULTI',33,27,37,14,5,0,0,0,0,0,'11.57','','','','N','Normal',1,'1.1','1','','','',''),
(915,66,'7W84110','P07R214900','2018-06-11','GREY MULTI','GREY MULTI',9,18,9,9,9,0,0,0,0,0,'11.57','','','','N','Normal',1,'1.1','1','','','',''),
(916,66,'7W84110','SRS SAMPLE','2018-06-11','GREY MULTI','GREY MULTI',0,6,0,0,0,0,0,0,0,0,'11.57','','','','N','Normal',1,'1.1','1','','','',''),
(932,67,'7W84142','P07R215900','NaN-NaN-NaN','AMERICAN NAVY','AMERICAN NAVY',128,144,357,171,50,0,0,0,0,0,'7.81','','','','N','Normal',1,'0.9','1','','','',''),
(933,67,'7W84142','P07R216200','NaN-NaN-NaN','AMERICAN NAVY','AMERICAN NAVY',136,272,136,136,136,0,0,0,0,0,'7.81','','','','N','Normal',1,'0.9','1','','','',''),
(934,67,'7W84142','P07R215800','NaN-NaN-NaN','AMERICAN NAVY','AMERICAN NAVY',17,27,40,17,5,0,0,0,0,0,'7.81','','','','N','Normal',1,'0.9','1','','','',''),
(935,67,'7W84142','P07R216100','NaN-NaN-NaN','AMERICAN NAVY','AMERICAN NAVY',8,16,8,8,8,0,0,0,0,0,'7.81','','','','N','Normal',1,'0.9','1','','','',''),
(936,67,'7W84142','SRS SAMPLE','NaN-NaN-NaN','AMERICAN NAVY','AMERICAN NAVY',0,6,0,0,0,0,0,0,0,0,'7.81','','','','N','Normal',1,'0.9','1','','','',''),
(937,68,'7QDG717','P07Q628400','2018-06-04','C0348','Marlo Olive',1200,800,400,0,0,0,0,0,0,0,'11.33','','','','N','Normal',1,'1.35','','','','',''),
(938,68,'7QDG717','P07Q628500','2018-06-04','C0012','Apricot Brandy',600,400,200,0,0,0,0,0,0,0,'11.33','','','','N','Normal',1,'1.35','','','','',''),
(939,69,'7W84109','P07Q964700','2018-06-11','AMERICAN NAVY','AMERICAN NAVY',58,26,62,8,0,0,0,0,0,0,'11.57','','','','N','Normal',1,'0.90','1','','','',''),
(940,69,'7W84109','P07R075300','2018-06-11','AMERICAN NAVY','AMERICAN NAVY',46,92,46,46,46,0,0,0,0,0,'11.57','','','','N','Normal',1,'0.90','1','','','',''),
(941,69,'7W84109','P07Q964800','2018-06-11','AMERICAN NAVY','AMERICAN NAVY',14,9,16,4,0,0,0,0,0,0,'11.57','','','','N','Normal',1,'0.90','1','','','',''),
(942,69,'7W84109','P07R075200','2018-06-11','AMERICAN NAVY','AMERICAN NAVY',7,14,7,7,7,0,0,0,0,0,'11.57','','','','N','Normal',1,'0.90','1','','','',''),
(943,69,'7W84109','P07Q965000','2018-06-11','AMERICAN NAVY','AMERICAN NAVY',58,70,58,32,23,0,0,0,0,0,'11.57','','','','N','Normal',1,'0.90','1','','','',''),
(944,69,'7W84109','SRS SAMPLE','2018-06-11','AMERICAN NAVY','AMERICAN NAVY',0,6,0,0,0,0,0,0,0,0,'11.57','','','','N','Normal',1,'0.90','1','','','',''),
(945,21,'8605044','223336','2018-07-10','C0202','Dusty Sage',29,181,294,270,168,58,0,0,0,0,'7.52','0.76','','','N','Normal',1,'','','','','',''),
(955,64,'2303435','236177','2018-06-26','PURE WHITE','PURE WHITE',17,56,123,98,55,26,5,6,7,7,'9.12','0.27','','','N','Normal',1,'0.85','1','2','','',''),
(956,64,'2303435','236183','2018-06-26','PURE WHITE','PURE WHITE',8,17,31,24,12,8,0,0,0,0,'9.12','0.27','','','N','Normal',1,'0.85','1','2','','',''),
(957,64,'2303435','236178','2018-06-26','PURE WHITE','PURE WHITE',314,738,1368,1058,522,300,0,0,0,0,'9.12','0.27','','','N','Normal',1,'0.85','1','2','','',''),
(958,64,'2303435','236184','2018-06-26','C0444','Pitch Black',8,17,31,24,12,8,0,0,0,0,'9.12','0.27','','','N','Normal',1,'0.85','1','2','','',''),
(959,64,'2303435','236181','2018-06-26','C0444','Pitch Black',17,56,123,98,55,26,5,6,7,7,'9.12','0.27','','','N','Normal',1,'0.85','1','2','','',''),
(960,64,'2303435','236180','2018-06-26','C0444','Pitch Black',314,738,1368,1058,522,300,0,0,0,0,'9.12','0.27','','','N','Normal',1,'0.85','1','2','','',''),
(961,64,'2303435','236182','2018-06-26','CASUAL NEW OLIVE','CASUAL NEW OLIVE',11,27,49,39,20,8,0,0,0,0,'9.12','0.27','','','N','Normal',1,'0.85','1','2','','',''),
(962,64,'2303435','236176','2018-06-26','CASUAL NEW OLIVE','CASUAL NEW OLIVE',17,56,123,98,55,26,5,6,7,7,'9.12','0.27','','','N','Normal',1,'0.85','1','2','','',''),
(963,64,'2303435','236179','2018-06-26','CASUAL NEW OLIVE','CASUAL NEW OLIVE',512,1193,2225,1745,871,300,0,0,0,0,'9.12','0.27','','','N','Normal',1,'0.85','1','2','','',''),
(984,70,'7W84140','P07R215100','2018-06-11','RED MULTI','RED MULTI',40,49,41,22,16,0,0,0,0,0,'10.32','','','','N','Normal',1,'0.85','1','','','',''),
(985,70,'7W84140','P07R215300','2018-06-11','RED MULTI','RED MULTI',102,51,109,18,5,0,0,0,0,0,'10.32','','','','N','Normal',1,'0.85','1','','','',''),
(986,70,'7W84140','P07R215600','2018-06-11','RED MULTI','RED MULTI',76,152,76,76,76,0,0,0,0,0,'10.32','','','','N','Normal',1,'0.85','1','','','',''),
(987,70,'7W84140','P07R215200','2018-06-11','RED MULTI','RED MULTI',22,21,25,10,5,0,0,0,0,0,'10.32','','','','N','Normal',1,'0.85','1','','','',''),
(988,70,'7W84140','P07R215500','2018-06-11','RED MULTI','RED MULTI',4,8,4,4,4,0,0,0,0,0,'10.32','','','','N','Normal',1,'0.85','1','','','',''),
(989,70,'7W84140','SRS SAMPLE','2018-06-11','RED MULTI','RED MULTI',0,6,0,0,0,0,0,0,0,0,'10.32','','','','N','Normal',1,'0.85','1','','','',''),
(990,70,'7W84395','PENDING','2018-07-02','RED MULTI','RED MULTI',42,66,42,42,42,0,0,0,0,0,'10.32','','','','N','Normal',1,'0.85','1','','','',''),
(991,71,'K3232','1703665','2018-06-22','C0605','Tuscan Olive',246,653,1302,1330,819,318,132,0,0,0,'8.16','','','','N','Normal',1,'0.80','','','','',''),
(992,71,'K3232','1703665','','C0035','Bedford Coal',318,644,1682,1717,1058,410,171,0,0,0,'8.16','','','','N','Normal',1,'0.80','','','','',''),
(993,71,'K3232','1703665','2018-06-22','C0427','Peppermint Ice',144,381,760,775,478,185,77,0,0,0,'8.16','','','','N','Normal',1,'0.80','','','','',''),
(994,71,'K3232','1703665','2018-06-22','C0088','Brick Red',215,572,1139,1163,717,278,116,0,0,0,'8.16','','','','N','Normal',1,'0.80','','','','',''),
(1016,73,'7W83996','P07R214100','2018-06-11','HEATHER GREY - EVENING BLUE','HEATHER GREY - EVENING BLUE',78,95,79,43,30,0,0,0,0,0,'7.79','0.84','','','N','Normal',1,'0.95','1','2','','',''),
(1017,73,'7W83996','P07R214300','2018-06-11','HEATHER GREY - EVENING BLUE','HEATHER GREY - EVENING BLUE',238,525,700,625,413,0,0,0,0,0,'7.79','0.84','','','N','Normal',1,'0.95','1','2','','',''),
(1018,73,'7W83996','P07R214200','2018-06-11','HEATHER GREY - EVENING BLUE','HEATHER GREY - EVENING BLUE',5,5,6,3,2,0,0,0,0,0,'7.79','0.84','','','N','Normal',1,'0.95','1','2','','',''),
(1019,73,'7W83996','SRS SAMPLE','2018-06-11','HEATHER GREY - EVENING BLUE','HEATHER GREY - EVENING BLUE',0,6,0,0,0,0,0,0,0,0,'7.79','0.84','','','N','Normal',1,'0.95','1','2','','',''),
(1020,70,'7W84395','SRS SAMPLE','2018-07-02','C0474','Red Multi',0,6,0,0,0,0,0,0,0,0,'10.32','','','','N','Normal',1,'0.85','','','','',''),
(1021,74,'H5967','6069103','2018-06-15','WHITE','WHITE',179,526,1045,965,513,238,104,0,0,0,'8.8','9.08','','','N','Normal',1,'1.2','1','2','','',''),
(1022,74,'H5967','3518987','2018-06-15','WHITE','WHITE',453,1281,3912,2958,1468,723,0,0,0,0,'8.8','9.08','','','N','Normal',1,'1.2','1','2','','',''),
(1023,74,'H5967','6069103','2018-06-15','BLACK','BLACK',68,20,51,370,10,66,0,0,0,0,'8.8','9.08','','','N','Normal',1,'1.2','1','2','','',''),
(1024,74,'H5967','3518987','2018-06-15','BLACK','BLACK',0,0,1323,1205,622,175,0,0,0,0,'8.8','9.08','','','N','Normal',1,'1.2','1','2','','',''),
(1025,74,'H5967','6069103','2018-06-15','NAVY','NAVY',56,115,192,91,31,10,15,0,0,0,'8.8','9.08','','','N','Normal',1,'1.2','1','2','','',''),
(1026,74,'H5967','3518987','2018-06-15','NAVY','NAVY',0,93,455,957,483,207,0,0,0,0,'8.8','9.08','','','N','Normal',1,'1.2','1','2','','',''),
(1027,74,'H5967','6069104','2018-06-15','DELICATE PETAL','DELICATE PETAL',16,58,109,109,56,24,11,8,4,0,'8.8','9.08','','','N','Normal',1,'1.2','1','2','','',''),
(1028,74,'H5967','3518988','2018-06-15','DELICATE PETAL','DELICATE PETAL',145,287,446,435,226,106,0,0,0,0,'8.8','9.08','','','N','Normal',1,'1.2','1','2','','',''),
(1029,74,'H5967','6069104','2018-06-15','DEEP EMERALD','DEEP EMERALD',16,58,109,109,56,24,11,8,4,0,'8.8','9.08','','','N','Normal',1,'1.2','1','2','','',''),
(1030,74,'H5967','3518988','2018-06-15','DEEP EMERALD','DEEP EMERALD',139,278,429,419,218,102,0,0,0,0,'8.8','9.08','','','N','Normal',1,'1.2','1','2','','',''),
(1045,39,'H8628','2715721','2018-06-15','IVORY','IVORY',0,1137,1943,2000,1290,500,150,0,0,0,'7.32','','','','N','Normal',1,'0.6','1','','','',''),
(1046,39,'H8628','1703765','2018-06-15','IVORY','IVORY',0,400,735,740,331,144,30,0,0,0,'7.32','','','','N','Normal',1,'0.6','1','','','',''),
(1047,39,'H8628','2715721','2018-06-15','CLASSIC SKY','CLASSIC SKY',0,303,621,902,690,286,98,0,0,0,'7.32','','','','N','Normal',1,'0.6','1','','','',''),
(1048,39,'H8628','2715722','2018-06-15','CLASSIC SKY','CLASSIC SKY',15,536,1054,1516,1151,486,204,0,0,0,'7.32','','','','N','Normal',1,'0.6','1','','','',''),
(1049,39,'H8628','2716611','2018-06-15','CLASSIC SKY','CLASSIC SKY',0,4,8,12,9,4,1,0,0,0,'7.32','','','','N','Normal',1,'0.6','1','','','',''),
(1050,39,'H8628','1703765','2018-06-15','NAVY','NAVY',0,249,534,753,584,264,106,10,0,0,'7.32','','','','N','Normal',1,'0.6','1','','','',''),
(1051,39,'H8628','1703765','2018-06-15','BEDFORD COAL','BEDFORD COAL',0,345,885,1147,888,310,180,25,0,0,'7.32','','','','N','Normal',1,'0.6','1','','','',''),
(1052,39,'H8628','2715720','2018-06-15','BEDFORD COAL','BEDFORD COAL',9,261,542,808,615,230,39,0,0,0,'7.32','','','','N','Normal',1,'0.6','1','','','',''),
(1053,39,'H8628','2716610','2018-06-15','BEDFORD COAL','BEDFORD COAL',0,2,3,5,4,1,1,0,0,0,'7.32','','','','N','Normal',1,'0.6','1','','','',''),
(1054,39,'H8628','1703765','2018-06-15','SUBTLE PINK','SUBTLE PINK',0,387,983,1312,747,310,93,38,0,0,'7.32','','','','N','Normal',1,'0.6','1','','','',''),
(1055,39,'H8628','2715720','2018-06-15','SUBTLE PINK','SUBTLE PINK',18,513,991,1441,1095,445,143,0,0,0,'7.32','','','','N','Normal',1,'0.6','1','','','',''),
(1056,39,'H8628','2716610','2018-06-15','SUBTLE PINK','SUBTLE PINK',0,5,10,14,11,4,2,0,0,0,'7.32','','','','N','Normal',1,'0.6','1','','','',''),
(1057,39,'H8628','2715720','2018-06-15','DARK SEAWEED','DARK SEAWEED',15,351,779,1095,838,313,87,0,0,0,'7.32','','','','N','Normal',1,'0.6','1','','','',''),
(1058,39,'H8628','1703766','2018-06-15','DARK SEAWEED','DARK SEAWEED',0,368,935,1248,714,294,88,33,0,0,'7.32','','','','N','Normal',1,'0.6','1','','','',''),
(1059,39,'H8628','2716610','2018-06-15','DARK SEAWEED','DARK SEAWEED',0,5,9,13,10,4,1,0,0,0,'7.32','','','','N','Normal',1,'0.6','1','','','',''),
(1060,76,'7W83003','P07R788700','2018-06-11','C0250','Green Multi',750,1500,2100,750,0,0,0,0,0,0,'8.98','','','','N','Normal',1,'0.90','','','','',''),
(1061,76,'7W83003','P07R788900','2018-06-11','C0250','Green Multi',150,275,450,325,0,0,0,0,0,0,'8.98','','','','N','Normal',1,'0.90','','','','',''),
(1062,76,'7Q83003','P07R788800','2018-06-11','C0250','Green Multi',0,0,0,0,40,500,300,0,0,0,'8.98','','','','N','Normal',1,'0.90','','','','',''),
(1064,77,'28600131','235380 ','2018-07-24','TRUE WHITE','TRUE WHITE',341,455,424,200,80,0,0,0,0,0,'11.58','','','','N','Normal',1,'1.5','1','','','',''),
(1065,77,'28600131','235380 ','2018-07-24','NOUVEAU SLATE','NOUVEAU SLATE',453,619,572,276,80,0,0,0,0,0,'11.58','','','','N','Normal',1,'1.5','1','','','',''),
(1066,77,'28600131','235380 ','2018-07-24','WILD GINGER','WILD GINGER',410,550,514,246,80,0,0,0,0,0,'11.58','','','','N','Normal',1,'1.5','1','','','',''),
(1067,77,'28600131','235380 ','2018-07-24','OUTBACK','OUTBACK',341,455,424,200,80,0,0,0,0,0,'11.58','','','','N','Normal',1,'1.5','1','','','',''),
(1094,52,'8604891A','224370 ','2018-05-22','GREEN CAMO','GREEN CAMO',0,5,7,7,3,2,0,0,0,0,'11.57','','','','N','Normal',1,'1.1','1','','','',''),
(1095,52,'8604891A','225695 ','2018-05-29','GREEN CAMO','GREEN CAMO',0,1808,2212,1940,1000,40,0,0,0,0,'11.57','','','','N','Normal',1,'1.1','1','','','',''),
(1096,52,'8604891A','225697 ','2018-05-29','GREEN CAMO','GREEN CAMO',0,1924,2320,2067,1048,296,0,0,0,0,'11.57','','','','N','Normal',1,'1.1','1','','','',''),
(1097,52,'8604891A','225699 ','2018-05-29','GREEN CAMO','GREEN CAMO',0,20,19,14,7,0,0,0,0,0,'11.57','','','','N','Normal',1,'1.1','1','','','',''),
(1098,52,'8604891A','224376 ','2018-05-29','GREEN CAMO','GREEN CAMO',0,60,81,74,37,8,0,0,0,0,'11.57','','','','N','Normal',1,'1.1','1','','','',''),
(1099,52,'8604891A','225703 ','2018-05-29','GREEN CAMO','GREEN CAMO',29,181,296,262,172,60,0,0,0,0,'11.57','','','','N','Normal',1,'1.1','1','','','',''),
(1100,52,'8604891A','225704 ','2018-05-29','GREEN CAMO','GREEN CAMO',58,362,590,532,341,117,0,0,0,0,'11.57','','','','N','Normal',1,'1.1','1','','','',''),
(1101,52,'8604891A','225673 ','2018-06-12','GREEN CAMO','GREEN CAMO',0,516,617,545,282,40,0,0,0,0,'11.57','','','','N','Normal',1,'1.1','1','','','',''),
(1102,52,'8604891A','225674 ','2018-06-12','GREEN CAMO','GREEN CAMO',15,91,148,132,85,29,0,0,0,0,'11.57','','','','N','Normal',1,'1.1','1','','','',''),
(1103,78,'70T3969','241784','2018-06-02','NOUVEAU SLATE','NOUVEAU SLATE',552,793,883,516,256,0,0,0,0,0,'12.46','','','','N','Normal',1,'0.85','','','','',''),
(1120,79,'J1496','2713257','2018-06-21','ALPINE MEDOW','ALPINE MEDOW',0,2,4,6,5,2,1,0,0,0,'8.86','9.18','','','N','Normal',1,'1.15','1','','','',''),
(1121,79,'J1496','1700613','2018-07-13','ALPINE MEDOW','ALPINE MEDOW',0,83,273,402,309,169,58,52,37,17,'8.86','9.18','','','N','Normal',1,'1.15','1','','','',''),
(1122,79,'J1496','2713010','2018-07-13','ALPINE MEDOW','ALPINE MEDOW',7,363,700,982,756,313,199,0,0,0,'8.86','9.18','','','N','Normal',1,'1.15','1','','','',''),
(1123,79,'J1496','1700614','2018-07-13','BLACK','BLACK',0,75,276,329,215,155,10,90,10,10,'8.86','9.18','','','N','Normal',1,'1.15','1','','','',''),
(1124,79,'J1496','2713011','2018-07-13','BLACK','BLACK',21,309,587,830,661,275,127,0,0,0,'8.86','9.18','','','N','Normal',1,'1.15','1','','','',''),
(1125,79,'J1496','1700614','2018-07-13','NAVY','NAVY',0,20,96,55,10,44,10,55,10,10,'8.86','9.18','','','N','Normal',1,'1.15','1','','','',''),
(1126,79,'J1496','1700614','2018-07-13','PINK','PINK',0,28,116,110,64,56,10,46,10,10,'8.86','9.18','','','N','Normal',1,'1.15','1','','','',''),
(1127,79,'J1496','2713011','2018-07-13','PINK','PINK',12,169,321,455,362,150,71,0,0,0,'8.86','9.18','','','N','Normal',1,'1.15','1','','','',''),
(1128,79,'J1496','1700614','2018-07-13','CERISE','CERISE',0,42,151,192,132,81,10,42,10,10,'8.86','9.18','','','N','Normal',1,'1.15','1','','','',''),
(1129,79,'J1496','2713011','2018-07-13','CERISE','CERISE',12,209,397,563,447,186,86,0,0,0,'8.86','9.18','','','N','Normal',1,'1.15','1','','','',''),
(1130,79,'J1496','1700614','2018-07-13','WHITE','WHITE',0,47,225,157,55,114,10,122,10,10,'8.86','9.18','','','N','Normal',1,'1.15','1','','','',''),
(1131,79,'J1496','2713011','2018-07-13','WHITE','WHITE',30,514,970,1375,1095,454,212,0,0,0,'8.86','9.18','','','N','Normal',1,'1.15','1','','','',''),
(1132,79,'J1496','2713194','2018-07-13','BEDFORD COAL','BEDFORD COAL',0,2,4,5,4,2,1,0,0,0,'8.86','9.18','','','N','Normal',1,'1.15','1','','','',''),
(1133,79,'J1496','1700612','2018-08-10','BEDFORD COAL','BEDFORD COAL',0,42,136,201,155,84,29,26,19,8,'8.86','9.18','','','N','Normal',1,'1.15','1','','','',''),
(1134,79,'J1496','2713009','2018-08-10','BEDFORD COAL','BEDFORD COAL',9,229,425,604,456,210,59,0,0,0,'8.86','9.18','','','N','Normal',1,'1.15','1','','','',''),
(1135,79,'J1496','2713194','2018-07-13','RICH GOLD','RICH GOLD',0,2,3,5,4,1,1,0,0,0,'8.86','9.18','','','N','Normal',1,'1.15','1','','','',''),
(1136,79,'J1496','1700612','2018-08-10','RICH GOLD','RICH GOLD',0,48,158,232,179,98,34,30,21,10,'8.86','9.18','','','N','Normal',1,'1.15','1','','','',''),
(1137,79,'J1496','2713009','2018-08-10','RICH GOLD','RICH GOLD',9,230,428,606,460,214,57,0,0,0,'8.86','9.18','','','N','Normal',1,'1.15','1','','','',''),
(1138,79,'J1496','2713011','2018-07-13','C0374','Navy',12,210,400,568,451,190,89,0,0,0,'8.86','','','','N','Normal',1,'1.15','','','','',''),
(1175,80,'H6734','2713195','2018-06-18','SLATE','SLATE',0,1,3,5,5,3,1,0,0,0,'7.74','0.6','','','N','Normal',1,'0.85','1','','','',''),
(1176,80,'H6734','2713102','2018-06-22','SLATE','SLATE',9,236,551,976,854,449,227,0,0,0,'7.74','0.6','','','N','Normal',1,'0.85','1','','','',''),
(1177,80,'H6734','1700296','2018-07-13','SLATE','SLATE',0,28,132,262,228,104,43,31,22,10,'7.74','0.6','','','N','Normal',1,'0.85','1','','','',''),
(1178,80,'H6734','0223105','2018-07-13','SLATE','SLATE',0,65,76,299,295,164,70,65,7,6,'7.74','0.6','','','N','Normal',1,'0.85','1','','','',''),
(1179,80,'H6734','2713057','2018-06-18','DEEP TWILIGHT','DEEP TWILIGHT',0,1,3,5,5,3,1,0,0,0,'7.74','0.6','','','N','Normal',1,'0.85','1','','','',''),
(1180,80,'H6734','2713006','2018-06-29','DEEP TWILIGHT','DEEP TWILIGHT',7,223,514,922,804,426,216,0,0,0,'7.74','0.6','','','N','Normal',1,'0.85','1','','','',''),
(1181,80,'H6734','1700608','2018-07-13','DEEP TWILIGHT','DEEP TWILIGHT',0,26,120,237,207,94,39,28,20,9,'7.74','0.6','','','N','Normal',1,'0.85','1','','','',''),
(1182,80,'H6734','1700608','2018-07-13','DARK SEAWEED','DARK SEAWEED',0,14,66,131,114,52,21,16,11,5,'7.74','0.6','','','N','Normal',1,'0.85','1','','','',''),
(1183,80,'H6734','2713057','2018-06-18','SUBTLE PINK','SUBTLE PINK',0,0,1,3,5,5,3,1,0,0,'7.74','0.6','','','N','Normal',1,'0.85','1','','','',''),
(1184,80,'H6734','2713006','2018-06-29','SUBTLE PINK','SUBTLE PINK',7,223,514,922,804,426,216,0,0,0,'7.74','0.6','','','N','Normal',1,'0.85','1','','','',''),
(1185,80,'H6734','1700608','2018-07-13','SUBTLE PINK','SUBTLE PINK',0,26,120,237,207,94,39,28,20,9,'7.74','0.6','','','N','Normal',1,'0.85','1','','','',''),
(1186,80,'H6734','1700608','2018-07-13','BRICK RED','BRICK RED',0,25,118,235,204,93,38,28,20,9,'7.74','0.6','','','N','Normal',1,'0.85','1','','','',''),
(1187,80,'H6734','O223105','2018-07-06','BLACK','BLACK',0,67,89,346,343,190,81,66,7,6,'7.74','0.6','','','N','Normal',1,'0.85','1','','','',''),
(1188,80,'H6734','1700609','2018-07-13','BLACK','BLACK',0,10,193,441,304,49,10,90,53,10,'7.74','0.6','','','N','Normal',1,'0.85','1','','','',''),
(1189,80,'H6734','O223105','2018-07-06','NAVY','NAVY',0,67,89,346,343,190,81,66,7,6,'7.74','0.6','','','N','Normal',1,'0.85','1','','','',''),
(1190,80,'H6734','2713007','2018-06-29','NAVY','NAVY',21,157,399,700,618,318,157,0,0,0,'7.74','0.6','','','N','Normal',1,'0.85','1','','','',''),
(1191,80,'H6734','1700609','2018-07-13','NAVY','NAVY',0,10,89,220,145,10,10,36,10,10,'7.74','0.6','','','N','Normal',1,'0.85','1','','','',''),
(1192,80,'H6734','2713007','2018-06-29','WHITE','WHITE',30,283,717,1264,1112,571,283,0,0,0,'7.74','0.6','','','N','Normal',1,'0.85','1','','','',''),
(1193,80,'H6734','1700609','2018-07-13','WHITE','WHITE',0,10,233,532,369,51,10,116,136,13,'7.74','0.6','','','N','Normal',1,'0.85','1','','','',''),
(1194,80,'H6734','2713007','2018-06-29','BLACK','BLACK',21,243,612,1076,948,488,242,0,0,0,'7.74','0.6','','','N','Normal',1,'0.85','1','','','',''),
(1195,81,'28600151','236100','2018-08-21','C0124','Camo Grey',809,1192,1264,731,304,0,0,0,0,0,'11.03','','','','-1','Not Selected',1,'0.90','','','','',''),
(1196,82,'28600095','238816','2018-06-04','GREEN CAMO','GREEN CAMO',687,1033,1355,705,220,0,0,0,0,0,'11.93','','','','N','Normal',1,'0.90','','','','',''),
(1200,83,'8604828','232335 ','2018-06-18','GREY HEATHER','GREY HEATHER',0,390,639,517,154,300,0,0,0,0,'7.25','','','','N','Normal',1,'0.7','1','','','',''),
(1201,83,'8604828','232334 ','2018-06-18','GREY HEATHER','GREY HEATHER',43,163,281,275,150,88,0,0,0,0,'7.25','','','','N','Normal',1,'0.7','1','','','',''),
(1202,83,'8604828','234843','2018-06-18','GREY HEATHER','GREY HEATHER',0,207,273,227,93,0,0,0,0,0,'7.25','','','','N','Normal',1,'0.7','1','','','',''),
(1203,83,'8604828','234844 ','2018-06-18','GREY HEATHER','GREY HEATHER',12,38,95,88,47,20,0,0,0,0,'7.25','','','','N','Normal',1,'0.7','1','','','',''),
(1204,84,'28600092','230585','2018-07-24','C0070','Blue Diamond',652,961,1022,585,280,0,0,0,0,0,'10.51','','','','-1','Not Selected',1,'0.90','','','','',''),
(1205,85,'70T3969','230569','2018-06-17','C0049','Black - Currant',544,927,814,474,241,0,0,0,0,0,'12.26','','','','N','Normal',1,'0.90','','','','',''),
(1214,35,'8604828','232335 ','2018-05-18','IVORY/PALE BURGUNDY','IVORY/PALE BURGUNDY',0,3,7,11,10,5,2,0,0,0,'7.68','7.8','','','N','Normal',1,'0.7','1','2','','',''),
(1215,35,'8604828','232334 ','2018-06-18','IVORY/PALE BURGUNDY','IVORY/PALE BURGUNDY',0,83,307,596,547,282,144,52,78,76,'7.68','7.8','','','N','Normal',1,'0.7','1','2','','',''),
(1216,35,'8604828','234843','2018-06-18','IVORY/PALE BURGUNDY','IVORY/PALE BURGUNDY',10,267,570,974,878,444,249,0,0,0,'7.68','7.8','','','N','Normal',1,'0.7','1','2','','',''),
(1217,35,'8604828','234844 ','2018-06-18','IVORY/PALE BURGUNDY','IVORY/PALE BURGUNDY',0,7,54,94,90,57,35,7,0,0,'7.68','7.8','','','N','Normal',1,'0.7','1','2','','',''),
(1252,23,'8604843','225461','2018-05-22','IMPALA / TRUE WHITE','IMPALA / TRUE WHITE',0,6,8,7,4,0,0,0,0,0,'8.11','1.78','','','N','Normal',1,'1.2','1','2','','',''),
(1253,23,'8604843','225469','2018-05-29','IMPALA / TRUE WHITE','IMPALA / TRUE WHITE',0,1307,1569,1388,730,296,0,0,0,0,'8.11','1.78','','','N','Normal',1,'1.2','1','2','','',''),
(1254,23,'8604843','225482','2018-05-29','IMPALA / TRUE WHITE','IMPALA / TRUE WHITE',29,181,294,270,168,58,0,0,0,0,'8.11','1.78','','','N','Normal',1,'1.2','1','2','','',''),
(1255,23,'8604843','225471','2018-05-29','IMPALA / TRUE WHITE','IMPALA / TRUE WHITE',0,20,19,14,7,0,0,0,0,0,'8.11','1.78','','','N','Normal',1,'1.2','1','2','','',''),
(1256,23,'8604843','225467','2018-05-29','IMPALA / TRUE WHITE','IMPALA / TRUE WHITE',0,49,67,61,30,8,0,0,0,0,'8.11','1.78','','','N','Normal',1,'1.2','1','2','','',''),
(1257,23,'8604843','225479','2018-05-29','IMPALA / TRUE WHITE','IMPALA / TRUE WHITE',0,35,33,29,13,0,0,0,0,0,'8.11','1.78','','','N','Normal',1,'1.2','1','2','','',''),
(1258,23,'8604843','225986','2018-06-12','IMPALA / TRUE WHITE','IMPALA / TRUE WHITE',0,464,581,509,206,40,0,0,0,0,'8.11','1.78','','','N','Normal',1,'1.2','1','2','','',''),
(1259,23,'8604843','225988','2018-06-12','IMPALA / TRUE WHITE','IMPALA / TRUE WHITE',15,90,147,135,84,29,0,0,0,0,'8.11','1.78','','','N','Normal',1,'1.2','1','2','','',''),
(1260,23,'8604843','225461','2018-05-22','PITCH BLACK / TRUE WHITE','PITCH BLACK / TRUE WHITE',0,6,8,7,4,0,0,0,0,0,'8.11','1.78','','','N','Normal',1,'1.2','1','2','','',''),
(1261,23,'8604843','225469','2018-05-29','PITCH BLACK / TRUE WHITE','PITCH BLACK / TRUE WHITE',0,1732,2273,2009,1001,296,0,0,0,0,'8.11','1.78','','','N','Normal',1,'1.2','1','2','','',''),
(1262,23,'8604843','225482','2018-05-29','PITCH BLACK / TRUE WHITE','PITCH BLACK / TRUE WHITE',58,361,588,541,337,115,0,0,0,0,'8.11','1.78','','','N','Normal',1,'1.2','1','2','','',''),
(1263,23,'8604843','225471','2018-05-29','PITCH BLACK / TRUE WHITE','PITCH BLACK / TRUE WHITE',0,7,8,6,3,0,0,0,0,0,'8.11','1.78','','','N','Normal',1,'1.2','1','2','','',''),
(1264,23,'8604843','225467','2018-05-29','PITCH BLACK / TRUE WHITE','PITCH BLACK / TRUE WHITE',0,55,75,68,34,8,0,0,0,0,'8.11','1.78','','','N','Normal',1,'1.2','1','2','','',''),
(1265,23,'8604843','225986','2018-06-12','PITCH BLACK / TRUE WHITE','PITCH BLACK / TRUE WHITE',0,1131,1378,1218,633,40,0,0,0,0,'8.11','1.78','','','N','Normal',1,'1.2','1','2','','',''),
(1266,23,'8604843','225988','2018-06-12','PITCH BLACK / TRUE WHITE','PITCH BLACK / TRUE WHITE',58,361,588,541,337,115,0,0,0,0,'8.11','1.78','','','N','Normal',1,'1.2','1','2','','',''),
(1267,24,'8605217','226033','2018-06-05','C0043','Black',36,203,376,355,187,43,0,0,0,0,'16.68','','','','N','Normal',1,'1.60','','','','',''),
(1268,86,'8605310','232339','2018-07-03','Racing Red /  True White','Racing Red / True White',36,168,319,294,137,46,0,0,0,0,'15.11','3.04','','','N','Normal',1,'1.55','','','','',''),
(1269,86,'8605310','232340','2018-07-10','Racing Red /  True White','Racing Red / True White',7,34,64,59,27,9,0,0,0,0,'15.11','3.04','','','N','Normal',1,'1.55','','','','',''),
(1274,87,'7W84170','P07R217100','2018-06-18','LUCKY BLACK / LUCKY WHITE','LUCKY BLACK / LUCKY WHITE',151,159,448,207,50,0,0,0,0,0,'10.33','0.5','','','N','Normal',1,'0.85','1','2','','',''),
(1275,87,'7W84170','P07R217400','2018-06-18','LUCKY BLACK / LUCKY WHITE','LUCKY BLACK / LUCKY WHITE',190,380,190,190,190,0,0,0,0,0,'10.33','0.5','','','N','Normal',1,'0.85','1','2','','',''),
(1276,87,'7W84170','P07R216900','2018-06-18','LUCKY BLACK / LUCKY WHITE','LUCKY BLACK / LUCKY WHITE',20,32,50,21,5,0,0,0,0,0,'10.33','0.5','','','N','Normal',1,'0.85','1','2','','',''),
(1277,87,'7W84170','P07R217200','2018-06-18','LUCKY BLACK / LUCKY WHITE','LUCKY BLACK / LUCKY WHITE',12,24,12,12,12,0,0,0,0,0,'10.33','0.5','','','N','Normal',1,'0.85','1','2','','',''),
(1278,87,'7W84170','SRS SAMPLE','2018-06-18','LUCKY BLACK / LUCKY WHITE','LUCKY BLACK / LUCKY WHITE',0,6,0,0,0,0,0,0,0,0,'10.33','0.5','','','N','Normal',1,'0.85','1','2','','',''),
(1377,49,'J0445','1697726','2018-06-01','CLASSIC SKY','CLASSIC SKY',19,91,299,310,159,40,0,0,0,0,'9.9','0.38','','','N','Normal',1,'0.7','1','2','','',''),
(1378,49,'J0445','1697726','2018-06-01','DUSTY KHAKI','DUSTY KHAKI',9,46,151,156,80,20,0,0,0,0,'9.9','0.38','','','N','Normal',1,'0.7','1','2','','',''),
(1379,49,'J0466','1697727','2018-06-01','DUSTY KHAKI','DUSTY KHAKI',0,0,0,0,0,0,23,38,28,19,'9.78','0.38','','','N','Normal',1,'0.7','1','2','','',''),
(1380,49,'J0466','1697727','2018-06-01','CLASSIC SKY','CLASSIC SKY',0,0,0,0,0,0,44,74,54,38,'9.78','0.38','','','N','Normal',1,'0.7','1','2','','',''),
(1381,49,'J0467','1697728','2018-06-01','CLASSIC SKY','CLASSIC SKY',18,59,151,117,33,0,0,0,0,0,'9.9','0.38','','','N','Normal',1,'0.7','1','2','','',''),
(1382,49,'J0467','1697728','2018-06-01','DUSTY KHAKI','DUSTY KHAKI',9,30,77,59,17,0,0,0,0,0,'9.9','0.38','','','N','Normal',1,'0.7','1','2','','',''),
(1383,49,'J0445','2710266','2018-06-01','CLASSIC SKY','CLASSIC SKY',3,503,1256,1118,471,85,0,0,0,0,'9.9','0.38','','','N','Normal',1,'0.7','1','2','','',''),
(1384,49,'J0445','2711752','2018-06-01','CLASSIC SKY','CLASSIC SKY',0,13,31,26,10,0,0,0,0,0,'9.9','0.38','','','N','Normal',1,'0.7','1','2','','',''),
(1385,49,'J0445','1697732','2018-06-01','WARM BLACK','WARM BLACK',6,29,97,100,51,13,0,0,0,0,'9.9','0.38','','','N','Normal',1,'0.7','1','2','','',''),
(1386,49,'J0445','1697732','2018-06-01','WHITE','WHITE',13,63,207,213,109,28,0,0,0,0,'9.9','0.38','','','N','Normal',1,'0.7','1','2','','',''),
(1387,49,'J0445','1697732','2018-06-01','NAVY','NAVY',7,33,106,110,56,14,0,0,0,0,'9.9','0.38','','','N','Normal',1,'0.7','1','2','','',''),
(1388,49,'J0466','1697733','2018-06-01','WARM BLACK','WARM BLACK',0,0,0,0,0,0,15,23,18,12,'9.78','0.38','','','N','Normal',1,'0.7','1','2','','',''),
(1389,49,'J0466','1697733','2018-06-01','WHITE','WHITE',0,0,0,0,0,0,31,51,37,26,'9.78','0.38','','','N','Normal',1,'0.7','1','2','','',''),
(1390,49,'J0466','1697733','2018-06-01','NAVY','NAVY',0,0,0,0,0,0,16,26,19,14,'9.78','0.38','','','N','Normal',1,'0.7','1','2','','',''),
(1391,49,'J0467','1697734','2018-06-01','WARM BLACK','WARM BLACK',5,19,49,37,11,0,0,0,0,0,'9.9','0.38','','','N','Normal',1,'0.7','1','2','','',''),
(1392,49,'J0467','1697734','2018-06-01','WHITE','WHITE',12,40,104,80,24,0,0,0,0,0,'9.9','0.38','','','N','Normal',1,'0.7','1','2','','',''),
(1393,49,'J0467','1697734','2018-06-01','NAVY','NAVY',7,21,53,42,11,0,0,0,0,0,'9.9','0.38','','','N','Normal',1,'0.7','1','2','','',''),
(1394,49,'J0445','2710268','2018-06-01','WARM BLACK','WARM BLACK',3,110,280,247,98,3,0,0,0,0,'9.9','0.38','','','N','Normal',1,'0.7','1','2','','',''),
(1395,49,'J0445','2710268','2018-06-01','WHITE','WHITE',3,255,644,569,226,8,0,0,0,0,'9.9','0.38','','','N','Normal',1,'0.7','1','2','','',''),
(1396,49,'J0445','2710268','2018-06-01','NAVY','NAVY',3,115,295,260,103,4,0,0,0,0,'9.9','0.38','','','N','Normal',1,'0.7','1','2','','',''),
(1397,49,'J0467','0219437','2018-06-01','NAVY','NAVY',3,13,11,3,0,0,0,0,0,0,'9.9','0.38','','','N','Normal',1,'0.7','1','2','','',''),
(1398,49,'J0467','0219437','2018-06-01','WHITE','WHITE',3,13,11,3,0,0,0,0,0,0,'9.9','0.38','','','N','Normal',1,'0.7','1','2','','',''),
(1399,49,'J0466','1697742','2018-06-01','CLASSIC SKY','CLASSIC SKY',0,0,0,0,0,0,29,49,37,25,'9.78','0.38','','','N','Normal',1,'0.7','1','2','','',''),
(1400,49,'J0466','1697742','2018-06-01','DUSTY KHAKI','DUSTY KHAKI',0,0,0,0,0,0,14,25,19,14,'9.78','0.38','','','N','Normal',1,'0.7','1','2','','',''),
(1401,49,'J1778','2710265','2018-06-01','HTHR NAVY','HTHR NAVY',173,439,387,150,20,0,0,0,0,0,'9.9','0.38','','','N','Normal',1,'0.7','1','2','','',''),
(1402,49,'J1778','1697729','2018-06-01','HTHR OLD RED','HTHR OLD RED',7,39,123,128,65,16,0,0,0,0,'9.9','0.38','','','N','Normal',1,'0.7','1','2','','',''),
(1403,49,'J1780','1697730','2018-06-01','HTHR OLD RED','HTHR OLD RED',0,0,0,0,0,0,25,42,31,22,'9.78','0.38','','','N','Normal',1,'0.7','1','2','','',''),
(1404,49,'J1781','1697731','2018-06-01','HTHR OLD RED','HTHR OLD RED',9,31,81,65,24,0,0,0,0,0,'9.9','0.38','','','N','Normal',1,'0.7','1','2','','',''),
(1405,49,'J1778','2710267','2018-06-01','HTHR OLD RED','HTHR OLD RED',3,315,824,765,324,85,0,0,0,0,'9.9','0.38','','','N','Normal',1,'0.7','1','2','','',''),
(1406,49,'J1778','1697738','2018-06-01','HTHR NAVY','HTHR NAVY',8,41,132,137,70,18,0,0,0,0,'9.9','0.38','','','N','Normal',1,'0.7','1','2','','',''),
(1407,49,'J1781','1697740','2018-06-01','HTHR NAVY','HTHR NAVY',7,25,63,52,20,0,0,0,0,0,'9.9','0.38','','','N','Normal',1,'0.7','1','2','','',''),
(1408,49,'J1778','2710270','2018-06-01','HTHR NAVY','HTHR NAVY',3,174,442,390,155,5,0,0,0,0,'9.9','0.38','','','N','Normal',1,'0.7','1','2','','',''),
(1409,49,'J1764','1697735','2018-06-01','HTHR GREY','HTHR GREY',6,26,85,88,45,11,0,0,0,0,'9.9','0.38','','','N','Normal',1,'0.7','1','2','','',''),
(1410,49,'J1765','1697736','2018-06-01','HTHR GREY','HTHR GREY',0,0,0,0,0,0,13,21,16,10,'9.78','0.38','','','N','Normal',1,'0.7','1','2','','',''),
(1411,49,'J1776','1697737','2018-06-01','HTHR GREY','HTHR GREY',5,17,43,32,10,0,0,0,0,0,'9.9','0.38','','','N','Normal',1,'0.7','1','2','','',''),
(1412,49,'J1764','2710269','2018-06-01','HTHR GREY','HTHR GREY',3,102,263,232,92,3,0,0,0,0,'9.9','0.38','','','N','Normal',1,'0.7','1','2','','',''),
(1413,49,'J0445','1697741','2018-06-15','DUSTY KHAKI','DUSTY KHAKI',7,31,99,104,53,14,0,0,0,0,'9.9','0.38','','','N','Normal',1,'0.7','1','2','','',''),
(1414,49,'J0445','1697741','2018-06-15','CLASSIC SKY','CLASSIC SKY',13,61,199,206,105,28,0,0,0,0,'9.9','0.38','','','N','Normal',1,'0.7','1','2','','',''),
(1415,49,'J0467','1697743','2018-06-15','CLASSIC SKY','CLASSIC SKY',12,39,100,77,24,0,0,0,0,0,'9.9','0.38','','','N','Normal',1,'0.7','1','2','','',''),
(1416,49,'J0467','1697743','2018-06-15','DUSTY KHAKI','DUSTY KHAKI',6,20,51,39,12,0,0,0,0,0,'9.9','0.38','','','N','Normal',1,'0.7','1','2','','',''),
(1417,49,'J0445','2710271','2018-06-15','CLASSIC SKY','CLASSIC SKY',0,354,887,782,310,11,0,0,0,0,'9.9','0.38','','','N','Normal',1,'0.7','1','2','','',''),
(1418,49,'J1778','2712006','2018-06-15','HTHR OLD RED','HTHR OLD RED',0,8,18,16,6,0,0,0,0,0,'9.9','0.38','','','N','Normal',1,'0.7','1','2','','',''),
(1419,49,'J1780','1697739','2018-06-15','HTHR NAVY','HTHR NAVY',0,0,0,0,0,0,19,33,24,17,'9.78','0.38','','','N','Normal',1,'0.7','1','2','','',''),
(1420,49,'J1781','0220135','2018-06-15','HTHR OLD RED','HTHR OLD RED',0,13,26,24,12,8,0,0,0,0,'9.9','0.38','','','N','Normal',1,'0.7','1','2','','',''),
(1421,49,'J1781','0219964','2018-06-15','HTHR OLD RED','HTHR OLD RED',2,4,6,5,3,0,0,0,0,0,'9.9','0.38','','','N','Normal',1,'0.7','1','2','','',''),
(1422,49,'J1781','0219947','2018-06-15','HTHR OLD RED','HTHR OLD RED',0,5,14,11,5,0,0,0,0,0,'9.9','0.38','','','N','Normal',1,'0.7','1','2','','',''),
(1423,49,'J1778','1697744','2018-06-15','HTHR OLD RED','HTHR OLD RED',8,33,112,115,60,16,0,0,0,0,'9.9','0.38','','','N','Normal',1,'0.7','1','2','','',''),
(1424,49,'J1780','1697745','2018-06-15','HTHR OLD RED','HTHR OLD RED',0,0,0,0,0,0,17,28,21,14,'9.78','0.38','','','N','Normal',1,'0.7','1','2','','',''),
(1425,49,'J1781','1697746','2018-06-15','HTHR OLD RED','HTHR OLD RED',7,21,52,43,17,0,0,0,0,0,'9.9','0.38','','','N','Normal',1,'0.7','1','2','','',''),
(1426,49,'J1778','2710272','2018-06-15','HTHR OLD RED','HTHR OLD RED',0,238,596,526,209,7,0,0,0,0,'9.9','0.38','','','N','Normal',1,'0.7','1','2','','',''),
(1427,88,'8604828','232335 ','2018-06-15','GREY HEATHER','GREY HEATHER',0,390,639,517,154,300,0,0,0,0,'5.16','','','','N','Normal',1,'0.7','1','','','',''),
(1428,88,'8604828','232334 ','2018-06-15','GREY HEATHER','GREY HEATHER',43,163,281,275,150,88,0,0,0,0,'5.16','','','','N','Normal',1,'0.7','1','','','',''),
(1429,88,'8604828','234843','2018-06-15','GREY HEATHER','GREY HEATHER',0,207,273,227,93,0,0,0,0,0,'5.16','','','','N','Normal',1,'0.7','1','','','',''),
(1430,88,'8604828','234844 ','2018-06-15','GREY HEATHER','GREY HEATHER',12,38,95,88,47,20,0,0,0,0,'5.16','','','','N','Normal',1,'0.7','1','','','',''),
(1431,89,'7W83297','P07R516900','2018-07-09','GREEN MULTI','GREEN MULTI',757,754,789,337,170,0,0,0,0,0,'11.57','','','','N','Normal',1,'1','1','','','',''),
(1432,89,'7W83297','P07R669300','2018-07-09','GREEN MULTI','GREEN MULTI',125,250,125,125,125,0,0,0,0,0,'11.57','','','','N','Normal',1,'1','1','','','',''),
(1433,89,'7W83297','P07R517100','2018-07-09','GREEN MULTI','GREEN MULTI',67,66,75,33,18,0,0,0,0,0,'11.57','','','','N','Normal',1,'1','1','','','',''),
(1434,89,'7W83297','P07R669500','2018-07-09','GREEN MULTI','GREEN MULTI',8,16,8,8,8,0,0,0,0,0,'11.57','','','','N','Normal',1,'1','1','','','',''),
(1435,89,'7W83297','P07R517400','2018-07-09','GREEN MULTI','GREEN MULTI',637,514,669,217,50,0,0,0,0,0,'11.57','','','','N','Normal',1,'1','1','','','',''),
(1436,89,'7W83297','P07R669400','2018-07-09','GREEN MULTI','GREEN MULTI',245,490,245,245,245,0,0,0,0,0,'11.57','','','','N','Normal',1,'1','1','','','',''),
(1437,89,'7W83297','P07R517300','2018-07-09','GREEN MULTI','GREEN MULTI',54,40,62,20,5,0,0,0,0,0,'11.57','','','','N','Normal',1,'1','1','','','',''),
(1438,89,'7W83297','P07R669600','2018-07-09','GREEN MULTI','GREEN MULTI',21,42,21,21,21,0,0,0,0,0,'11.57','','','','N','Normal',1,'1','1','','','',''),
(1439,89,'7W83297','SRS SAMPLE','2018-07-09','GREEN MULTI','GREEN MULTI',0,6,0,0,0,0,0,0,0,0,'11.57','','','','N','Normal',1,'1','1','','','',''),
(1440,89,'7W83297','P07R517200','2018-06-06','GREEN MULTI','GREEN MULTI',60,73,61,33,23,0,0,0,0,0,'11.57','','','','N','Normal',1,'1.00','','','','',''),
(1441,89,'7W83297','P07R936100','2018-07-09','GREEN MULTI','GREEN MULTI',302,421,681,374,174,0,0,0,0,0,'11.57','','','','N','Normal',1,'1','1','','','',''),
(1442,89,'7W83297','P07R936200','2018-07-09','GREEN MULTI','GREEN MULTI',35,58,73,35,15,0,0,0,0,0,'11.57','','','','N','Normal',1,'1','1','','','',''),
(1443,89,'7W83297','P07R936300','2018-07-09','GREEN MULTI','GREEN MULTI',133,266,133,133,133,0,0,0,0,0,'11.57','','','','N','Normal',1,'1','1','','','',''),
(1444,89,'7W83297','P07R936400','2018-07-09','GREEN MULTI','GREEN MULTI',7,14,7,7,7,0,0,0,0,0,'11.57','','','','N','Normal',1,'1','1','','','',''),
(1445,90,'7W83784','P07R517600','2018-07-16','GREY MULTI','GREY MULTI',66,60,217,95,15,0,0,0,0,0,'7.12','','','','N','Normal',1,'1.55','1','','','',''),
(1446,90,'7W83784','P07R670100','2018-07-16','GREY MULTI','GREY MULTI',107,214,107,107,107,0,0,0,0,0,'7.12','','','','N','Normal',1,'1.55','1','','','',''),
(1447,90,'7W83784','P07R517500','2018-07-16','GREY MULTI','GREY MULTI',8,13,22,9,1,0,0,0,0,0,'7.12','','','','N','Normal',1,'1.55','1','','','',''),
(1448,90,'7W83784','P07R670000','2018-07-16','GREY MULTI','GREY MULTI',7,14,7,7,7,0,0,0,0,0,'7.12','','','','N','Normal',1,'1.55','1','','','',''),
(1449,90,'7W83784','SRS SAMPLE','2018-07-16','GREY MULTI','GREY MULTI',0,6,0,0,0,0,0,0,0,0,'7.12','','','','N','Normal',1,'1.55','1','','','',''),
(1450,91,'70T3741','242380','2018-08-14','C0142','Charcoal Heather',486,712,762,437,103,0,0,0,0,0,'13.41','','','','N','Normal',1,'0.90','','','','',''),
(1451,92,'70T3741','235391','2018-07-24','C0421','Pale Snow Heather',486,714,760,437,103,0,0,0,0,0,'','','','','N','Normal',1,'0.90','','','','','');

/*Table structure for table `orderfabric` */

DROP TABLE IF EXISTS `orderfabric`;

CREATE TABLE `orderfabric` (
  `id` int(10) NOT NULL AUTO_INCREMENT,
  `orderid` int(10) DEFAULT NULL,
  `yarncode` varchar(30) DEFAULT NULL,
  `fabrictypecode` varchar(30) DEFAULT NULL,
  `fabriccode` varchar(30) DEFAULT NULL,
  `width` varchar(30) DEFAULT NULL,
  `weight` varchar(30) DEFAULT NULL,
  `created_at` datetime DEFAULT CURRENT_TIMESTAMP,
  PRIMARY KEY (`id`)
) ENGINE=InnoDB AUTO_INCREMENT=122 DEFAULT CHARSET=utf8;

/*Data for the table `orderfabric` */

insert  into `orderfabric`(`id`,`orderid`,`yarncode`,`fabrictypecode`,`fabriccode`,`width`,`weight`,`created_at`) values 
(38,8,NULL,'61','902','72','125','2018-05-11 03:35:25'),
(39,8,NULL,'62','902','72','125','2018-05-11 21:58:27'),
(40,19,NULL,'61','979','66/68','170','2018-05-11 22:29:19'),
(41,21,NULL,'61','1571','70/72','155','2018-05-12 14:32:32'),
(42,21,NULL,'62','1569','72','210','2018-05-12 14:32:57'),
(43,22,NULL,'61','1571','64-66','150','2018-05-12 14:42:00'),
(44,22,NULL,'767','1571','64-66','150','2018-05-12 14:43:18'),
(45,23,NULL,'61','1291','72-74','160','2018-05-12 14:58:47'),
(46,23,NULL,'766','1291','72-74','160','2018-05-12 14:59:14'),
(47,24,NULL,'61','1306','54-56','200','2018-05-12 15:19:29'),
(48,25,NULL,'61','1571','70/72','155','2018-05-12 15:44:11'),
(49,26,NULL,'61','1571','70/72','155','2018-05-12 15:54:57'),
(50,29,NULL,'61','1291','72-74','160','2018-05-12 16:17:10'),
(51,30,NULL,'61','-1','52-54','200','2018-05-12 16:35:49'),
(52,30,NULL,'61','1582','52-54','200','2018-05-12 16:42:10'),
(53,31,NULL,'61','1571','64-66','155','2018-05-12 17:36:18'),
(54,32,NULL,'61','1571','70/72','150','2018-05-12 17:47:18'),
(55,32,NULL,'62','1569','70-72','200','2018-05-12 17:47:45'),
(56,33,NULL,'61','975','52-54','265','2018-05-14 14:00:06'),
(57,34,NULL,'61','989','62-64','145','2018-05-14 20:13:36'),
(58,34,NULL,'62','-1','66/68','170','2018-05-14 20:16:11'),
(59,34,NULL,'62','984','66/68','170','2018-05-14 20:17:29'),
(60,35,NULL,'61','998','62-64','150','2018-05-14 20:53:43'),
(61,35,NULL,'62','1583','60-62','210','2018-05-14 21:14:47'),
(62,36,NULL,'61','998','59-61','150','2018-05-14 21:51:52'),
(63,36,NULL,'62','1583','72-74','200','2018-05-14 21:52:25'),
(64,38,NULL,'61','1434','62-64','125','2018-05-14 22:17:48'),
(65,39,NULL,'61','1270','66-68','160','2018-05-15 15:57:32'),
(66,40,NULL,'61','998','62-64','150','2018-05-15 17:02:16'),
(67,40,NULL,'62','1583','60-62','200','2018-05-15 17:02:45'),
(68,44,NULL,'61','989','71-73','145','2018-05-15 20:39:40'),
(69,44,NULL,'61','1102','71-73','145','2018-05-15 20:41:21'),
(70,44,NULL,'62','1096','70-72','200','2018-05-15 20:42:28'),
(71,44,NULL,'62','982','70-72','200','2018-05-15 20:43:06'),
(72,47,NULL,'61','989','70-72','145','2018-05-17 14:54:10'),
(73,47,NULL,'62','985','70-72','200','2018-05-17 14:55:00'),
(74,47,NULL,'61','1182','70-72','145','2018-05-17 14:59:44'),
(75,47,NULL,'62','1180','70-72','200','2018-05-17 15:00:10'),
(76,50,NULL,'61','989','62-64','145','2018-05-17 22:20:42'),
(77,50,NULL,'62','985','66-68','170','2018-05-17 22:21:03'),
(78,52,NULL,'61','1571','64-66','155','2018-05-17 22:54:51'),
(79,16,NULL,'61','989','71-73','145','2018-05-18 00:15:15'),
(80,16,NULL,'62','985','70-72','200','2018-05-18 00:15:33'),
(81,12,NULL,'61','1571','72-74','150','2018-05-18 00:30:41'),
(82,53,NULL,'61','1571','64-66','155','2018-05-18 20:16:49'),
(83,54,NULL,'61','1571','70-72','155','2018-05-18 20:37:13'),
(84,57,NULL,'61','1571','72-74','150','2018-05-24 14:14:25'),
(85,58,NULL,'61','989','71-73','145','2018-05-24 15:01:56'),
(86,58,NULL,'62','985','70/72','200','2018-05-24 15:02:26'),
(87,60,NULL,'61','1571','60-62','155','2018-05-25 20:12:27'),
(88,48,NULL,'61','1102','62-64','155','2018-05-25 20:27:50'),
(89,62,NULL,'61','1102','72-74','150','2018-05-25 21:13:17'),
(90,51,NULL,'61','901','52-54','152','2018-05-25 23:07:47'),
(91,63,NULL,'61','1102','68-70','150','2018-05-28 14:57:00'),
(92,65,NULL,'61','901','52-54','152','2018-05-28 19:38:13'),
(93,67,NULL,'61','1102','72-74','150','2018-05-29 15:17:41'),
(94,68,NULL,'61','-1','66-64','125','2018-05-29 17:02:19'),
(95,46,NULL,'61','1571','70-72','155','2018-05-29 22:30:23'),
(96,66,NULL,'61','-1','64-66','125','2018-05-30 19:45:02'),
(97,66,NULL,'61','1584','62-64','125','2018-05-30 19:48:38'),
(98,64,NULL,'61','989','70-72','150','2018-05-30 19:51:45'),
(99,64,NULL,'62','985','70/72','210','2018-05-30 19:52:27'),
(100,70,NULL,'61','1475','64-66','125','2018-05-30 20:08:22'),
(101,72,NULL,'61','998','64-66','150','2018-05-30 23:39:58'),
(102,73,NULL,'61','1558','72-74','160','2018-05-31 13:52:16'),
(103,74,NULL,'61','1217','62-64','150','2018-05-31 14:44:18'),
(104,61,NULL,'61','1102','72-74','150','2018-05-31 21:18:11'),
(105,76,NULL,'61','1102','72-74','150','2018-06-01 18:55:56'),
(106,77,NULL,'61','1571','70-72','155','2018-06-01 19:09:40'),
(107,78,NULL,'61','989','64-66','155','2018-06-02 13:46:29'),
(108,79,NULL,'61','1425','62-64','125','2018-06-02 14:48:55'),
(109,80,NULL,'61','985','52-54','265','2018-06-02 16:20:19'),
(110,81,NULL,'61','1571','70-72','155','2018-06-04 13:11:59'),
(111,84,NULL,'61','1571','70-72','155','2018-06-04 16:35:23'),
(112,85,NULL,'61','1001','64-66','155','2018-06-04 16:56:13'),
(113,86,NULL,'61','1244','62-64','160','2018-06-04 23:44:25'),
(114,87,NULL,'61','1429','64-66','125','2018-06-05 17:55:21'),
(115,49,NULL,'61','989','71-73','145','2018-06-05 22:07:37'),
(116,49,NULL,'62','985','70-72','145','2018-06-05 22:08:28'),
(117,88,NULL,'61','1558','72-74','190','2018-06-06 20:06:12'),
(118,89,NULL,'61','1102','72-74','150','2018-06-06 20:39:36'),
(119,90,NULL,'61','1102','74-76','150','2018-06-08 16:41:25'),
(120,91,NULL,'61','901','52-54','152','2018-06-08 20:41:14'),
(121,92,NULL,'61','901','52-54','152','2018-06-08 20:47:32');

/*Table structure for table `orders` */

DROP TABLE IF EXISTS `orders`;

CREATE TABLE `orders` (
  `id` int(10) NOT NULL AUTO_INCREMENT,
  `date` datetime DEFAULT CURRENT_TIMESTAMP,
  `handler` varchar(100) NOT NULL,
  `handlername` varchar(100) DEFAULT NULL,
  `name` varchar(100) NOT NULL,
  `buyer` varchar(100) NOT NULL,
  `buyername` varchar(100) DEFAULT NULL,
  `style` varchar(100) NOT NULL,
  `product` varchar(100) NOT NULL,
  `sizegroup` varchar(30) DEFAULT NULL,
  `sizegroupname` varchar(30) DEFAULT NULL,
  `productgroup` varchar(30) DEFAULT NULL,
  `productgroupname` varchar(30) DEFAULT NULL,
  `finishgroup` varchar(30) DEFAULT NULL,
  `finishgroupname` varchar(30) DEFAULT NULL,
  `season` varchar(30) DEFAULT NULL,
  `quantity` varchar(30) DEFAULT NULL,
  `amount` varchar(30) DEFAULT NULL,
  `price` varchar(30) DEFAULT NULL,
  `fabricmargin` varchar(30) DEFAULT '5',
  `materialmargin` varchar(30) DEFAULT '5',
  `sewmargin` varchar(30) DEFAULT '0',
  `files` varchar(300) DEFAULT NULL,
  `created_at` datetime DEFAULT CURRENT_TIMESTAMP,
  PRIMARY KEY (`id`)
) ENGINE=InnoDB AUTO_INCREMENT=93 DEFAULT CHARSET=utf8;

/*Data for the table `orders` */

insert  into `orders`(`id`,`date`,`handler`,`handlername`,`name`,`buyer`,`buyername`,`style`,`product`,`sizegroup`,`sizegroupname`,`productgroup`,`productgroupname`,`finishgroup`,`finishgroupname`,`season`,`quantity`,`amount`,`price`,`fabricmargin`,`materialmargin`,`sewmargin`,`files`,`created_at`) values 
(8,'2018-04-16 00:00:00','9c818869-52ad-46c0-8687-ed2f8f90d520','Mayra Patzan','1811193-01','23','JCREW','J4747','T Shirt Dress in Garment Dye','8','JCREW-01','7','1','5','2','SU18','30010','39013','1.3','5','5','0',NULL,'2018-05-02 22:41:56'),
(9,'2018-05-04 00:00:00','9c818869-52ad-46c0-8687-ed2f8f90d520','Mayra Patzan','1811184-01','25','LUCKY BRAND','7W84139','Striped Scoop Neck Tank','10','1','8','normal','6','NORMAL','','2046','2046','1.0','5','5','0',NULL,'2018-05-04 16:55:53'),
(11,'2018-05-04 00:00:00','9c818869-52ad-46c0-8687-ed2f8f90d520','Mayra Patzan','1811120-01','25','LUCKY BRAND','7Q83273','Morrocan Tile Tee','11','1X-3X','8','normal','6','NORMAL','','1800','2160','1.2','5','5','0',NULL,'2018-05-04 17:30:34'),
(12,'2018-05-04 00:00:00','9c818869-52ad-46c0-8687-ed2f8f90d520','Mayra Patzan','1811187-01','25','LUCKY BRAND','7W84166','Danger Im a Hugger','10','XS-XL','8','normal','6','NORMAL','','2355','2001.75','0.85','5','5','0',NULL,'2018-05-04 17:33:35'),
(13,'2018-04-17 00:00:00','9c818869-52ad-46c0-8687-ed2f8f90d520','Mayra Patzan','1811094-01','23','JCREW','J1900','Summer Friday Tee','13','XXXS-3X','7','1','5','2','','13130','10504','0.8','5','5','0',NULL,'2018-05-04 17:45:12'),
(14,'2018-04-12 00:00:00','9c818869-52ad-46c0-8687-ed2f8f90d520','Mayra Patzan','1811038-09','23','JCREW','53362/J1919','Broken Jersey in C Neck','12','XXS-XXL','7','normal','5','normal','SU18','42447','25468.2','0.6','5','5','0',NULL,'2018-05-04 19:24:19'),
(16,'2018-04-17 00:00:00','9c818869-52ad-46c0-8687-ed2f8f90d520','Mayra Patzan','1811038-10','23','JCREW','40993/J1781','Broken Jersey in V Neck','12','XXS-XXL','7','normal','5','normal','SU18','24318','17022.60','.7','5','5','0',NULL,'2018-05-04 20:14:08'),
(17,'2018-04-12 00:00:00','9c818869-52ad-46c0-8687-ed2f8f90d520','Mayra Patzan','1811065-01','23','JCREW','J1497','Broken Jersey in V Neck Tank','8','XXXS-XXL','7','normal','5','normal','SU18','37170','37170','1.0','5','5','1',NULL,'2018-05-04 20:30:16'),
(18,'2018-04-25 00:00:00','9c818869-52ad-46c0-8687-ed2f8f90d520','Mayra Patzan','1811235-01','23','JCREW','J8711','A Real Firecracker','8','XXXS-XXL','7','normal','5','normal','SU18','10000','8000','0.80','5','5','5',NULL,'2018-05-07 17:35:17'),
(19,'2018-05-07 00:00:00','9c818869-52ad-46c0-8687-ed2f8f90d520','Mayra Patzan','1811256-01','44','Chicos','264-18C67660','Julia SS','14','Chicos-01','-1','Not Selected','-1','Not Selected','SU18','3600','3060','0.85','5','5','5',NULL,'2018-05-11 22:22:29'),
(21,'2018-05-12 00:00:00','9c818869-52ad-46c0-8687-ed2f8f90d520','Mayra Patzan','1811307-01','24','EXPRESS','8605044','Ex-111-BO Open Back Tank','16','Express-307-01','-1','Not Selected','-1','Not Selected','Fall 2018','2000','2000','1.00','5','5','5',NULL,'2018-05-12 14:27:03'),
(22,'2018-05-12 00:00:00','9c818869-52ad-46c0-8687-ed2f8f90d520','Mayra Patzan','1811302-01','24','EXPRESS','28800082','3/4  Sleeve Graphic Baseball Tee','17','Express-302-01','9','normal','7','normal','Fall 2018','4000','3600','0.90','5','5','5',NULL,'2018-05-12 14:37:54'),
(23,'2018-05-11 00:00:00','9c818869-52ad-46c0-8687-ed2f8f90d520','Mayra Patzan','1811306-01','24','EXPRESS','8604843','111 Sporty Cld Shoulder','18','Express-306-01','-1','Not Selected','-1','Not Selected','SU18','25000','30000','1.20','5','5','5',NULL,'2018-05-12 14:56:50'),
(24,'2018-05-11 00:00:00','9c818869-52ad-46c0-8687-ed2f8f90d520','Mayra Patzan','1811315-01','24','EXPRESS','8605217','Ex-111 Ribtie Surplc','19','Express-315-01','-1','Not Selected','-1','Not Selected','Fall 2018','2400','3840','1.60','5','5','5',NULL,'2018-05-12 15:18:09'),
(25,'2018-05-07 00:00:00','9c818869-52ad-46c0-8687-ed2f8f90d520','Mayra Patzan','1811294-01','24','EXPRESS','28600131','Sharp Vee Cold Shoulder','20','Express-294-01','-1','Not Selected','-1','Not Selected','Holiday 2018','16000','20800','1.30','5','5','5',NULL,'2018-05-12 15:42:23'),
(26,'2018-05-03 00:00:00','9c818869-52ad-46c0-8687-ed2f8f90d520','Mayra Patzan','1811301-01','24','EXPRESS','8604306A','Ex-111 Camo B/O V Slim','21','Express-301','-1','Not Selected','-1','Not Selected','Fall 2018','1200','960','0.80','5','5','5',NULL,'2018-05-12 15:54:16'),
(29,'2018-04-27 00:00:00','9c818869-52ad-46c0-8687-ed2f8f90d520','Mayra Patzan','1811326-01','24','EXPRESS','8604918','Ex-111 Slice Dolman','22','Express-326','-1','Not Selected','-1','Not Selected','Holiday 2018','1500','1350','0.90','5','5','5',NULL,'2018-05-12 16:10:21'),
(30,'2018-04-26 00:00:00','9c818869-52ad-46c0-8687-ed2f8f90d520','Mayra Patzan','1811265-01','24','EXPRESS','28600117','Criss Cross Choker','23','Express-265','9','normal','7','normal','Fall 2018','8000','14400','1.80','5','5','5',NULL,'2018-05-12 16:27:15'),
(32,'2018-04-15 18:00:00','9c818869-52ad-46c0-8687-ed2f8f90d520','Mayra Patzan','1811254-01','24','EXPRESS','22200085','S/S Maried Large Lion V Neck','25','Express-254','-1','Not Selected','-1','Not Selected','Fall 2018','5900','5310','0.90','5','5','5',NULL,'2018-05-12 17:46:39'),
(33,'2018-05-11 18:00:00','9c818869-52ad-46c0-8687-ed2f8f90d520','Mayra Patzan','1811324-01','23','JCREW','H6734','New Favorite Tank','26','JCREW-324','-1','Not Selected','-1','Not Selected','SU18','13000','7800','0.60','5','5','5',NULL,'2018-05-14 13:50:29'),
(34,'2018-05-11 18:00:00','9c818869-52ad-46c0-8687-ed2f8f90d520','Mayra Patzan','1811397-02','23','JCREW','J9770',' Broken in Crew  Neck','27','JCREW-397-02','-1','Not Selected','-1','Not Selected','SU18','9375','5625','0.60','5','5','5',NULL,'2018-05-14 20:03:58'),
(35,'2018-05-09 18:00:00','9c818869-52ad-46c0-8687-ed2f8f90d520','Mayra Patzan','1811091-01','23','JCREW','J1670','Aloha Tee','13','XXXS-3X','-1','Not Selected','-1','Not Selected','SU18','5939','5642.05','0.95','5','5','5',NULL,'2018-05-14 20:52:28'),
(36,'2018-05-09 18:00:00','9c818869-52ad-46c0-8687-ed2f8f90d520','Mayra Patzan','1811191-01','23','JCREW','J4303','Independence Tee','13','XXXS-3X','-1','Not Selected','-1','Not Selected','SU18','8653','6922.40','0.80','5','5','5',NULL,'2018-05-14 21:50:23'),
(38,'2018-02-13 18:00:00','9c818869-52ad-46c0-8687-ed2f8f90d520','Mayra Patzan','1811063-01 B','23','JCREW','J1496','Broken in Crew Neck','13','XXXS-3X','-1','Not Selected','-1','Not Selected','SU18','42458','48826.70','1.15','5','5','5',NULL,'2018-05-14 22:15:10'),
(39,'2018-05-13 18:00:00','9c818869-52ad-46c0-8687-ed2f8f90d520','Mayra Patzan','1811334-01','23','JCREW','H8628','Supersoft Tencel Tank','8','XXXS-XXL','-1','Not Selected','-1','Not Selected','Fall 2018','41862','25117.20','0.60','5','5','5',NULL,'2018-05-15 15:55:17'),
(40,'2018-05-13 18:00:00','9c818869-52ad-46c0-8687-ed2f8f90d520','Mayra Patzan','1811234-01','23','JCREW','H1830','Treschic','28','XXS-XL','-1','Not Selected','-1','Not Selected','SU18','4526','3847.10','0.85','5','5','5',NULL,'2018-05-15 16:59:39'),
(42,'2018-05-14 18:00:00','9c818869-52ad-46c0-8687-ed2f8f90d520','Mayra Patzan','1811343-01','24','EXPRESS','8605321','T-111 Vnk Sprt Slim','30','XXS-XL','-1','Not Selected','-1','Not Selected','Holiday 2018','1080','2656.80','2.46','5','5','5',NULL,'2018-05-15 17:56:09'),
(44,'2018-04-18 18:00:00','9c818869-52ad-46c0-8687-ed2f8f90d520','Mayra Patzan','1811038-11','23','JCREW','53870-53623','Washed Jersey Pocket Crew Neck','31','XS-XL','-1','Not Selected','-1','Not Selected','SU18','38236','36324.20','0.95','5','5','5',NULL,'2018-05-15 20:37:13'),
(46,'2018-05-16 18:00:00','9c818869-52ad-46c0-8687-ed2f8f90d520','Mayra Patzan','1811330-01','24','EXPRESS','28600151','3/4  Sleeve Camo Print London','32','XS-XL','9','normal','7','normal','Fall 2018','2800','2520','0.90','5','5','5',NULL,'2018-05-17 13:31:54'),
(47,'2018-05-14 18:00:00','9c818869-52ad-46c0-8687-ed2f8f90d520','Mayra Patzan','1811038-16','23','JCREW','H4465-J8992-J8993-J8994-J8995-J9006-J9007-J9008-J9009-J10910-J9011-J9012','ss crab graphic tee','33','XS (2) - XXXXXL (16)','-1','Not Selected','-1','Not Selected','Fall 2018','42939','29326.20','0.60  Y  0.70','5','5','5',NULL,'2018-05-17 14:40:02'),
(48,'2018-05-16 18:00:00','9c818869-52ad-46c0-8687-ed2f8f90d520','Mayra Patzan','1811297-01','24','EXPRESS','70T3969','Burnout Short Sleeve London Tee','32','XS-XL','9','normal','7','normal','SU18','4000','3400','0.85','5','5','5',NULL,'2018-05-17 19:42:48'),
(49,'2018-02-14 18:00:00','9c818869-52ad-46c0-8687-ed2f8f90d520','Mayra Patzan','1811037-05 D','23','JCREW','J0445-J0446-J0447-J1764-J1765-J1776-J1778-J1780-J1781','Washed Jersey Crew','34','XS-XXL-T','-1','Not Selected','-1','Not Selected','SU18','24461','17122.70','0.70','5','5','5',NULL,'2018-05-17 21:34:33'),
(50,'2018-05-01 18:00:00','9c818869-52ad-46c0-8687-ed2f8f90d520','Mayra Patzan','1811037-01','23','JCREW','J1501','Broken in Crew Neck','8','XXXS-XXL','-1','Not Selected','-1','Not Selected','SU18','180140','108084.00','0.60','5','5','5',NULL,'2018-05-17 22:19:05'),
(51,'2018-05-15 18:00:00','9c818869-52ad-46c0-8687-ed2f8f90d520','Mayra Patzan','1811295-01','24','EXPRESS','70T3741','Brushed Tiger 3/4 Sleeve London','32','XS-XL','9','normal','7','normal','Holiday 2018','8000','7200','0.90','5','5','5',NULL,'2018-05-17 22:41:23'),
(52,'2018-04-25 18:00:00','9c818869-52ad-46c0-8687-ed2f8f90d520','Mayra Patzan','1811316-01','24','EXPRESS','8604891A','T-111 Leopard Dbl V','24','Express-316','9','normal','7','normal','Fall 2018','18499','20348.90','1.10','5','5','5',NULL,'2018-05-17 22:52:21'),
(53,'2018-05-17 18:00:00','9c818869-52ad-46c0-8687-ed2f8f90d520','Mayra Patzan','1811336-01','24','EXPRESS','28600095','Camo Prt Short Sleeve  London Tee','32','XS-XL','9','normal','7','normal','SPRING 2018','2000','1700','0.85','5','5','5',NULL,'2018-05-18 20:14:01'),
(54,'2018-05-17 18:00:00','9c818869-52ad-46c0-8687-ed2f8f90d520','Mayra Patzan','1811320-01','24','EXPRESS','28600151','3/4  Sleeve Camo Print London','32','XS-XL','9','normal','7','normal','Fall 2018','4310','3879','0.90','5','5','5',NULL,'2018-05-18 20:34:27'),
(55,'2018-05-08 18:00:00','9c818869-52ad-46c0-8687-ed2f8f90d520','Mayra Patzan','1811181-01','25','LUCKY BRAND','7WDG811','Janis Joplin','35','XS-XL','-1','Not Selected','-1','Not Selected','Fall 2018','3417','4100.40','1.20','5','5','5',NULL,'2018-05-18 21:40:46'),
(56,'2018-02-15 18:00:00','9c818869-52ad-46c0-8687-ed2f8f90d520','Mayra Patzan','1811062-01','23','JCREW','H6734','New Favorite Tank','13','XXXS-3X','-1','Not Selected','-1','Not Selected','SU18','49622','29773.20','0.60','5','5','5',NULL,'2018-05-18 22:50:29'),
(57,'2018-05-21 18:00:00','9c818869-52ad-46c0-8687-ed2f8f90d520','Mayra Patzan','1811271-01','25','LUCKY BRAND','7W84154','Lucky Bandana','35','XS-XL','-1','Not Selected','-1','Not Selected','Fall 2018','1262','1262','1.00','5','5','5',NULL,'2018-05-24 14:07:25'),
(58,'2018-05-11 18:00:00','9c818869-52ad-46c0-8687-ed2f8f90d520','Mayra Patzan','1811397-01  D','23','JCREW','K0033','Broken in Crew Neck','36','XS-XXL','-1','Not Selected','-1','Not Selected','SU18','1683','1009.80','0.60','5','5','5',NULL,'2018-05-24 14:57:56'),
(59,'2018-05-10 18:00:00','9c818869-52ad-46c0-8687-ed2f8f90d520','Mayra Patzan','1811092-01','23','JCREW','J4013-J4014-J-J4015-J4017','SS Graphic Tee','33','XS (2) - XXXXXL (16)','-1','Not Selected','-1','Not Selected','SU18','15280','9168','0.60','5','5','5',NULL,'2018-05-24 17:32:37'),
(60,'2018-05-24 18:00:00','9c818869-52ad-46c0-8687-ed2f8f90d520','Mayra Patzan','1811296-01','24','EXPRESS','28600095','Camo Prt short Sleeve London Tee','32','XS-XL','9','normal','7','normal','SPRING 2018','2500','2125','0.85','5','5','5',NULL,'2018-05-25 14:46:02'),
(61,'2018-05-23 18:00:00','9c818869-52ad-46c0-8687-ed2f8f90d520','Mayra Patzan','1811279-01','25','LUCKY BRAND','7W83950','Vintage Logo Crew Tee','35','XS-XL','-1','Not Selected','-1','Not Selected','Fall 2018','1377','2616.30','1.90','5','5','5',NULL,'2018-05-25 15:17:59'),
(62,'2018-05-24 18:00:00','9c818869-52ad-46c0-8687-ed2f8f90d520','Mayra Patzan','1811269-01','25','LUCKY BRAND','7W83793','Athletic Graphic Tee','35','XS-XL','8','normal','6','NORMAL','Fall 2018','4380','5256.0','1.20','5','5','5',NULL,'2018-05-25 20:49:31'),
(63,'2018-05-23 18:00:00','9c818869-52ad-46c0-8687-ed2f8f90d520','Mayra Patzan','1811308-01','24','EXPRESS','2207326','Roll Sleeve Tee','38','XS-XXL TALL','9','normal','7','normal','Holiday 2018','4800','7200','1.50','5','5','5',NULL,'2018-05-28 14:51:05'),
(64,'2018-05-27 18:00:00','9c818869-52ad-46c0-8687-ed2f8f90d520','Mayra Patzan','1811338-01','24','EXPRESS','2303435','SS Tee Exp Logo','38','XS-XXL TALL','9','normal','7','normal','Fall 2018','17000','14450','0.85','5','5','5',NULL,'2018-05-28 15:34:15'),
(65,'2018-05-27 18:00:00','9c818869-52ad-46c0-8687-ed2f8f90d520','Mayra Patzan','1811328-01','24','EXPRESS','70T3741','Brushed Tiger 3/4 Sleeve London','32','XS-XL','9','normal','7','normal','Holiday 2018','4500','4050','0.90','5','5','5',NULL,'2018-05-28 19:35:39'),
(66,'2018-05-23 18:00:00','9c818869-52ad-46c0-8687-ed2f8f90d520','Mayra Patzan','1811267-01','25','LUCKY BRAND','7W84110','Polka Dot Scoop Neck','35','XS-XL','8','normal','6','NORMAL','Fall 2018','1613','1209.75','0.75','5','5','5',NULL,'2018-05-28 19:46:37'),
(67,'2018-05-22 18:00:00','9c818869-52ad-46c0-8687-ed2f8f90d520','Mayra Patzan','1811266-01','25','LUCKY BRAND','7W84142','Polka Dot Crew Neck','35','XS-XL','8','normal','6','NORMAL','Fall 2018','1826','1643.40','0.90','5','5','5',NULL,'2018-05-29 15:05:48'),
(68,'2018-04-22 18:00:00','9c818869-52ad-46c0-8687-ed2f8f90d520','Mayra Patzan','1811174-01','25','LUCKY BRAND','7QDG717','Elephant Hamsa Tee','11','1X-3X','8','normal','6','NORMAL','Fall 2018','3600','4860','1.35','5','5','5',NULL,'2018-05-29 17:00:01'),
(69,'2018-05-22 18:00:00','9c818869-52ad-46c0-8687-ed2f8f90d520','Mayra Patzan','1811190-01','25','LUCKY BRAND','7W84109','Polka Dot V-Neck','35','XS-XL','8','normal','6','NORMAL','Fall 2018','762','680.40','0.90','5','5','5',NULL,'2018-05-29 20:00:25'),
(70,'2018-05-23 18:00:00','9c818869-52ad-46c0-8687-ed2f8f90d520','Mayra Patzan','1811268-01','25','LUCKY BRAND','7W84110-7W84395','Stripe Relaxed Tee  & Stripe Woodstock Tee','35','XS-XL','8','normal','6','NORMAL','Fall 2018','1262','1072.70','0.85','5','5','5',NULL,'2018-05-30 20:04:01'),
(71,'2018-05-29 18:00:00','9c818869-52ad-46c0-8687-ed2f8f90d520','Mayra Patzan','1811339-01','23','JCREW','K3232','Tencel Relaxed Fit Crew','12','XXS-XXL','7','normal','5','normal','Fall 2018','17800','14240','0.80','5','5','5',NULL,'2018-05-30 22:50:38'),
(73,'2018-05-29 18:00:00','9c818869-52ad-46c0-8687-ed2f8f90d520','Mayra Patzan','1811274-01','25','LUCKY BRAND','7W83996','Floral Varsity Mix','35','XS-XL','8','normal','6','NORMAL','Fall 2018','2853','2710.35','0.95','5','5','5',NULL,'2018-05-31 13:45:55'),
(74,'2018-05-22 18:00:00','9c818869-52ad-46c0-8687-ed2f8f90d520','Mayra Patzan','1811333-01','23','JCREW','H5967','Vintage Cotton V Neck','39','XXS-3X','7','normal','5','normal','Fall 2018','25000','30000','1.20','5','5','5',NULL,'2018-05-31 14:43:49'),
(76,'2018-05-09 18:00:00','9c818869-52ad-46c0-8687-ed2f8f90d520','Mayra Patzan','1811278-01','25','LUCKY BRAND','7W83003-7Q83003','camo Tee','42','XS-3X','8','normal','6','NORMAL','Fall 2018','7500','6750','0.90','5','5','5',NULL,'2018-06-01 18:50:42'),
(77,'2018-05-06 18:00:00','9c818869-52ad-46c0-8687-ed2f8f90d520','Mayra Patzan','1811392-01','24','EXPRESS','28600131','Sharp Vee Cold Shoulder','32','XS-XL','9','normal','7','normal','Holiday 2018','6800','10200','1.50','5','5','5',NULL,'2018-06-01 19:04:20'),
(78,'2018-06-01 18:00:00','9c818869-52ad-46c0-8687-ed2f8f90d520','Mayra Patzan','1811430-01','24','EXPRESS','70T3969','Burnout  Short Sleeve London Tee','32','XS-XL','9','normal','7','normal','SU18','3000','2550','0.85','5','5','5',NULL,'2018-06-02 13:45:27'),
(79,'2018-05-30 18:00:00','9c818869-52ad-46c0-8687-ed2f8f90d520','Mayra Patzan','1811227-01','23','JCREW','J1496','Supima V Neck','13','XXXS-3X','7','normal','5','normal','Fall 2018','26450','30417.50','1.15','5','5','5',NULL,'2018-06-02 14:47:43'),
(80,'2018-05-11 18:00:00','9c818869-52ad-46c0-8687-ed2f8f90d520','Mayra Patzan','1811226-01','23','JCREW','H6734','Classic Ribbed Tank','13','XXXS-3X','7','normal','5','normal','Fall 2018','30067','18040.20','0.60','5','5','5',NULL,'2018-06-02 16:19:03'),
(81,'2018-06-03 18:00:00','9c818869-52ad-46c0-8687-ed2f8f90d520','Mayra Patzan','1811395-01','24','EXPRESS','28600151','3/4 Sleeve Camo Print Lodon','32','XS-XL','9','normal','7','normal','Fall 2018','4300','3870','0.90','5','5','5',NULL,'2018-06-04 13:11:10'),
(82,'2018-06-03 18:00:00','9c818869-52ad-46c0-8687-ed2f8f90d520','Mayra Patzan','1811411-01','24','EXPRESS','28600095','Camo Prt short Sleeve London Tee','32','XS-XL','9','normal','7','normal','SPRING 2018','4000','3600','0.90','5','5','5',NULL,'2018-06-04 16:08:27'),
(84,'2018-06-03 18:00:00','9c818869-52ad-46c0-8687-ed2f8f90d520','Mayra Patzan','1811331-01','24','EXPRESS','28600092','Burnout London Tee','32','XS-XL','9','normal','7','normal','Fall 2018','3500','3150','0.90','5','5','5',NULL,'2018-06-04 16:34:48'),
(85,'2018-06-03 18:00:00','9c818869-52ad-46c0-8687-ed2f8f90d520','Mayra Patzan','1811337-01','23','JCREW','70T3969','Burnout Short Sleeve London Tee','31','XS-XL','7','normal','5','normal','SU18','3000','2700','0.90','5','5','5',NULL,'2018-06-04 16:54:41'),
(86,'2018-06-03 18:00:00','9c818869-52ad-46c0-8687-ed2f8f90d520','Mayra Patzan','1811342-01','24','EXPRESS','8605310','Ex-111 Varsity Slim Tee','30','XXS-XL','9','normal','7','normal','Fall 2018','1200','1860','1.55','5','5','5',NULL,'2018-06-04 23:36:04'),
(87,'2018-06-04 18:00:00','9c818869-52ad-46c0-8687-ed2f8f90d520','Mayra Patzan','1811272-01','25','LUCKY BRAND','7W84170','Let there Be Rock Ac/DC Tee','35','XS-XL','8','normal','6','NORMAL','Fall 2018','2361','2597.10','1.10','5','5','5',NULL,'2018-06-05 17:54:20'),
(88,'2018-06-05 18:00:00','9c818869-52ad-46c0-8687-ed2f8f90d520','Mayra Patzan','1811341-01','24','EXPRESS','8604828','111 B/0 Easy Vnk','30','XXS-XL','9','normal','7','normal','Fall 2018','4100','2870','0.70','5','5','5',NULL,'2018-06-06 20:02:20'),
(89,'2018-05-27 18:00:00','9c818869-52ad-46c0-8687-ed2f8f90d520','Mayra Patzan','1811280-01','25','LUCKY BRAND','7W83297','Camo 3/4 Sleeve','35','XS-XL','8','normal','6','NORMAL','Fall 2018','7984','7984','1.00','5','5','5',NULL,'2018-06-06 20:38:03'),
(90,'2018-06-07 18:00:00','9c818869-52ad-46c0-8687-ed2f8f90d520','Mayra Patzan','1811283-01','25','LUCKY BRAND','7W83784','V Neck Tee','35','XS-XL','8','normal','6','NORMAL','Fall 2018','1196','1853.80','1.55','5','5','5',NULL,'2018-06-08 16:40:37'),
(91,'2018-06-07 18:00:00','9c818869-52ad-46c0-8687-ed2f8f90d520','Mayra Patzan','1811434-01','24','EXPRESS','70T3741','3/4 Brushed London','32','XS-XL','9','normal','7','normal','Holiday 2018','2500','2250','0.90','5','5','5',NULL,'2018-06-08 20:40:07'),
(92,'2018-06-14 18:00:00','9c818869-52ad-46c0-8687-ed2f8f90d520','Mayra Patzan','1811394-01','24','EXPRESS','70T3741','Brushed Tiger 3/4 Sleeve London','32','XS-XL','9','normal','7','normal','Holiday 2018','2500','2250','0.90','5','5','5',NULL,'2018-06-08 20:45:21');

/*Table structure for table `other` */

DROP TABLE IF EXISTS `other`;

CREATE TABLE `other` (
  `id` int(10) NOT NULL AUTO_INCREMENT,
  `code` varchar(30) NOT NULL,
  `name` varchar(30) NOT NULL,
  `type1` varchar(30) DEFAULT NULL,
  `type2` varchar(30) DEFAULT NULL,
  `status` tinyint(1) NOT NULL DEFAULT '1',
  `created_at` timestamp NOT NULL DEFAULT CURRENT_TIMESTAMP,
  PRIMARY KEY (`id`)
) ENGINE=InnoDB AUTO_INCREMENT=874 DEFAULT CHARSET=utf8;

/*Data for the table `other` */

insert  into `other`(`id`,`code`,`name`,`type1`,`type2`,`status`,`created_at`) values 
(56,'R','Red','Color','Red',1,'2018-04-29 00:48:27'),
(58,'Y','Yellow','Color','Yellow',1,'2018-04-29 00:48:59'),
(59,'S','Seller','Customer Type','Seller',1,'2018-04-29 00:49:19'),
(60,'B','Buyer','Customer Type','Buyer',1,'2018-04-29 00:49:39'),
(61,'1','BODY','Fabric Type','',1,'2018-04-29 00:50:13'),
(62,'2','RIB','Fabric Type','',1,'2018-04-29 00:50:28'),
(63,'XXS','XXS','Size','XXS',1,'2018-04-29 00:53:24'),
(64,'XS','XS','Size','XS',1,'2018-04-29 00:53:31'),
(65,'S','S','Size','S',1,'2018-04-29 00:53:38'),
(66,'L','L','Size','L',1,'2018-04-29 00:53:46'),
(67,'P 1','Customer Manager','Position','P 1',1,'2018-04-29 01:00:03'),
(68,'P 2','System Manager','Position','P 2',1,'2018-04-29 01:00:20'),
(69,'N','Normal','Priority','Normal',1,'2018-04-29 01:07:08'),
(70,'H','High','Priority','H',1,'2018-04-29 01:07:20'),
(71,'L','Low','Priority','L',1,'2018-04-29 01:07:29'),
(74,'C','Canceled','Priority',' ',1,'2018-04-29 09:51:55'),
(75,'cc','Completed','Priority',' ',1,'2018-04-29 09:52:05'),
(76,'F','Fabric','Customer Type','Fabric',1,'2018-04-30 18:34:54'),
(77,'M','Material','Customer Type','M',1,'2018-04-30 19:08:06'),
(78,'K','Kg','Unit','',1,'2018-04-30 20:07:49'),
(103,'C0001','Acid Yellow','Color','',1,'2018-04-30 23:11:00'),
(104,'C0002','Allure Blue','Color','',1,'2018-05-01 23:11:00'),
(105,'C0003','Alsbaster - Ivory','Color','',1,'2018-05-02 23:11:00'),
(106,'C0005','Amazone','Color','',1,'2018-05-03 23:11:00'),
(107,'C0006','Amazonian Clay','Color','',1,'2018-05-04 23:11:00'),
(108,'C0007','America Bandana','Color','',1,'2018-05-05 23:11:00'),
(109,'C0008','American Navy','Color','',1,'2018-05-06 23:11:00'),
(110,'C0009','Amethyst','Color','',1,'2018-05-07 23:11:00'),
(111,'C0010','Any Med','Color','',1,'2018-05-08 23:11:00'),
(112,'C0011','Any White','Color','',1,'2018-05-09 23:11:00'),
(113,'C0012','Apricot Brandy','Color','',1,'2018-05-10 23:11:00'),
(114,'C0013','Apricot Sorbet','Color','',1,'2018-05-11 23:11:00'),
(115,'C0014','Aqua','Color','',1,'2018-05-12 23:11:00'),
(116,'C0015','Arbor','Color','',1,'2018-05-13 23:11:00'),
(117,'C0017','Artic Dusk','Color','',1,'2018-05-14 23:11:00'),
(118,'C0018','Artichoke','Color','',1,'2018-05-15 23:11:00'),
(119,'C0019','Astor Blue','Color','',1,'2018-05-16 23:11:00'),
(120,'C0020','Athletic Grey','Color','',1,'2018-05-17 23:11:00'),
(121,'C0021','Athletic Grey - White','Color','',1,'2018-05-18 23:11:00'),
(122,'C0022','Athletic Heather','Color','',1,'2018-05-19 23:11:00'),
(123,'C0023','Atlas New Wave','Color','',1,'2018-05-20 23:11:00'),
(124,'C0024','Aurora Red','Color','',1,'2018-05-21 23:11:00'),
(125,'C0025','Autumm Fig','Color','',1,'2018-05-22 23:11:00'),
(126,'C0026','Autumnal Blue','Color','',1,'2018-05-23 23:11:00'),
(127,'C0027','Autumnal Blush','Color','',1,'2018-05-24 23:11:00'),
(128,'C0028','Azure Blue','Color','',1,'2018-05-25 23:11:00'),
(129,'C0029','Bahama Coral','Color','',1,'2018-05-26 23:11:00'),
(130,'C0030','Banana','Color','',1,'2018-05-27 23:11:00'),
(131,'C0031','Barley','Color','',1,'2018-05-28 23:11:00'),
(132,'C0032','Barn Red','Color','',1,'2018-05-29 23:11:00'),
(133,'C0033','Bayswater Blue','Color','',1,'2018-05-30 23:11:00'),
(134,'C0035','Bedford Coal','Color','',1,'2018-05-31 23:11:00'),
(135,'C0036','Beet','Color','',1,'2018-06-01 23:11:00'),
(136,'C0037','Beige Htr','Color','',1,'2018-06-02 23:11:00'),
(137,'C0038','Berry','Color','',1,'2018-06-03 23:11:00'),
(138,'C0039','Berry Blush','Color','',1,'2018-06-04 23:11:00'),
(139,'C0040','Biking Red','Color','',1,'2018-06-05 23:11:00'),
(140,'C0041','Birch','Color','',1,'2018-06-06 23:11:00'),
(141,'C0042','Bisque','Color','',1,'2018-06-07 23:11:00'),
(142,'C0043','Black','Color','',1,'2018-06-08 23:11:00'),
(143,'C0044','Black - Autumnal Blush','Color','',1,'2018-06-09 23:11:00'),
(144,'C0046','Black - Blue Diamond','Color','',1,'2018-06-10 23:11:00'),
(145,'C0047','Black - Carlton','Color','',1,'2018-06-11 23:11:00'),
(146,'C0048','Black - Casual New Olive','Color','',1,'2018-06-12 23:11:00'),
(147,'C0049','Black - Currant','Color','',1,'2018-06-13 23:11:00'),
(148,'C0050','Black - Festive Green','Color','',1,'2018-06-14 23:11:00'),
(149,'C0051','Black - New Olive','Color','',1,'2018-06-15 23:11:00'),
(150,'C0052','Black - Savage Rose','Color','',1,'2018-06-16 23:11:00'),
(151,'C0053','Black - Twilight Blue','Color','',1,'2018-06-17 23:11:00'),
(152,'C0054','Black / Artillery','Color','',1,'2018-06-18 23:11:00'),
(153,'C0055','Black / Berry','Color','',1,'2018-06-19 23:11:00'),
(154,'C0056','Black / Blue Diamond','Color','',1,'2018-06-20 23:11:00'),
(155,'C0057','Black / Dusty Olive','Color','',1,'2018-06-21 23:11:00'),
(156,'C0058','Black / Kale','Color','',1,'2018-06-22 23:11:00'),
(157,'C0059','Black / Plum Passion','Color','',1,'2018-06-23 23:11:00'),
(158,'C0060','Black / Savage Rose','Color','',1,'2018-06-24 23:11:00'),
(159,'C0061','Black / Viena Turquoise','Color','',1,'2018-06-25 23:11:00'),
(160,'C0062','Black / White','Color','',1,'2018-06-26 23:11:00'),
(161,'C0063','Black /Bright Berry','Color','',1,'2018-06-27 23:11:00'),
(162,'C0064','Black /Eucalyptus','Color','',1,'2018-06-28 23:11:00'),
(163,'C0065','Black Mountain','Color','',1,'2018-06-29 23:11:00'),
(164,'C0066','Black Multi','Color','',1,'2018-06-30 23:11:00'),
(165,'C0067','Black Soot','Color','',1,'2018-07-01 23:11:00'),
(166,'C0068','Blue / True White','Color','',1,'2018-07-02 23:11:00'),
(167,'C0069','Blue Dazzle','Color','',1,'2018-07-03 23:11:00'),
(168,'C0070','Blue Diamond','Color','',1,'2018-07-04 23:11:00'),
(169,'C0071','Blue Diamond - Black','Color','',1,'2018-07-05 23:11:00'),
(170,'C0072','Blue Eggshell','Color','',1,'2018-07-06 23:11:00'),
(171,'C0073','Blue Heather','Color','',1,'2018-07-07 23:11:00'),
(172,'C0074','Blue Lavander','Color','',1,'2018-07-08 23:11:00'),
(173,'C0075','Blue Lock','Color','',1,'2018-07-09 23:11:00'),
(174,'C0076','Blue Multi','Color','',1,'2018-07-10 23:11:00'),
(175,'C0077','Blue Night','Color','',1,'2018-07-11 23:11:00'),
(176,'C0078','Blue Ribbon','Color','',1,'2018-07-12 23:11:00'),
(177,'C0079','Blue Rock Black','Color','',1,'2018-07-13 23:11:00'),
(178,'C0080','Blue Romance','Color','',1,'2018-07-14 23:11:00'),
(179,'C0081','Blue Stone','Color','',1,'2018-07-15 23:11:00'),
(180,'C0082','Bluestone Marl','Color','',1,'2018-07-16 23:11:00'),
(181,'C0083','Blush','Color','',1,'2018-07-17 23:11:00'),
(182,'C0084','Bold Lime','Color','',1,'2018-07-18 23:11:00'),
(183,'C0085','Bombay Red','Color','',1,'2018-07-19 23:11:00'),
(184,'C0086','Bone White','Color','',1,'2018-07-20 23:11:00'),
(185,'C0087','Bossa Nova','Color','',1,'2018-07-21 23:11:00'),
(186,'C0088','Brick Red','Color','',1,'2018-07-22 23:11:00'),
(187,'C0089','Brigh Red','Color','',1,'2018-07-23 23:11:00'),
(188,'C0090','Bright Berry','Color','',1,'2018-07-24 23:11:00'),
(189,'C0091','Bright Cobalt','Color','',1,'2018-07-25 23:11:00'),
(190,'C0092','Bright Grotto','Color','',1,'2018-07-26 23:11:00'),
(191,'C0093','Bright Hearth','Color','',1,'2018-07-27 23:11:00'),
(192,'C0094','Bright Papaya','Color','',1,'2018-07-28 23:11:00'),
(193,'C0095','Bright Patina','Color','',1,'2018-07-29 23:11:00'),
(194,'C0096','Bright Peri','Color','',1,'2018-07-30 23:11:00'),
(195,'C0097','Bright Red','Color','',1,'2018-07-31 23:11:00'),
(196,'C0098','Bright River','Color','',1,'2018-08-01 23:11:00'),
(197,'C0099','Bright Salmon','Color','',1,'2018-08-02 23:11:00'),
(198,'C0100','Bright Tamale','Color','',1,'2018-08-03 23:11:00'),
(199,'C0101','Bright White','Color','',1,'2018-08-04 23:11:00'),
(200,'C0102','Bright Yellow','Color','',1,'2018-08-05 23:11:00'),
(201,'C0103','Brillant Peri','Color','',1,'2018-08-06 23:11:00'),
(202,'C0104','Brillant Sapphire','Color','',1,'2018-08-07 23:11:00'),
(203,'C0105','Brown Comb Duffel','Color','',1,'2018-08-08 23:11:00'),
(204,'C0106','BRT-Royal','Color','',1,'2018-08-09 23:11:00'),
(205,'C0107','Brush Burgundy','Color','',1,'2018-08-10 23:11:00'),
(206,'C0108','Bubble Gum','Color','',1,'2018-08-11 23:11:00'),
(207,'C0109','Bubble Gum Pink','Color','',1,'2018-08-12 23:11:00'),
(208,'C0110','Bubble Gum Pop','Color','',1,'2018-08-13 23:11:00'),
(209,'C0111','Bubblegum','Color','',1,'2018-08-14 23:11:00'),
(210,'C0112','Bubbleum Pop','Color','',1,'2018-08-15 23:11:00'),
(211,'C0113','Bunker','Color','',1,'2018-08-16 23:11:00'),
(212,'C0114','Burgundy','Color','',1,'2018-08-17 23:11:00'),
(213,'C0115','Burgundy Wine','Color','',1,'2018-08-18 23:11:00'),
(214,'C0116','Burlwood','Color','',1,'2018-08-19 23:11:00'),
(215,'C0118','C. Oatmeal - Yellow','Color','',1,'2018-08-20 23:11:00'),
(216,'C0119','Calypso','Color','',1,'2018-08-21 23:11:00'),
(217,'C0120','Camo','Color','',1,'2018-08-22 23:11:00'),
(218,'C0121','Camo Duffel','Color','',1,'2018-08-23 23:11:00'),
(219,'C0122','Camo Duffel Green','Color','',1,'2018-08-24 23:11:00'),
(220,'C0123','Camo Green','Color','',1,'2018-08-25 23:11:00'),
(221,'C0124','Camo Grey','Color','',1,'2018-08-26 23:11:00'),
(222,'C0125','Camo Pink','Color','',1,'2018-08-27 23:11:00'),
(223,'C0126','Camo Print','Color','',1,'2018-08-28 23:11:00'),
(224,'C0127','Camo Silver Screen','Color','',1,'2018-08-29 23:11:00'),
(225,'C0128','Caneel Bay','Color','',1,'2018-08-30 23:11:00'),
(226,'C0129','Capers','Color','',1,'2018-08-31 23:11:00'),
(227,'C0130','Capers - Ivory','Color','',1,'2018-09-01 23:11:00'),
(228,'C0131','Carlton Grey','Color','',1,'2018-09-02 23:11:00'),
(229,'C0132','Castle Rock','Color','',1,'2018-09-03 23:11:00'),
(230,'C0133','Casual New Olive','Color','',1,'2018-09-04 23:11:00'),
(231,'C0134','Casual New Olive (Stardust)','Color','',1,'2018-09-05 23:11:00'),
(232,'C0135','Casual Oatmeal','Color','',1,'2018-09-06 23:11:00'),
(233,'C0136','Casual oatmeal / Stardust','Color','',1,'2018-09-07 23:11:00'),
(234,'C0137','Cedar','Color','',1,'2018-09-08 23:11:00'),
(235,'C0138','Celestial Blue','Color','',1,'2018-09-09 23:11:00'),
(236,'C0139','Cerise','Color','',1,'2018-09-10 23:11:00'),
(237,'C0140','Cerulean','Color','',1,'2018-09-11 23:11:00'),
(238,'C0141','Charcoal','Color','',1,'2018-09-12 23:11:00'),
(239,'C0142','Charcoal Heather','Color','',1,'2018-09-13 23:11:00'),
(240,'C0144','Chateau Blue','Color','',1,'2018-09-14 23:11:00'),
(241,'C0145','Chateau Olive','Color','',1,'2018-09-15 23:11:00'),
(242,'C0146','Chianti','Color','',1,'2018-09-16 23:11:00'),
(243,'C0147','Chili Pepper','Color','',1,'2018-09-17 23:11:00'),
(244,'C0148','Chrome Yellow','Color','',1,'2018-09-18 23:11:00'),
(245,'C0149','Clasic Blue','Color','',1,'2018-09-19 23:11:00'),
(246,'C0150','Classic Navy','Color','',1,'2018-09-20 23:11:00'),
(247,'C0151','Classic Plaster','Color','',1,'2018-09-21 23:11:00'),
(248,'C0152','Classic Sky','Color','',1,'2018-09-22 23:11:00'),
(249,'C0153','Climbing Ivy','Color','',1,'2018-09-23 23:11:00'),
(250,'C0154','Cloudy Blue','Color','',1,'2018-09-24 23:11:00'),
(251,'C0155','Coal Grey','Color','',1,'2018-09-25 23:11:00'),
(252,'C0156','Cobalt','Color','',1,'2018-09-26 23:11:00'),
(253,'C0157','Columbia Blue','Color','',1,'2018-09-27 23:11:00'),
(254,'C0158','Copper Rose','Color','',1,'2018-09-28 23:11:00'),
(255,'C0159','Cosmetic Pink','Color','',1,'2018-09-29 23:11:00'),
(256,'C0160','Cosmo Pink','Color','',1,'2018-09-30 23:11:00'),
(257,'C0161','Cranberry','Color','',1,'2018-10-01 23:11:00'),
(258,'C0162','Crimson Maple','Color','',1,'2018-10-02 23:11:00'),
(259,'C0163','Crisp Azure','Color','',1,'2018-10-03 23:11:00'),
(260,'C0164','Crystal Grey','Color','',1,'2018-10-04 23:11:00'),
(261,'C0165','Crystalline','Color','',1,'2018-10-05 23:11:00'),
(262,'C0166','Currant','Color','',1,'2018-10-06 23:11:00'),
(263,'C0167','Daiquiri','Color','',1,'2018-10-07 23:11:00'),
(264,'C0168','Dark American Navy','Color','',1,'2018-10-08 23:11:00'),
(265,'C0169','Dark Charcoal Heather','Color','',1,'2018-10-09 23:11:00'),
(266,'C0170','Dark Coral','Color','',1,'2018-10-10 23:11:00'),
(267,'C0171','Dark Evening','Color','',1,'2018-10-11 23:11:00'),
(268,'C0172','Dark Grey Marl','Color','',1,'2018-10-12 23:11:00'),
(269,'C0173','Dark Moss','Color','',1,'2018-10-13 23:11:00'),
(270,'C0174','Dark Olive','Color','',1,'2018-10-14 23:11:00'),
(271,'C0175','Dark Sea','Color','',1,'2018-10-15 23:11:00'),
(272,'C0176','Dark Seaweed','Color','',1,'2018-10-16 23:11:00'),
(273,'C0177','Dark Shadow','Color','',1,'2018-10-17 23:11:00'),
(274,'C0178','Dazzling Blue','Color','',1,'2018-10-18 23:11:00'),
(275,'C0179','Deep Baltic','Color','',1,'2018-10-19 23:11:00'),
(276,'C0180','Deep Fort','Color','',1,'2018-10-20 23:11:00'),
(277,'C0181','Deep Grove','Color','',1,'2018-10-21 23:11:00'),
(278,'C0182','Deep Twilight','Color','',1,'2018-10-22 23:11:00'),
(279,'C0183','Deepest Navy','Color','',1,'2018-10-23 23:11:00'),
(280,'C0184','Delphinium Blue','Color','',1,'2018-10-24 23:11:00'),
(281,'C0185','Desire','Color','',1,'2018-10-25 23:11:00'),
(282,'C0186','DK- Festive','Color','',1,'2018-10-26 23:11:00'),
(283,'C0187','Dk Pink','Color','',1,'2018-10-27 23:11:00'),
(284,'C0188','Dodger Blue','Color','',1,'2018-10-28 23:11:00'),
(285,'C0189','Dream Blue','Color','',1,'2018-10-29 23:11:00'),
(286,'C0190','Dublin Green','Color','',1,'2018-10-30 23:11:00'),
(287,'C0191','Duffel','Color','',1,'2018-10-31 23:11:00'),
(288,'C0192','Dusty Barn','Color','',1,'2018-11-01 23:11:00'),
(289,'C0193','Dusty Coal','Color','',1,'2018-11-02 23:11:00'),
(290,'C0194','Dusty Khaki','Color','',1,'2018-11-03 23:11:00'),
(291,'C0195','Dusty Mauve','Color','',1,'2018-11-04 23:11:00'),
(292,'C0196','Dusty Olive','Color','',1,'2018-11-05 22:11:00'),
(293,'C0197','Dusty Olive / Black','Color','',1,'2018-11-06 22:11:00'),
(294,'C0198','Dusty Orchid','Color','',1,'2018-11-07 22:11:00'),
(295,'C0199','Dusty Petal','Color','',1,'2018-11-08 22:11:00'),
(296,'C0200','Dusty Pink','Color','',1,'2018-11-09 22:11:00'),
(297,'C0201','Dusty Pink Grey','Color','',1,'2018-11-10 22:11:00'),
(298,'C0202','Dusty Sage','Color','',1,'2018-11-11 22:11:00'),
(299,'C0203','Dusy Shell','Color','',1,'2018-11-12 22:11:00'),
(300,'C0204','Dynasty','Color','',1,'2018-11-13 22:11:00'),
(301,'C0205','Egg Shell','Color','',1,'2018-11-14 22:11:00'),
(302,'C0206','Egg Shell Blue','Color','',1,'2018-11-15 22:11:00'),
(303,'C0207','Egg Shell Red','Color','',1,'2018-11-16 22:11:00'),
(304,'C0208','Elmwood','Color','',1,'2018-11-17 22:11:00'),
(305,'C0209','Enchanted Rose','Color','',1,'2018-11-18 22:11:00'),
(306,'C0210','Engine','Color','',1,'2018-11-19 22:11:00'),
(307,'C0211','Engine Red','Color','',1,'2018-11-20 22:11:00'),
(308,'C0212','Everglade','Color','',1,'2018-11-21 22:11:00'),
(309,'C0213','Exotic Teal','Color','',1,'2018-11-22 22:11:00'),
(310,'C0214','Faded Avocado','Color','',1,'2018-11-23 22:11:00'),
(311,'C0215','Faded Lavender','Color','',1,'2018-11-24 22:11:00'),
(312,'C0216','Faded Rose','Color','',1,'2018-11-25 22:11:00'),
(313,'C0217','Faded Sky','Color','',1,'2018-11-26 22:11:00'),
(314,'C0218','Fandango Pink','Color','',1,'2018-11-27 22:11:00'),
(315,'C0219','Fantasy Blue','Color','',1,'2018-11-28 22:11:00'),
(316,'C0220','Federal Blue','Color','',1,'2018-11-29 22:11:00'),
(317,'C0221','Fern','Color','',1,'2018-11-30 22:11:00'),
(318,'C0222','Festive Green','Color','',1,'2018-12-01 22:11:00'),
(319,'C0223','Flamingo','Color','',1,'2018-12-02 22:11:00'),
(320,'C0224','Flamingo Pink','Color','',1,'2018-12-03 22:11:00'),
(321,'C0225','Fluro Guava','Color','',1,'2018-12-04 22:11:00'),
(322,'C0226','Fluro Pink','Color','',1,'2018-12-05 22:11:00'),
(323,'C0227','Frame On','Color','',1,'2018-12-06 22:11:00'),
(324,'C0228','Freeze','Color','',1,'2018-12-07 22:11:00'),
(325,'C0229','French Lilac','Color','',1,'2018-12-08 22:11:00'),
(326,'C0230','Fresh Apricot','Color','',1,'2018-12-09 22:11:00'),
(327,'C0231','Fresh Kiwi','Color','',1,'2018-12-10 22:11:00'),
(328,'C0232','Fresh Mint','Color','',1,'2018-12-11 22:11:00'),
(329,'C0233','Frosted Gray','Color','',1,'2018-12-12 22:11:00'),
(330,'C0234','Frosted Sage','Color','',1,'2018-12-13 22:11:00'),
(331,'C0235','Frosty Olive','Color','',1,'2018-12-14 22:11:00'),
(332,'C0236','Gargoyle','Color','',1,'2018-12-15 22:11:00'),
(333,'C0237','Garnet Rose','Color','',1,'2018-12-16 22:11:00'),
(334,'C0238','Ginger','Color','',1,'2018-12-17 22:11:00'),
(335,'C0239','Glacier Grey','Color','',1,'2018-12-18 22:11:00'),
(336,'C0240','Glacier Grey - Ivory','Color','',1,'2018-12-19 22:11:00'),
(337,'C0241','Golden Poppy','Color','',1,'2018-12-20 22:11:00'),
(338,'C0242','Golden Rod','Color','',1,'2018-12-21 22:11:00'),
(339,'C0243','Golden Straw','Color','',1,'2018-12-22 22:11:00'),
(340,'C0244','Golden Yellow','Color','',1,'2018-12-23 22:11:00'),
(341,'C0245','Grape Leaf','Color','',1,'2018-12-24 22:11:00'),
(342,'C0246','Gray Blue','Color','',1,'2018-12-25 22:11:00'),
(343,'C0247','Greeen Lily','Color','',1,'2018-12-26 22:11:00'),
(344,'C0248','Green','Color','',1,'2018-12-27 22:11:00'),
(345,'C0249','Green Cameo','Color','',1,'2018-12-28 22:11:00'),
(346,'C0250','Green Multi','Color','',1,'2018-12-29 22:11:00'),
(347,'C0251','Grey','Color','',1,'2018-12-30 22:11:00'),
(348,'C0252','Grey Cameo','Color','',1,'2018-12-31 22:11:00'),
(349,'C0253','Grey Combo','Color','',1,'2019-01-01 22:11:00'),
(350,'C0254','Grey Heather','Color','',1,'2019-01-02 22:11:00'),
(351,'C0255','Grey Marl','Color','',1,'2019-01-03 22:11:00'),
(352,'C0256','Grey Violet','Color','',1,'2019-01-04 22:11:00'),
(353,'C0257','Gris','Color','',1,'2019-01-05 22:11:00'),
(354,'C0258','Harbour Sky','Color','',1,'2019-01-06 22:11:00'),
(355,'C0259','Haute Red','Color','',1,'2019-01-07 22:11:00'),
(356,'C0260','Heather Black','Color','',1,'2019-01-08 22:11:00'),
(357,'C0261','Heather Blush','Color','',1,'2019-01-09 22:11:00'),
(358,'C0262','Heather Burgundy','Color','',1,'2019-01-10 22:11:00'),
(359,'C0263','Heather Deep Pewter','Color','',1,'2019-01-11 22:11:00'),
(360,'C0264','Heather Grey','Color','',1,'2019-01-12 22:11:00'),
(361,'C0265','Heather Grey / Bisque','Color','',1,'2019-01-13 22:11:00'),
(362,'C0266','Heather Navy','Color','',1,'2019-01-14 22:11:00'),
(363,'C0267','Heather Oatmeal','Color','',1,'2019-01-15 22:11:00'),
(364,'C0268','Heather Olive','Color','',1,'2019-01-16 22:11:00'),
(365,'C0269','Heather Pale Indigo','Color','',1,'2019-01-17 22:11:00'),
(366,'C0270','Heather Pink','Color','',1,'2019-01-18 22:11:00'),
(367,'C0271','Heather Red','Color','',1,'2019-01-19 22:11:00'),
(368,'C0272','Heather Twilight Fog','Color','',1,'2019-01-20 22:11:00'),
(369,'C0273','Hibiscus','Color','',1,'2019-01-21 22:11:00'),
(370,'C0274','Honey Blush','Color','',1,'2019-01-22 22:11:00'),
(371,'C0275','Honey Brown','Color','',1,'2019-01-23 22:11:00'),
(372,'C0276','Hot Magenta','Color','',1,'2019-01-24 22:11:00'),
(373,'C0277','Hot Pink','Color','',1,'2019-01-25 22:11:00'),
(374,'C0278','Hthr Chrome','Color','',1,'2019-01-26 22:11:00'),
(375,'C0279','Hthr Old Red','Color','',1,'2019-01-27 22:11:00'),
(376,'C0280','Hthr River','Color','',1,'2019-01-28 22:11:00'),
(377,'C0281','Hthr Soft Grey','Color','',1,'2019-01-29 22:11:00'),
(378,'C0282','Hydro','Color','',1,'2019-01-30 22:11:00'),
(379,'C0283','Hydro Pt','Color','',1,'2019-01-31 22:11:00'),
(380,'C0284','Impala','Color','',1,'2019-02-01 22:11:00'),
(381,'C0285','Impala - Ivory','Color','',1,'2019-02-02 22:11:00'),
(382,'C0286','Impala - White','Color','',1,'2019-02-03 22:11:00'),
(383,'C0287','India Blue','Color','',1,'2019-02-04 22:11:00'),
(384,'C0288','Indian Sienna','Color','',1,'2019-02-05 22:11:00'),
(385,'C0289','Indian Teal','Color','',1,'2019-02-06 22:11:00'),
(386,'C0290','Indigo Star','Color','',1,'2019-02-07 22:11:00'),
(387,'C0291','Ink Blue','Color','',1,'2019-02-08 22:11:00'),
(388,'C0292','Int Grey','Color','',1,'2019-02-09 22:11:00'),
(389,'C0293','Intoxicating Coral','Color','',1,'2019-02-10 22:11:00'),
(390,'C0294','Ivory','Color','',1,'2019-02-11 22:11:00'),
(391,'C0295','Ivory - Rabbit','Color','',1,'2019-02-12 22:11:00'),
(392,'C0296','Ivory - Razzberry','Color','',1,'2019-02-13 22:11:00'),
(393,'C0298','Jade','Color','',1,'2019-02-14 22:11:00'),
(394,'C0299','Jade Green','Color','',1,'2019-02-15 22:11:00'),
(395,'C0300','Jamaica Blue','Color','',1,'2019-02-16 22:11:00'),
(396,'C0301','Jet Black','Color','',1,'2019-02-17 22:11:00'),
(397,'C0302','Jet Black - True White','Color','',1,'2019-02-18 22:11:00'),
(398,'C0303','Keepsake Lilac','Color','',1,'2019-02-19 22:11:00'),
(399,'C0304','Ketchup','Color','',1,'2019-02-20 22:11:00'),
(400,'C0305','Kilm/Im','Color','',1,'2019-02-21 22:11:00'),
(401,'C0306','Kiss Kiss Red','Color','',1,'2019-02-22 22:11:00'),
(402,'C0307','Kiss Red','Color','',1,'2019-02-23 22:11:00'),
(403,'C0308','Lacquer','Color','',1,'2019-02-24 22:11:00'),
(404,'C0309','Lake','Color','',1,'2019-02-25 22:11:00'),
(405,'C0310','Laurel Wreath','Color','',1,'2019-02-26 22:11:00'),
(406,'C0311','Lavendar','Color','',1,'2019-02-27 22:11:00'),
(407,'C0312','Lavendar Crystal','Color','',1,'2019-02-28 22:11:00'),
(408,'C0313','Lavender','Color','',1,'2019-03-01 22:11:00'),
(409,'C0314','Lavender Powder','Color','',1,'2019-03-02 22:11:00'),
(410,'C0315','Lead','Color','',1,'2019-03-03 22:11:00'),
(411,'C0316','Lejeune','Color','',1,'2019-03-04 22:11:00'),
(412,'C0317','Lemon Grass','Color','',1,'2019-03-05 22:11:00'),
(413,'C0318','Lemon Sorbet','Color','',1,'2019-03-06 22:11:00'),
(414,'C0319','Lemonade','Color','',1,'2019-03-07 22:11:00'),
(415,'C0320','Licorice Grey','Color','',1,'2019-03-08 22:11:00'),
(416,'C0321','Light Blue','Color','',1,'2019-03-09 22:11:00'),
(417,'C0322','Light Heather Grey','Color','',1,'2019-03-10 22:11:00'),
(418,'C0323','Light Mink','Color','',1,'2019-03-11 23:11:00'),
(419,'C0324','Light Pink Gin','Color','',1,'2019-03-12 23:11:00'),
(420,'C0325','Light Pistachio','Color','',1,'2019-03-13 23:11:00'),
(421,'C0326','Light Shell','Color','',1,'2019-03-14 23:11:00'),
(422,'C0327','Light Sky','Color','',1,'2019-03-15 23:11:00'),
(423,'C0328','Lime','Color','',1,'2019-03-16 23:11:00'),
(424,'C0329','Lipstick','Color','',1,'2019-03-17 23:11:00'),
(425,'C0330','Lobster Bisque','Color','',1,'2019-03-18 23:11:00'),
(426,'C0331','Loden Green','Color','',1,'2019-03-19 23:11:00'),
(427,'C0333','Lollipop','Color','',1,'2019-03-20 23:11:00'),
(428,'C0334','Lt Grey','Color','',1,'2019-03-21 23:11:00'),
(429,'C0335','LT Mint','Color','',1,'2019-03-22 23:11:00'),
(430,'C0336','Lt Pink','Color','',1,'2019-03-23 23:11:00'),
(431,'C0337','Lucky Black','Color','',1,'2019-03-24 23:11:00'),
(432,'C0338','Lucky White','Color','',1,'2019-03-25 23:11:00'),
(433,'C0339','Lucky White - Grey','Color','',1,'2019-03-26 23:11:00'),
(434,'C0340','Luminary','Color','',1,'2019-03-27 23:11:00'),
(435,'C0341','Lusty Coco','Color','',1,'2019-03-28 23:11:00'),
(436,'C0342','Macadamia','Color','',1,'2019-03-29 23:11:00'),
(437,'C0343','Mahogany','Color','',1,'2019-03-30 23:11:00'),
(438,'C0344','Mahogany Rose','Color','',1,'2019-03-31 23:11:00'),
(439,'C0345','Maize','Color','',1,'2019-04-01 23:11:00'),
(440,'C0346','Mako','Color','',1,'2019-04-02 23:11:00'),
(441,'C0347','Malaga','Color','',1,'2019-04-03 23:11:00'),
(442,'C0348','Marlo Olive','Color','',1,'2019-04-04 23:11:00'),
(443,'C0349','Maroon','Color','',1,'2019-04-05 23:11:00'),
(444,'C0350','Maroon 311','Color','',1,'2019-04-06 23:11:00'),
(445,'C0351','Mars','Color','',1,'2019-04-07 23:11:00'),
(446,'C0352','Marsh / Red','Color','',1,'2019-04-08 23:11:00'),
(447,'C0353','Marshmallor + Red Stripe','Color','',1,'2019-04-09 23:11:00'),
(448,'C0354','Marshmallow','Color','',1,'2019-04-10 23:11:00'),
(449,'C0355','Med Htr Grey','Color','',1,'2019-04-11 23:11:00'),
(450,'C0356','Medieval','Color','',1,'2019-04-12 23:11:00'),
(451,'C0357','Medieval Blue','Color','',1,'2019-04-13 23:11:00'),
(452,'C0358','Mellow Yellow','Color','',1,'2019-04-14 23:11:00'),
(453,'C0359','MHG','Color','',1,'2019-04-15 23:11:00'),
(454,'C0360','Miami','Color','',1,'2019-04-16 23:11:00'),
(455,'C0361','Midnight','Color','',1,'2019-04-17 23:11:00'),
(456,'C0362','Midnight Navy','Color','',1,'2019-04-18 23:11:00'),
(457,'C0363','Midnt Rust','Color','',1,'2019-04-19 23:11:00'),
(458,'C0364','Military Olive','Color','',1,'2019-04-20 23:11:00'),
(459,'C0365','Mineral','Color','',1,'2019-04-21 23:11:00'),
(460,'C0366','Mint Ice','Color','',1,'2019-04-22 23:11:00'),
(461,'C0367','Mointain White - Astor Blue','Color','',1,'2019-04-23 23:11:00'),
(462,'C0368','Molten Red','Color','',1,'2019-04-24 23:11:00'),
(463,'C0369','Monaco Blue','Color','',1,'2019-04-25 23:11:00'),
(464,'C0370','Moonless Night','Color','',1,'2019-04-26 23:11:00'),
(465,'C0371','Morganite','Color','',1,'2019-04-27 23:11:00'),
(466,'C0372','Mountain White','Color','',1,'2019-04-28 23:11:00'),
(467,'C0373','Museum Blue','Color','',1,'2019-04-29 23:11:00'),
(468,'C0374','Navy','Color','',1,'2019-04-30 23:11:00'),
(469,'C0375','Navy - Ivory','Color','',1,'2019-05-01 23:11:00'),
(470,'C0376','Navy - White','Color','',1,'2019-05-02 23:11:00'),
(471,'C0377','Navy Blazer','Color','',1,'2019-05-03 23:11:00'),
(472,'C0378','Navy Heather','Color','',1,'2019-05-04 23:11:00'),
(473,'C0379','Nectar','Color','',1,'2019-05-05 23:11:00'),
(474,'C0380','Neon Berry','Color','',1,'2019-05-06 23:11:00'),
(475,'C0381','Neon Blosson (Te?ido)','Color','',1,'2019-05-07 23:11:00'),
(476,'C0382','Neon Cantalopue','Color','',1,'2019-05-08 23:11:00'),
(477,'C0383','Neon Coral','Color','',1,'2019-05-09 23:11:00'),
(478,'C0384','Neon Green','Color','',1,'2019-05-10 23:11:00'),
(479,'C0385','Neon Lemon','Color','',1,'2019-05-11 23:11:00'),
(480,'C0386','New Albany Navy','Color','',1,'2019-05-12 23:11:00'),
(481,'C0387','New Emerald','Color','',1,'2019-05-13 23:11:00'),
(482,'C0388','New Indian Sienna','Color','',1,'2019-05-14 23:11:00'),
(483,'C0389','New Indigo','Color','',1,'2019-05-15 23:11:00'),
(484,'C0390','New Mint','Color','',1,'2019-05-16 23:11:00'),
(485,'C0391','New Morocan Blue','Color','',1,'2019-05-17 23:11:00'),
(486,'C0392','New Powder','Color','',1,'2019-05-18 23:11:00'),
(487,'C0393','New sangria','Color','',1,'2019-05-19 23:11:00'),
(488,'C0394','New Tomato','Color','',1,'2019-05-20 23:11:00'),
(489,'C0395','New Vint Pink','Color','',1,'2019-05-21 23:11:00'),
(490,'C0396','New Vintage','Color','',1,'2019-05-22 23:11:00'),
(491,'C0397','New Vintage Indigo','Color','',1,'2019-05-23 23:11:00'),
(492,'C0398','New Vintage Pink - Ivory','Color','',1,'2019-05-24 23:11:00'),
(493,'C0399','Night Blue (estampado)','Color','',1,'2019-05-25 23:11:00'),
(494,'C0400','Nigori','Color','',1,'2019-05-26 23:11:00'),
(495,'C0401','Nouveau Slate','Color','',1,'2019-05-27 23:11:00'),
(496,'C0402','Nugget Gold','Color','',1,'2019-05-28 23:11:00'),
(497,'C0403','Oatmeal','Color','',1,'2019-05-29 23:11:00'),
(498,'C0404','Obsession','Color','',1,'2019-05-30 23:11:00'),
(499,'C0405','Old Red','Color','',1,'2019-05-31 23:11:00'),
(500,'C0406','Old Rose','Color','',1,'2019-06-01 23:11:00'),
(501,'C0407','Olive Green','Color','',1,'2019-06-02 23:11:00'),
(502,'C0408','Op Royal Blue','Color','',1,'2019-06-03 23:11:00'),
(503,'C0409','Optical White','Color','',1,'2019-06-04 23:11:00'),
(504,'C0410','Ornamental Red','Color','',1,'2019-06-05 23:11:00'),
(505,'C0411','Outback','Color','',1,'2019-06-06 23:11:00'),
(506,'C0412','Pacific','Color','',1,'2019-06-07 23:11:00'),
(507,'C0413','Pale Burgundy','Color','',1,'2019-06-08 23:11:00'),
(508,'C0414','Pale Citrus','Color','',1,'2019-06-09 23:11:00'),
(509,'C0415','Pale Indigo','Color','',1,'2019-06-10 23:11:00'),
(510,'C0416','Pale Mauve','Color','',1,'2019-06-11 23:11:00'),
(511,'C0417','Pale Mint','Color','',1,'2019-06-12 23:11:00'),
(512,'C0418','Pale Rose','Color','',1,'2019-06-13 23:11:00'),
(513,'C0419','Pale Sepia - Ivory','Color','',1,'2019-06-14 23:11:00'),
(514,'C0421','Pale Snow Heather','Color','',1,'2019-06-15 23:11:00'),
(515,'C0422','Pale Stone','Color','',1,'2019-06-16 23:11:00'),
(516,'C0423','Paradise','Color','',1,'2019-06-17 23:11:00'),
(517,'C0424','Paste White','Color','',1,'2019-06-18 23:11:00'),
(518,'C0425','Patriot','Color','',1,'2019-06-19 23:11:00'),
(519,'C0426','Peach Sorbet','Color','',1,'2019-06-20 23:11:00'),
(520,'C0427','Peppermint Ice','Color','',1,'2019-06-21 23:11:00'),
(521,'C0428','Periwinkle','Color','',1,'2019-06-22 23:11:00'),
(522,'C0429','Persian Jewel','Color','',1,'2019-06-23 23:11:00'),
(523,'C0430','PFD','Color','',1,'2019-06-24 23:11:00'),
(524,'C0431','Pink','Color','',1,'2019-06-25 23:11:00'),
(525,'C0432','Pink Berry','Color','',1,'2019-06-26 23:11:00'),
(526,'C0433','Pink Cameo','Color','',1,'2019-06-27 23:11:00'),
(527,'C0434','Pink Combo','Color','',1,'2019-06-28 23:11:00'),
(528,'C0435','Pink Grape Fruit','Color','',1,'2019-06-29 23:11:00'),
(529,'C0437','Pink Ice','Color','',1,'2019-06-30 23:11:00'),
(530,'C0438','Pink Limonada','Color','',1,'2019-07-01 23:11:00'),
(531,'C0439','Pink Multi','Color','',1,'2019-07-02 23:11:00'),
(532,'C0440','Pink Petal','Color','',1,'2019-07-03 23:11:00'),
(533,'C0441','Pink Soda','Color','',1,'2019-07-04 23:11:00'),
(534,'C0442','Pink Tint','Color','',1,'2019-07-05 23:11:00'),
(535,'C0443','Pirate Black','Color','',1,'2019-07-06 23:11:00'),
(536,'C0444','Pitch Black','Color','',1,'2019-07-07 23:11:00'),
(537,'C0445','Pitch Black - Dusty Olive','Color','',1,'2019-07-08 23:11:00'),
(538,'C0446','Pitch Black - True White','Color','',1,'2019-07-09 23:11:00'),
(539,'C0447','Plum Passion','Color','',1,'2019-07-10 23:11:00'),
(540,'C0448','Plum Passion - Black','Color','',1,'2019-07-11 23:11:00'),
(541,'C0449','Pompein Red','Color','',1,'2019-07-12 23:11:00'),
(542,'C0450','Ponderosa Pine - Lucky Black','Color','',1,'2019-07-13 23:11:00'),
(543,'C0451','Ponderosa Pine (P/C)','Color','',1,'2019-07-14 23:11:00'),
(544,'C0452','Ponte Grey','Color','',1,'2019-07-15 23:11:00'),
(545,'C0453','Poppy Neon Pink','Color','',1,'2019-07-16 23:11:00'),
(546,'C0454','Poppy Red','Color','',1,'2019-07-17 23:11:00'),
(547,'C0455','Port Royal','Color','',1,'2019-07-18 23:11:00'),
(548,'C0456','Primrose','Color','',1,'2019-07-19 23:11:00'),
(549,'C0457','Print Multi','Color','',1,'2019-07-20 23:11:00'),
(550,'C0458','Print Pink','Color','',1,'2019-07-21 23:11:00'),
(551,'C0459','pure White','Color','',1,'2019-07-22 23:11:00'),
(552,'C0460','Purple','Color','',1,'2019-07-23 23:11:00'),
(553,'C0461','Purple Hebe','Color','',1,'2019-07-24 23:11:00'),
(554,'C0462','Purple Veil','Color','',1,'2019-07-25 23:11:00'),
(555,'C0463','Quarry','Color','',1,'2019-07-26 23:11:00'),
(556,'C0464','Quartz','Color','',1,'2019-07-27 23:11:00'),
(557,'C0465','Quiet Shade','Color','',1,'2019-07-28 23:11:00'),
(558,'C0466','Rabbit','Color','',1,'2019-07-29 23:11:00'),
(559,'C0467','Racing Red','Color','',1,'2019-07-30 23:11:00'),
(560,'C0468','Rainshower','Color','',1,'2019-07-31 23:11:00'),
(561,'C0469','Raspberry / White','Color','',1,'2019-08-01 23:11:00'),
(562,'C0470','Razzleberry','Color','',1,'2019-08-02 23:11:00'),
(563,'C0471','Red','Color','',1,'2019-08-03 23:11:00'),
(564,'C0472','Red / True White','Color','',1,'2019-08-04 23:11:00'),
(565,'C0473','Red Alert','Color','',1,'2019-08-05 23:11:00'),
(566,'C0474','Red Multi','Color','',1,'2019-08-06 23:11:00'),
(567,'C0475','Red Wine','Color','',1,'2019-08-07 23:11:00'),
(568,'C0476','Rerbor Sky','Color','',1,'2019-08-08 23:11:00'),
(569,'C0477','Retro Lemon','Color','',1,'2019-08-09 23:11:00'),
(570,'C0478','Rhubard','Color','',1,'2019-08-10 23:11:00'),
(571,'C0479','Rich Gold','Color','',1,'2019-08-11 23:11:00'),
(572,'C0480','Rich Saffron','Color','',1,'2019-08-12 23:11:00'),
(573,'C0481','Ricken backer Red - White','Color','',1,'2019-08-13 23:11:00'),
(574,'C0482','Rickendbacker Red','Color','',1,'2019-08-14 23:11:00'),
(575,'C0483','Rio Red','Color','',1,'2019-08-15 23:11:00'),
(576,'C0484','Roma','Color','',1,'2019-08-16 23:11:00'),
(577,'C0485','Roma - White','Color','',1,'2019-08-17 23:11:00'),
(578,'C0486','Roma (solido)','Color','',1,'2019-08-18 23:11:00'),
(579,'C0487','Roma / True White','Color','',1,'2019-08-19 23:11:00'),
(580,'C0488','Romance','Color','',1,'2019-08-20 23:11:00'),
(581,'C0489','Romance - True White','Color','',1,'2019-08-21 23:11:00'),
(582,'C0490','Rosa Nova','Color','',1,'2019-08-22 23:11:00'),
(583,'C0491','Rose Blush','Color','',1,'2019-08-23 23:11:00'),
(584,'C0492','Rose Crystal','Color','',1,'2019-08-24 23:11:00'),
(585,'C0494','Rose Wine','Color','',1,'2019-08-25 23:11:00'),
(586,'C0495','Royal','Color','',1,'2019-08-26 23:11:00'),
(587,'C0496','Royal Berry','Color','',1,'2019-08-27 23:11:00'),
(588,'C0497','Royal Blue','Color','',1,'2019-08-28 23:11:00'),
(589,'C0498','Royal Turquoise','Color','',1,'2019-08-29 23:11:00'),
(590,'C0499','Rugby Green','Color','',1,'2019-08-30 23:11:00'),
(591,'C0500','Russet Brown','Color','',1,'2019-08-31 23:11:00'),
(592,'C0501','Russian','Color','',1,'2019-09-01 23:11:00'),
(593,'C0502','Russian Ruby','Color','',1,'2019-09-02 23:11:00'),
(594,'C0503','Russian Rugby','Color','',1,'2019-09-03 23:11:00'),
(595,'C0504','Rusty Barn','Color','',1,'2019-09-04 23:11:00'),
(596,'C0505','Rusty Sage','Color','',1,'2019-09-05 23:11:00'),
(597,'C0506','Saddle','Color','',1,'2019-09-06 23:11:00'),
(598,'C0507','Safari','Color','',1,'2019-09-07 23:11:00'),
(599,'C0508','Saltwater Blue','Color','',1,'2019-09-08 23:11:00'),
(600,'C0509','Salvage Rose - Black','Color','',1,'2019-09-09 23:11:00'),
(601,'C0510','Sanddle','Color','',1,'2019-09-10 23:11:00'),
(602,'C0511','Savage Rose','Color','',1,'2019-09-11 23:11:00'),
(603,'C0512','Sea Fog','Color','',1,'2019-09-12 23:11:00'),
(604,'C0513','Sea Glass','Color','',1,'2019-09-13 23:11:00'),
(605,'C0514','Sea Spray','Color','',1,'2019-09-14 23:11:00'),
(606,'C0515','Seacoast Blue','Color','',1,'2019-09-15 23:11:00'),
(607,'C0516','Shadow Grey','Color','',1,'2019-09-16 23:11:00'),
(608,'C0517','Shale Blue','Color','',1,'2019-09-17 23:11:00'),
(609,'C0518','Shark','Color','',1,'2019-09-18 23:11:00'),
(610,'C0519','Shark Grey','Color','',1,'2019-09-19 23:11:00'),
(611,'C0520','Shark Skin','Color','',1,'2019-09-20 23:11:00'),
(612,'C0521','Silver Grey','Color','',1,'2019-09-21 23:11:00'),
(613,'C0523','Silver Haze','Color','',1,'2019-09-22 23:11:00'),
(614,'C0524','Silver Heather','Color','',1,'2019-09-23 23:11:00'),
(615,'C0526','Silver Pink','Color','',1,'2019-09-24 23:11:00'),
(616,'C0527','Silver Screen','Color','',1,'2019-09-25 23:11:00'),
(617,'C0528','Simple Green','Color','',1,'2019-09-26 23:11:00'),
(618,'C0529','Sky Blue','Color','',1,'2019-09-27 23:11:00'),
(619,'C0530','Skylight','Color','',1,'2019-09-28 23:11:00'),
(620,'C0531','Smokey Grey','Color','',1,'2019-09-29 23:11:00'),
(621,'C0532','Smokey Grey - White','Color','',1,'2019-09-30 23:11:00'),
(622,'C0533','Smoky Olive','Color','',1,'2019-10-01 23:11:00'),
(623,'C0534','Snow Heather','Color','',1,'2019-10-02 23:11:00'),
(624,'C0535','Snow White','Color','',1,'2019-10-03 23:11:00'),
(625,'C0536','Soft Alabaster','Color','',1,'2019-10-04 23:11:00'),
(626,'C0537','Soft Alabaster - Ivory','Color','',1,'2019-10-05 23:11:00'),
(627,'C0538','Soft Alabaster / White','Color','',1,'2019-10-06 23:11:00'),
(628,'C0539','Soft Crystal','Color','',1,'2019-10-07 23:11:00'),
(629,'C0540','Soft Ivory','Color','',1,'2019-10-08 23:11:00'),
(630,'C0541','Soft Ivory - Soft Alabaster','Color','',1,'2019-10-09 23:11:00'),
(631,'C0542','Soft Lilac','Color','',1,'2019-10-10 23:11:00'),
(632,'C0543','Soft Pink','Color','',1,'2019-10-11 23:11:00'),
(633,'C0544','Soot','Color','',1,'2019-10-12 23:11:00'),
(634,'C0545','Sorento','Color','',1,'2019-10-13 23:11:00'),
(635,'C0546','Sour Cherry','Color','',1,'2019-10-14 23:11:00'),
(636,'C0547','Spanish Clay','Color','',1,'2019-10-15 23:11:00'),
(637,'C0548','Sparkling sea','Color','',1,'2019-10-16 23:11:00'),
(638,'C0549','Stardust','Color','',1,'2019-10-17 23:11:00'),
(639,'C0550','Stargazing Pink','Color','',1,'2019-10-18 23:11:00'),
(640,'C0553','Steel Heather Grey','Color','',1,'2019-10-19 23:11:00'),
(641,'C0554','Sterling - Rose Blush','Color','',1,'2019-10-20 23:11:00'),
(642,'C0555','Sterling / Freeze','Color','',1,'2019-10-21 23:11:00'),
(643,'C0556','Stone','Color','',1,'2019-10-22 23:11:00'),
(644,'C0557','Strawberry','Color','',1,'2019-10-23 23:11:00'),
(645,'C0558','Stripe - Neutral (True Whte)','Color','',1,'2019-10-24 23:11:00'),
(646,'C0559','Subtle Pink','Color','',1,'2019-10-25 23:11:00'),
(647,'C0560','Sugar Coral','Color','',1,'2019-10-26 23:11:00'),
(648,'C0561','Summer Sky','Color','',1,'2019-10-27 23:11:00'),
(649,'C0562','Summer Sky Blue','Color','',1,'2019-10-28 23:11:00'),
(650,'C0563','Sunset Blush','Color','',1,'2019-10-29 23:11:00'),
(651,'C0564','Suntan','Color','',1,'2019-10-30 23:11:00'),
(652,'C0565','Surf Blue','Color','',1,'2019-10-31 23:11:00'),
(653,'C0566','Surf Spray','Color','',1,'2019-11-01 23:11:00'),
(654,'C0567','Surf The Web','Color','',1,'2019-11-02 23:11:00'),
(655,'C0568','Swan','Color','',1,'2019-11-03 23:11:00'),
(656,'C0569','Sweet Cantaloupe','Color','',1,'2019-11-04 22:11:00'),
(657,'C0570','Sweet Lavender','Color','',1,'2019-11-05 22:11:00'),
(658,'C0571','Sweet Lilac','Color','',1,'2019-11-06 22:11:00'),
(659,'C0572','Sweet Meadow','Color','',1,'2019-11-07 22:11:00'),
(660,'C0573','Sweet Moss','Color','',1,'2019-11-08 22:11:00'),
(661,'C0574','Sweetwater Blue','Color','',1,'2019-11-09 22:11:00'),
(662,'C0575','Tango Red','Color','',1,'2019-11-10 22:11:00'),
(663,'C0576','Tartan Green','Color','',1,'2019-11-11 22:11:00'),
(664,'C0577','Taupe Navy','Color','',1,'2019-11-12 22:11:00'),
(665,'C0578','Tawny','Color','',1,'2019-11-13 22:11:00'),
(666,'C0579','Tawny / White','Color','',1,'2019-11-14 22:11:00'),
(667,'C0580','Teal Drop','Color','',1,'2019-11-15 22:11:00'),
(668,'C0581','Tempest','Color','',1,'2019-11-16 22:11:00'),
(669,'C0582','Tempest - Ivory','Color','',1,'2019-11-17 22:11:00'),
(670,'C0583','Tibetan Red','Color','',1,'2019-11-18 22:11:00'),
(671,'C0584','Tomato','Color','',1,'2019-11-19 22:11:00'),
(672,'C0585','Torch Pink','Color','',1,'2019-11-20 22:11:00'),
(673,'C0586','Tropical Send','Color','',1,'2019-11-21 22:11:00'),
(674,'C0587','Tropical Turquoise','Color','',1,'2019-11-22 22:11:00'),
(675,'C0588','True White','Color','',1,'2019-11-23 22:11:00'),
(676,'C0589','True White - Atlas New','Color','',1,'2019-11-24 22:11:00'),
(677,'C0590','True White - Cobalt','Color','',1,'2019-11-25 22:11:00'),
(678,'C0591','True White - Fantango Pink','Color','',1,'2019-11-26 22:11:00'),
(679,'C0592','True White - Golden Red','Color','',1,'2019-11-27 22:11:00'),
(680,'C0593','True White - Ink','Color','',1,'2019-11-28 22:11:00'),
(681,'C0594','True White - Op Royal Blue','Color','',1,'2019-11-29 22:11:00'),
(682,'C0595','True White - Roma','Color','',1,'2019-11-30 22:11:00'),
(683,'C0596','True White - Ultra Violet','Color','',1,'2019-12-01 22:11:00'),
(684,'C0597','True White - Vibrant Green','Color','',1,'2019-12-02 22:11:00'),
(685,'C0598','True White - Vibrant Violet','Color','',1,'2019-12-03 22:11:00'),
(686,'C0599','True White - Vibrant Yellow','Color','',1,'2019-12-04 22:11:00'),
(687,'C0600','True White (Celestial Blue)','Color','',1,'2019-12-05 22:11:00'),
(688,'C0601','True White (Miami Pink)','Color','',1,'2019-12-06 22:11:00'),
(689,'C0602','True White (Peachy Sorbet)','Color','',1,'2019-12-07 22:11:00'),
(690,'C0603','True White -Fandango','Color','',1,'2019-12-08 22:11:00'),
(691,'C0604','Turquoise','Color','',1,'2019-12-09 22:11:00'),
(692,'C0605','Tuscan Olive','Color','',1,'2019-12-10 22:11:00'),
(693,'C0606','Twilight Blue','Color','',1,'2019-12-11 22:11:00'),
(694,'C0607','Twilight Fog','Color','',1,'2019-12-12 22:11:00'),
(695,'C0608','Ultra Pink','Color','',1,'2019-12-13 22:11:00'),
(696,'C0609','Ultra Violet','Color','',1,'2019-12-14 22:11:00'),
(697,'C0610','Vapor','Color','',1,'2019-12-15 22:11:00'),
(698,'C0611','Venetian Green','Color','',1,'2019-12-16 22:11:00'),
(699,'C0612','Very Berry','Color','',1,'2019-12-17 22:11:00'),
(700,'C0613','Vetiver','Color','',1,'2019-12-18 22:11:00'),
(701,'C0614','Vibrant Fuschia','Color','',1,'2019-12-19 22:11:00'),
(702,'C0615','Vibrant Yellow','Color','',1,'2019-12-20 22:11:00'),
(703,'C0616','Vice Berry','Color','',1,'2019-12-21 22:11:00'),
(704,'C0617','Viena Turquoise','Color','',1,'2019-12-22 22:11:00'),
(705,'C0618','Viena Turquoise - Black','Color','',1,'2019-12-23 22:11:00'),
(706,'C0619','Vintage Indigo','Color','',1,'2019-12-24 22:11:00'),
(707,'C0620','Vintage Rose','Color','',1,'2019-12-25 22:11:00'),
(708,'C0621','Vivid Green','Color','',1,'2019-12-26 22:11:00'),
(709,'C0622','Vivid Waterfall','Color','',1,'2019-12-27 22:11:00'),
(710,'C0623','Vivid Yellow','Color','',1,'2019-12-28 22:11:00'),
(711,'C0624','Warm Apricot','Color','',1,'2019-12-29 22:11:00'),
(712,'C0625','Warm Aqua','Color','',1,'2019-12-30 22:11:00'),
(713,'C0626','Warm Black','Color','',1,'2019-12-31 22:11:00'),
(714,'C0628','Warm Canary','Color','',1,'2020-01-01 22:11:00'),
(715,'C0629','Warm Cedar','Color','',1,'2020-01-02 22:11:00'),
(716,'C0630','Warm Stone','Color','',1,'2020-01-03 22:11:00'),
(717,'C0631','Waterfall','Color','',1,'2020-01-04 22:11:00'),
(718,'C0632','Whisper White','Color','',1,'2020-01-05 22:11:00'),
(719,'C0633','White','Color','',1,'2020-01-06 22:11:00'),
(720,'C0634','White - Black','Color','',1,'2020-01-07 22:11:00'),
(721,'C0635','White - C. New Oatmeal','Color','',1,'2020-01-08 22:11:00'),
(722,'C0636','White - C. Oatmeal','Color','',1,'2020-01-09 22:11:00'),
(723,'C0637','White - Honey Blush','Color','',1,'2020-01-10 22:11:00'),
(724,'C0638','White - Persimmon','Color','',1,'2020-01-11 22:11:00'),
(725,'C0639','White - Pink','Color','',1,'2020-01-12 22:11:00'),
(726,'C0640','White - Wren Grey','Color','',1,'2020-01-13 22:11:00'),
(727,'C0641','White / Berry','Color','',1,'2020-01-14 22:11:00'),
(728,'C0642','White / Mahogany Rose','Color','',1,'2020-01-15 22:11:00'),
(729,'C0643','White / Wren Grey','Color','',1,'2020-01-16 22:11:00'),
(730,'C0644','White Persimmon','Color','',1,'2020-01-17 22:11:00'),
(731,'C0645','White Pink','Color','',1,'2020-01-18 22:11:00'),
(732,'C0646','Wild Egg Plant','Color','',1,'2020-01-19 22:11:00'),
(733,'C0647','Wild Forest','Color','',1,'2020-01-20 22:11:00'),
(734,'C0648','Wild Ginger','Color','',1,'2020-01-21 22:11:00'),
(735,'C0649','Wild Orchid','Color','',1,'2020-01-22 22:11:00'),
(736,'C0650','Windsor Blue','Color','',1,'2020-01-23 22:11:00'),
(737,'C0651','Winter Pear','Color','',1,'2020-01-24 22:11:00'),
(738,'C0652','Wren Grey','Color','',1,'2020-01-25 22:11:00'),
(739,'C0653','Yellow / True White','Color','',1,'2020-01-26 22:11:00'),
(740,'C0654','Zen Blue','Color','',1,'2020-01-27 22:11:00'),
(741,'C0655','Zinc','Color','',1,'2020-01-28 22:11:00'),
(742,'P','PCS','Unit','',1,'2018-05-04 22:59:42'),
(743,'XXXS','XXXS','Size','',1,'2018-05-04 23:21:58'),
(744,'M','M','Size','',1,'2018-05-04 23:22:14'),
(745,'XL','XL','Size','',1,'2018-05-04 23:22:20'),
(746,'XXL','XXL','Size','',1,'2018-05-04 23:22:26'),
(747,'2X','2X','Size','',1,'2018-05-04 23:22:31'),
(748,'3X','3X','Size','',1,'2018-05-04 23:22:36'),
(749,'M-T','M-T','Size','',1,'2018-05-04 23:22:44'),
(750,'L-T','L-T','Size','',1,'2018-05-04 23:22:51'),
(751,'XL-T','XL-T','Size','',1,'2018-05-04 23:22:57'),
(752,'XXL-T','XXL-T','Size','',1,'2018-05-04 23:23:03'),
(753,'1X','1X','Size','',1,'2018-05-04 23:23:11'),
(754,'6XL','6XL','Size','',1,'2018-05-04 23:23:40'),
(755,'2','2','Size','',1,'2018-05-04 23:23:50'),
(756,'3','3','Size','',1,'2018-05-04 23:23:53'),
(757,'4-5','4-5','Size','',1,'2018-05-04 23:24:00'),
(758,'6-7','6-7','Size','',1,'2018-05-04 23:24:06'),
(759,'8','8','Size','',1,'2018-05-04 23:24:10'),
(760,'10','10','Size','',1,'2018-05-04 23:24:15'),
(761,'12','12','Size','',1,'2018-05-04 23:24:19'),
(762,'14','14','Size','',1,'2018-05-04 23:24:23'),
(763,'16','16','Size','',1,'2018-05-04 23:24:27'),
(764,'3','POCKET','Fabric Type','',1,'2018-05-04 23:25:45'),
(765,'4','NECK TAPE','Fabric Type','',1,'2018-05-04 23:26:03'),
(766,'5','CINTA','Fabric Type','',1,'2018-05-04 23:26:09'),
(767,'6','SLEEVE','Fabric Type','',1,'2018-05-04 23:26:14'),
(768,'C0656','Navy Stripe W/White','Color','',1,'2018-05-06 16:19:57'),
(769,'C0657','Hthr Navy','Color','',1,'2018-05-06 19:22:31'),
(770,'T1','TEX 24','Textura','',1,'2018-05-07 15:35:57'),
(771,'T2','TEX 18','Textura','',1,'2018-05-07 15:36:09'),
(772,'0','0','Size','',1,'2018-05-13 15:17:22'),
(773,'1','1','Size','',1,'2018-05-13 15:17:44'),
(774,'T3','TEX 30','Textura','',1,'2018-05-13 16:42:40'),
(775,'T4','TEX 40','Textura','',1,'2018-05-13 16:42:58'),
(776,'T5','ALGODON','Textura','',1,'2018-05-13 16:44:09'),
(777,'CORSICAN BLUE','CORSICAN BLUE','Color','Auto Add',1,'2018-05-18 16:52:57'),
(778,'VIBRANT PINK','VIBRANT PINK','Color','Auto Add',1,'2018-05-18 16:52:58'),
(779,'PITCH BLACK ','PITCH BLACK ','Color','Auto Add',1,'2018-05-18 16:52:58'),
(780,'GREEN CAMO','GREEN CAMO','Color','Auto Add',1,'2018-05-18 16:52:59'),
(781,'PINK LEMONADE','PINK LEMONADE','Color','Auto Add',1,'2018-05-18 16:52:59'),
(782,'Ivory / Pale Snow Heather','Ivory / Pale Snow Heather','Color','Auto Add',1,'2018-05-18 16:52:59'),
(783,'DEEP MOSS','DEEP MOSS','Color','Auto Add',1,'2018-05-18 16:53:02'),
(784,'New Color','New Color','Color','Auto Add',1,'2018-05-18 20:44:27'),
(785,'Navy New','Navy New','Color','Auto Add',1,'2018-05-18 21:10:42'),
(786,'XS (2)','XS (2)','Size','',1,'2018-05-18 22:28:29'),
(787,'S (3)','S (3)','Size','',1,'2018-05-18 22:28:48'),
(788,'M (4-5)','M (4-5)','Size','',1,'2018-05-18 22:29:05'),
(789,'L (6-7)','L (6-7)','Size','',1,'2018-05-18 22:29:24'),
(790,'XL (8)','XL (8)','Size','',1,'2018-05-18 22:29:43'),
(791,'XXL (10)','XXL (10)','Size','',1,'2018-05-18 22:30:00'),
(792,'XXXL (12)','XXXL (12)','Size','',1,'2018-05-18 22:30:13'),
(793,'XXXXL (14)','XXXXL (14)','Size','',1,'2018-05-18 22:30:41'),
(794,'XXXXXL (16)','XXXXXL (16)','Size','',1,'2018-05-18 22:30:58'),
(795,'NAVY','NAVY','Color','Auto Add',1,'2018-05-18 22:40:31'),
(796,'SHALE BLUE','SHALE BLUE','Color','Auto Add',1,'2018-05-18 22:40:31'),
(797,'OLIVE SAND','OLIVE SAND','Color','Auto Add',1,'2018-05-18 22:40:31'),
(798,'DARK EVENING','DARK EVENING','Color','Auto Add',1,'2018-05-18 22:47:13'),
(799,'WHITE','WHITE','Color','Auto Add',1,'2018-05-18 22:47:13'),
(800,'HEATHER GREY','HEATHER GREY','Color','Auto Add',1,'2018-05-18 22:47:13'),
(801,'FADED BLACK','FADED BLACK','Color','Auto Add',1,'2018-05-18 22:47:13'),
(802,'DUSTY BARN','DUSTY BARN','Color','Auto Add',1,'2018-05-18 22:47:13'),
(803,'DARK TWILIGHT','DARK TWILIGHT','Color','Auto Add',1,'2018-05-18 22:47:13'),
(804,'VISTA BLUE','VISTA BLUE','Color','Auto Add',1,'2018-05-18 22:47:13'),
(805,'SEACREST','SEACREST','Color','Auto Add',1,'2018-05-18 22:47:13'),
(806,'DEEP NAVY','DEEP NAVY','Color','Auto Add',1,'2018-05-18 22:47:13'),
(807,'NOUVEAU SLATE','NOUVEAU SLATE','Color','Auto Add',1,'2018-05-19 03:44:17'),
(808,'DAIQUIRI','DAIQUIRI','Color','Auto Add',1,'2018-05-19 03:44:17'),
(809,'CLASSIC SKY','CLASSIC SKY','Color','Auto Add',1,'2018-05-19 02:35:28'),
(810,'DUSTY KHAKI','DUSTY KHAKI','Color','Auto Add',1,'2018-05-19 02:38:13'),
(811,'WARM BLACK','WARM BLACK','Color','Auto Add',1,'2018-05-19 02:38:13'),
(812,'HTHR NAVY','HTHR NAVY','Color','Auto Add',1,'2018-05-19 02:38:13'),
(813,'BLACK','BLACK','Color','Auto Add',1,'2018-05-19 03:21:10'),
(814,'HTHR GREY','HTHR GREY','Color','Auto Add',1,'2018-05-19 03:21:10'),
(815,'PINK','PINK','Color','Auto Add',1,'2018-05-19 03:21:10'),
(816,'DEEP TWILIGHT','DEEP TWILIGHT','Color','Auto Add',1,'2018-05-19 03:21:10'),
(817,'LODEN GREEN','LODEN GREEN','Color','Auto Add',1,'2018-05-19 03:21:10'),
(818,'BRICK RED','BRICK RED','Color','Auto Add',1,'2018-05-19 03:27:44'),
(819,'WARM AQUA','WARM AQUA','Color','Auto Add',1,'2018-05-19 03:27:44'),
(820,'VINTAGE ROSE','VINTAGE ROSE','Color','Auto Add',1,'2018-05-19 03:27:44'),
(821,'RICH GOLD','RICH GOLD','Color','Auto Add',1,'2018-05-19 03:27:44'),
(822,'CHARCOAL HEATHER GREY','CHARCOAL HEATHER GREY','Color','Auto Add',1,'2018-05-19 03:41:50'),
(823,'PALE SNOW HEATHER','PALE SNOW HEATHER','Color','Auto Add',1,'2018-05-19 03:41:50'),
(824,'DEEP GROVE','DEEP GROVE','Color','Auto Add',1,'2018-05-19 05:15:48'),
(825,'STEEL HEATHER GREY','STEEL HEATHER GREY','Color','Auto Add',1,'2018-05-19 05:23:26'),
(826,'LUCKY BLACK','LUCKY BLACK','Color','Auto Add',1,'2018-05-20 09:43:16'),
(827,'FADED LAVENDER','FADED LAVENDER','Color','Auto Add',1,'2018-05-20 10:55:02'),
(828,'CRIMSON MAPLE','CRIMSON MAPLE','Color','Auto Add',1,'2018-05-20 10:55:02'),
(829,'WARM CEDAR','WARM CEDAR','Color','Auto Add',1,'2018-05-20 10:55:02'),
(830,'SEACOAST BLUE','SEACOAST BLUE','Color','Auto Add',1,'2018-05-20 10:55:02'),
(831,'DUSTY COAL','DUSTY COAL','Color','Auto Add',1,'2018-05-25 11:32:54'),
(832,'RAINSHOWER','RAINSHOWER','Color','Auto Add',1,'2018-05-25 11:32:54'),
(833,'MIDNIGHT NAVY','MIDNIGHT NAVY','Color','Auto Add',1,'2018-05-25 11:32:54'),
(834,'BISQUE','BISQUE','Color','Auto Add',1,'2018-05-25 11:34:03'),
(835,'BRIGHT PATINA/ VIVID WATERFALL','BRIGHT PATINA/ VIVID WATERFALL','Color','Auto Add',1,'2018-05-25 11:34:03'),
(836,'LUCKY WHITE','LUCKY WHITE','Color','Auto Add',1,'2018-05-26 06:18:27'),
(837,'PURPLE MULTI','PURPLE MULTI','Color','Auto Add',1,'2018-05-26 12:49:50'),
(838,'WHITE MULTI','WHITE MULTI','Color','Auto Add',1,'2018-05-26 12:49:50'),
(839,'M Tall','M Tall','Size','',1,'2018-05-29 05:42:40'),
(840,'L Tall','L Tall','Size','',1,'2018-05-29 05:42:56'),
(841,'XL TALL','XL TALL','Size','',1,'2018-05-29 05:43:05'),
(842,'XXL TALL','XXL TALL','Size','',1,'2018-05-29 05:43:12'),
(843,'WINTER ROSE','WINTER ROSE','Color','Auto Add',1,'2018-05-29 05:51:40'),
(844,'VIOLA','VIOLA','Color','Auto Add',1,'2018-05-29 05:51:40'),
(845,'CASUAL NEW OLIVE','CASUAL NEW OLIVE','Color','Auto Add',1,'2018-05-29 05:51:40'),
(846,'PURE WHITE','PURE WHITE','Color','Auto Add',1,'2018-05-29 05:51:40'),
(847,'GREY MULTI','GREY MULTI','Color','Auto Add',1,'2018-05-29 10:47:06'),
(848,'AMERICAN NAVY','AMERICAN NAVY','Color','Auto Add',1,'2018-05-30 06:08:40'),
(849,'RED MULTI','RED MULTI','Color','Auto Add',1,'2018-05-31 05:53:03'),
(850,'DELICATE PETAL','DELICATE PETAL','Color','Auto Add',1,'2018-05-31 08:32:58'),
(851,'DEEP EMERALD','DEEP EMERALD','Color','Auto Add',1,'2018-05-31 08:32:58'),
(852,'HEATHER GREY - EVENING BLUE','HEATHER GREY - EVENING BLUE','Color','Auto Add',1,'2018-05-31 22:48:42'),
(853,'IVORY','IVORY','Color','Auto Add',1,'2018-06-01 09:18:34'),
(854,'BEDFORD COAL','BEDFORD COAL','Color','Auto Add',1,'2018-06-01 09:18:34'),
(855,'SUBTLE PINK','SUBTLE PINK','Color','Auto Add',1,'2018-06-01 09:18:34'),
(856,'DARK SEAWEED','DARK SEAWEED','Color','Auto Add',1,'2018-06-01 09:18:34'),
(857,'TRUE WHITE','TRUE WHITE','Color','Auto Add',1,'2018-06-02 04:04:49'),
(858,'WILD GINGER','WILD GINGER','Color','Auto Add',1,'2018-06-02 04:04:49'),
(859,'OUTBACK','OUTBACK','Color','Auto Add',1,'2018-06-02 04:04:49'),
(860,'ALPINE MEDOW','ALPINE MEDOW','Color','Auto Add',1,'2018-06-02 23:49:11'),
(861,'CERISE','CERISE','Color','Auto Add',1,'2018-06-02 23:49:11'),
(862,'SLATE','SLATE','Color','Auto Add',1,'2018-06-03 01:20:33'),
(863,'GREY HEATHER','GREY HEATHER','Color','Auto Add',1,'2018-06-05 01:25:07'),
(864,'IVORY / PALE BURGUNGY','IVORY / PALE BURGUNDY','Color','',1,'2018-06-05 07:16:50'),
(865,'IVORY/PALE BURGUNDY','IVORY/PALE BURGUNDY','Color','Auto Add',1,'2018-06-05 07:20:05'),
(866,'IMPALA / TRUE WHITE','IMPALA / TRUE WHITE','Color','Auto Add',1,'2018-06-05 07:39:48'),
(867,'PITCH BLACK / TRUE WHITE','PITCH BLACK / TRUE WHITE','Color','Auto Add',1,'2018-06-05 07:39:48'),
(868,'Racing Red /  True White','Racing Red / True White','Color','',1,'2018-06-05 08:38:46'),
(869,'LUCKY BLACK / LUCKY WHITE','LUCKY BLACK / LUCKY WHITE','Color','Auto Add',1,'2018-06-06 02:55:32'),
(870,'HTHR OLD RED','HTHR OLD RED','Color','Auto Add',1,'2018-06-06 06:20:15'),
(871,'GREEN MULTI','GREEN MULTI','Color','Auto Add',1,'2018-06-07 02:48:27'),
(872,'P','Printing','Customer Type','Printing',1,'2018-06-09 03:08:30'),
(873,'W','Washing','Customer Type','Washing',1,'2018-06-09 03:08:50');

/*Table structure for table `printout` */

DROP TABLE IF EXISTS `printout`;

CREATE TABLE `printout` (
  `id` int(10) NOT NULL AUTO_INCREMENT,
  `orderid` int(10) DEFAULT NULL,
  `po` int(10) DEFAULT NULL,
  `color` varchar(30) DEFAULT NULL,
  `customer` varchar(30) DEFAULT NULL,
  `printdate` varchar(30) DEFAULT NULL,
  `invoice` varchar(30) DEFAULT NULL,
  `size1` varchar(30) DEFAULT NULL,
  `size2` varchar(30) DEFAULT NULL,
  `size3` varchar(30) DEFAULT NULL,
  `size4` varchar(30) DEFAULT NULL,
  `size5` varchar(30) DEFAULT NULL,
  `size6` varchar(30) DEFAULT NULL,
  `size7` varchar(30) DEFAULT NULL,
  `size8` varchar(30) DEFAULT NULL,
  `size9` varchar(30) DEFAULT NULL,
  `size10` varchar(30) DEFAULT NULL,
  PRIMARY KEY (`id`)
) ENGINE=InnoDB AUTO_INCREMENT=2 DEFAULT CHARSET=utf8;

/*Data for the table `printout` */

/*Table structure for table `printreturn` */

DROP TABLE IF EXISTS `printreturn`;

CREATE TABLE `printreturn` (
  `id` int(10) NOT NULL AUTO_INCREMENT,
  `orderid` int(10) DEFAULT NULL,
  `po` int(10) DEFAULT NULL,
  `color` varchar(30) DEFAULT NULL,
  `customer` varchar(30) DEFAULT NULL,
  `printdate` varchar(30) DEFAULT NULL,
  `invoice` varchar(30) DEFAULT NULL,
  `size1` varchar(30) DEFAULT NULL,
  `size2` varchar(30) DEFAULT NULL,
  `size3` varchar(30) DEFAULT NULL,
  `size4` varchar(30) DEFAULT NULL,
  `size5` varchar(30) DEFAULT NULL,
  `size6` varchar(30) DEFAULT NULL,
  `size7` varchar(30) DEFAULT NULL,
  `size8` varchar(30) DEFAULT NULL,
  `size9` varchar(30) DEFAULT NULL,
  `size10` varchar(30) DEFAULT NULL,
  PRIMARY KEY (`id`)
) ENGINE=InnoDB DEFAULT CHARSET=utf8;

/*Data for the table `printreturn` */

/*Table structure for table `productmaterialgroup` */

DROP TABLE IF EXISTS `productmaterialgroup`;

CREATE TABLE `productmaterialgroup` (
  `id` int(10) NOT NULL AUTO_INCREMENT,
  `code` varchar(30) NOT NULL,
  `name` varchar(30) DEFAULT NULL,
  `customer` int(10) DEFAULT NULL,
  `productmaterial1` int(10) DEFAULT NULL,
  `productmaterial2` int(10) DEFAULT NULL,
  `productmaterial3` int(10) DEFAULT NULL,
  `productmaterial4` int(10) DEFAULT NULL,
  `productmaterial5` int(10) DEFAULT NULL,
  `productmaterial6` int(10) DEFAULT NULL,
  `productmaterial7` int(10) DEFAULT NULL,
  `productmaterial8` int(10) DEFAULT NULL,
  `productmaterial9` int(10) DEFAULT NULL,
  `productmaterial10` int(10) DEFAULT NULL,
  `status` smallint(1) DEFAULT '1',
  `created_at` timestamp NOT NULL DEFAULT CURRENT_TIMESTAMP,
  PRIMARY KEY (`id`)
) ENGINE=InnoDB AUTO_INCREMENT=10 DEFAULT CHARSET=utf8;

/*Data for the table `productmaterialgroup` */

insert  into `productmaterialgroup`(`id`,`code`,`name`,`customer`,`productmaterial1`,`productmaterial2`,`productmaterial3`,`productmaterial4`,`productmaterial5`,`productmaterial6`,`productmaterial7`,`productmaterial8`,`productmaterial9`,`productmaterial10`,`status`,`created_at`) values 
(7,'normal','normal',23,25,26,27,28,29,30,31,-1,-1,-1,1,'2018-05-06 14:48:08'),
(8,'normal','normal',25,25,26,29,30,27,40,-1,-1,-1,-1,1,'2018-05-06 18:32:27'),
(9,'normal','normal',24,25,26,30,29,28,40,27,44,-1,-1,1,'2018-05-16 11:17:17');

/*Table structure for table `resettoken` */

DROP TABLE IF EXISTS `resettoken`;

CREATE TABLE `resettoken` (
  `id` int(10) NOT NULL AUTO_INCREMENT,
  `userid` varchar(300) DEFAULT NULL,
  `token` varchar(300) DEFAULT NULL,
  PRIMARY KEY (`id`)
) ENGINE=InnoDB AUTO_INCREMENT=7 DEFAULT CHARSET=utf8;

/*Data for the table `resettoken` */

insert  into `resettoken`(`id`,`userid`,`token`) values 
(1,'fd204bff-2320-4791-b07f-acda538d88f2','$2a$08$2bKxMcJ.SX9v9Zt8zy6UNuHvAjS8HcRGJjXPcjlLWASVQyKfjjKmu'),
(2,'8ee882da-b54a-4b3d-8f67-ad56930faea6','$2a$08$XEdAVieZaGEoZkIPrem29u637qlMAKWVAk51ZwflUlDL6svUj8iaa'),
(3,'1dc96d7f-2899-421d-b291-c1c14bae86fb','$2a$08$1Ua5fcbCWW8I3pXqvyd0Ce013ZCgVYqLRsarVTdFVSz9X9t.Gi3zK'),
(4,'1dc96d7f-2899-421d-b291-c1c14bae86fb','$2a$08$mFOnGSq7Z.6yLNayFc.9jehIkRdHiFhdN4Bvtlc7r6oSI.bGxgFIO'),
(5,'c9783589-9d1b-4ef2-91ce-7b01bcedbb04','$2a$08$XrMTVWQKJ9XV4X5/Sw56BOMSfLTqM.cwZRWRVS1OZRdo3PcK9GnWW'),
(6,'92309e1e-808e-4084-b1a1-95c0b5e2ecaa','$2a$08$XjGWl1YU7FoL5ivXRtwkjeXyR1WyYfE39sEz/ziKGMbUbpYSNa7l2');

/*Table structure for table `sewdaily` */

DROP TABLE IF EXISTS `sewdaily`;

CREATE TABLE `sewdaily` (
  `id` int(10) NOT NULL AUTO_INCREMENT,
  `po` int(10) DEFAULT NULL,
  `line` int(10) DEFAULT NULL,
  `size` int(10) DEFAULT NULL,
  `date` varchar(30) DEFAULT NULL,
  `invoice` varchar(30) DEFAULT NULL,
  `letra` varchar(30) DEFAULT NULL,
  `primeras` varchar(30) DEFAULT NULL,
  `seg` varchar(30) DEFAULT NULL,
  `conf` varchar(30) DEFAULT NULL,
  PRIMARY KEY (`id`)
) ENGINE=InnoDB AUTO_INCREMENT=1223 DEFAULT CHARSET=utf8;

/*Data for the table `sewdaily` */

insert  into `sewdaily`(`id`,`po`,`line`,`size`,`date`,`invoice`,`letra`,`primeras`,`seg`,`conf`) values 
(11,257,13,64,'2018-05-12','31321','D','1','','2'),
(12,257,13,65,'2018-05-12','31321','D','3','','2'),
(13,257,13,744,'2018-05-12','31321','D','','','2'),
(14,257,13,66,'2018-05-12','31321','D','','','6'),
(16,257,13,746,'2018-05-12','31123','A','6','',''),
(17,257,13,64,'2018-05-12','31321','C','123','',''),
(18,257,13,64,'2018-05-13','1','D','1','','2'),
(26,257,13,64,'2018-05-18','1','D','1','','2'),
(27,257,13,65,'2018-05-18','2','D','3','','2'),
(28,257,13,744,'2018-05-18','1','D','','','2'),
(29,257,13,66,'2018-05-18','2','D','','','6'),
(30,257,13,745,'2018-05-18','2','D','','','2'),
(31,257,13,746,'2018-05-18','2','A','6','',''),
(32,257,13,64,'2018-05-18','2','C','123','',''),
(33,770,4,744,'2018-05-17','32138','M','216','',''),
(35,770,4,65,'2018-05-17','32131','L','90','',''),
(36,770,4,744,'2018-05-17','32131','L','360','',''),
(37,770,4,66,'2018-05-17','32131','L','190','',''),
(38,770,4,65,'2018-05-17','32138','M','67','',''),
(39,770,4,65,'2018-05-17','32098','K','1','',''),
(40,770,4,744,'2018-05-17','32098','K','23','',''),
(41,770,4,66,'2018-05-17','32098','K','452','',''),
(42,770,4,745,'2018-05-17','32098','K','101','',''),
(43,770,4,66,'2018-05-17','32092','J','251','',''),
(44,770,4,745,'2018-05-17','32092','L','102','',''),
(45,770,4,745,'2018-05-17','32025','I','100','',''),
(46,770,4,745,'2018-05-17','31966','H','6','',''),
(61,142,4,773,'2018-05-21','32337','C','168','',''),
(62,142,4,772,'2018-05-21','32328','B','109',NULL,NULL),
(63,142,4,773,'2018-05-21','32328','B','290',NULL,NULL),
(64,142,4,755,'2018-05-21','32328','B','394',NULL,NULL),
(65,142,4,756,'2018-05-21','32328','B','174',NULL,NULL),
(66,142,4,772,'2018-05-21','32315','A','60',NULL,NULL),
(67,142,4,756,'2018-05-21','32315','A','120',NULL,NULL),
(68,819,5,63,'2018-05-21','32364','D','79',NULL,NULL),
(69,819,5,64,'2018-05-21','32364','D','168','',''),
(70,819,5,65,'2018-05-21','32364','D','202',NULL,NULL),
(71,819,5,744,'2018-05-21','32364','D','179',NULL,NULL),
(72,819,5,66,'2018-05-21','32364','D','92',NULL,NULL),
(73,819,5,745,'2018-05-21','32364','D','48',NULL,NULL),
(74,819,5,63,'2018-05-21','32352','C','31',NULL,NULL),
(75,819,5,64,'2018-05-21','32352','C','62',NULL,NULL),
(76,819,5,65,'2018-05-21','32352','C','124',NULL,NULL),
(77,819,5,744,'2018-05-21','32352','C','124',NULL,NULL),
(78,819,5,66,'2018-05-21','32352','C','62',NULL,NULL),
(79,819,5,745,'2018-05-21','32352','C','31',NULL,NULL),
(80,819,5,743,'2018-05-21','32344','B','15',NULL,NULL),
(81,819,5,63,'2018-05-21','32344','B','56',NULL,NULL),
(82,819,5,64,'2018-05-21','32344','B','96',NULL,NULL),
(83,819,5,65,'2018-05-21','32344','B','230',NULL,NULL),
(84,819,5,744,'2018-05-21','32344','B','216',NULL,NULL),
(85,819,5,66,'2018-05-21','32344','B','92',NULL,NULL),
(86,819,5,745,'2018-05-21','32344','B','50',NULL,NULL),
(87,819,5,63,'2018-05-21','32335','A','46',NULL,NULL),
(88,819,5,64,'2018-05-21','32335','A','138',NULL,NULL),
(89,819,5,65,'2018-05-21','32335','A','92',NULL,NULL),
(90,819,5,66,'2018-05-21','32335','A','46',NULL,NULL),
(91,819,5,745,'2018-05-21','32335','A','46',NULL,NULL),
(145,843,5,43243,'1987-12-17','A','111','',NULL,NULL),
(146,843,5,787,'2018-05-23','32128','A','237',NULL,NULL),
(147,843,5,788,'2018-05-23','32128','A','490',NULL,NULL),
(148,843,5,789,'2018-05-23','32128','A','543',NULL,NULL),
(149,843,5,790,'2018-05-23','32128','A','350',NULL,NULL),
(150,843,5,43243,'1987-12-17','A','107',NULL,NULL,NULL),
(151,143,5,773,'2018-05-23','32368','C','2','3',NULL),
(152,143,5,755,'2018-05-23','32368','C','82','2',NULL),
(153,143,5,756,'2018-05-23','32368','C','133','2',NULL),
(154,143,5,756,'2018-05-23','32362','B','11',NULL,NULL),
(155,267,6,63,'2018-05-23','32411','E','22',NULL,NULL),
(156,267,6,64,'2018-05-23','32411','E','211',NULL,NULL),
(157,267,6,65,'2018-05-23','32411','E','455',NULL,NULL),
(158,267,6,744,'2018-05-23','32411','E','50',NULL,NULL),
(159,267,6,63,'2018-05-23','32361','D','58',NULL,NULL),
(160,267,6,64,'2018-05-23','32361','D','232',NULL,NULL),
(161,267,6,65,'2018-05-23','32361','D','522',NULL,NULL),
(162,267,6,744,'2018-05-23','32361','D','58',NULL,NULL),
(163,267,6,63,'2018-05-23','32353','C','18',NULL,NULL),
(164,267,6,64,'2018-05-23','32353','C','216',NULL,NULL),
(165,267,6,65,'2018-05-23','32353','C','486',NULL,NULL),
(166,267,6,744,'2018-05-23','32353','C','36',NULL,NULL),
(167,267,6,63,'2018-05-23','32339','B',NULL,'1',NULL),
(168,267,6,64,'2018-05-23','32339','B','12',NULL,NULL),
(169,267,6,65,'2018-05-23','32339','B','54',NULL,NULL),
(170,267,6,745,'2018-05-23','32334','A','1',NULL,NULL),
(171,819,6,65,'2018-05-23','32364','D','20','3',NULL),
(172,819,6,744,'2018-05-23','32364','D','2','2',NULL),
(173,725,7,63,'2018-05-23','32389','G','87',NULL,NULL),
(174,725,7,64,'2018-05-23','32389','G','265',NULL,NULL),
(175,725,7,65,'2018-05-23','32389','G','431',NULL,NULL),
(176,725,7,744,'2018-05-23','32389','G','206',NULL,NULL),
(177,725,7,63,'2018-05-23','32375','F','11',NULL,NULL),
(178,725,7,64,'2018-05-23','32375','F','64',NULL,NULL),
(179,725,7,65,'2018-05-23','32375','F','495',NULL,NULL),
(180,725,7,744,'2018-05-23','32375','F','297',NULL,NULL),
(181,725,7,66,'2018-05-23','32375','F','197',NULL,NULL),
(182,725,7,745,'2018-05-23','32375','F','97',NULL,NULL),
(183,725,7,65,'2018-05-23','32355','E','1',NULL,NULL),
(184,725,7,744,'2018-05-23','32355','E','21',NULL,NULL),
(185,725,7,66,'2018-05-23','32355','E','5',NULL,NULL),
(186,725,7,745,'2018-05-23','32355','E','9',NULL,NULL),
(187,24,9,63,'2018-05-23','32399','','98',NULL,'2'),
(188,24,9,64,'2018-05-23','32399','','198',NULL,'2'),
(189,24,9,65,'2018-05-23','32399','','291','1','8'),
(190,24,9,744,'2018-05-23','32399','','192','1','7'),
(191,24,9,66,'2018-05-23','32399','','96','3','1'),
(192,24,9,63,'2018-05-23','32384','M','7',NULL,NULL),
(193,24,9,64,'2018-05-23','32384','M','14',NULL,NULL),
(194,24,9,65,'2018-05-23','32384','M','21',NULL,NULL),
(195,24,9,744,'2018-05-23','32384','M','14',NULL,NULL),
(196,24,9,66,'2018-05-23','32384','M','7',NULL,NULL),
(197,24,9,63,'2018-05-23','32365','L','14',NULL,NULL),
(198,24,9,64,'2018-05-23','32365','L','5',NULL,NULL),
(199,24,9,65,'2018-05-23','32365','L','162',NULL,NULL),
(200,24,9,744,'2018-05-23','32365','L','139',NULL,NULL),
(201,24,9,66,'2018-05-23','32365','L','76',NULL,NULL),
(202,24,9,66,'2018-05-23','32268','I','2',NULL,NULL),
(203,24,9,744,'2018-05-23','32260','G','10',NULL,NULL),
(204,843,5,43244,'1988-01-04','C','109',NULL,'1',NULL),
(205,843,5,787,'2018-05-24','32146','C','221',NULL,'1'),
(206,843,5,788,'2018-05-24','32146','C','444',NULL,'3'),
(207,843,5,789,'2018-05-24','32146','C','156',NULL,'45'),
(208,843,5,790,'2018-05-24','32146','C',NULL,NULL,'16'),
(209,843,5,791,'2018-05-24','32146','C',NULL,NULL,'17'),
(210,843,5,792,'2018-05-24','32146','C',NULL,NULL,'4'),
(211,843,5,793,'2018-05-24','32146','C',NULL,NULL,'2'),
(212,843,5,43244,'1987-12-24','B','62',NULL,NULL,NULL),
(213,843,5,787,'2018-05-24','32135','B','124',NULL,NULL),
(214,843,5,788,'2018-05-24','32135','B','186',NULL,NULL),
(215,843,5,789,'2018-05-24','32135','B','124',NULL,NULL),
(216,843,5,790,'2018-05-24','32135','B','101',NULL,NULL),
(217,843,5,791,'2018-05-24','32135','B','130',NULL,NULL),
(218,843,5,793,'2018-05-24','32135','B','42',NULL,NULL),
(219,843,5,794,'2018-05-24','32135','B','20',NULL,NULL),
(220,843,5,43244,'1987-12-17','A','14',NULL,NULL,NULL),
(221,843,5,787,'2018-05-24','32128','A','7',NULL,NULL),
(222,843,5,788,'2018-05-24','32128','A','20',NULL,NULL),
(223,843,5,789,'2018-05-24','32128','A','54',NULL,NULL),
(224,843,5,790,'2018-05-24','32128','A','26',NULL,NULL),
(225,843,5,791,'2018-05-24','32128','A','139',NULL,NULL),
(226,843,5,792,'2018-05-24','32128','A','237',NULL,NULL),
(227,843,5,793,'2018-05-24','32128','A','116',NULL,NULL),
(228,270,6,63,'2018-05-24','32491','F','56',NULL,NULL),
(229,270,6,63,'2018-05-24','32485','E','132',NULL,NULL),
(230,270,6,64,'2018-05-24','32485','E','264',NULL,NULL),
(231,270,6,65,'2018-05-24','32485','E','448',NULL,NULL),
(232,270,6,744,'2018-05-24','32485','E','64',NULL,NULL),
(233,270,6,63,'2018-05-24','32477','D','30',NULL,NULL),
(234,270,6,64,'2018-05-24','32477','D','56',NULL,NULL),
(235,270,6,65,'2018-05-24','32477','D','98',NULL,NULL),
(236,270,6,744,'2018-05-24','32477','D','12',NULL,NULL),
(237,270,6,63,'2018-05-24','32476','C','102',NULL,NULL),
(238,270,6,64,'2018-05-24','32476','C','204',NULL,NULL),
(239,270,6,65,'2018-05-24','32476','C','365',NULL,NULL),
(240,270,6,744,'2018-05-24','32476','C','43',NULL,NULL),
(241,270,6,64,'2018-05-24','32469','B','184',NULL,NULL),
(242,270,6,65,'2018-05-24','32469','B','184',NULL,NULL),
(243,270,6,744,'2018-05-24','32469','B','184',NULL,NULL),
(244,270,6,743,'2018-05-24','34468','A','26',NULL,NULL),
(245,270,6,744,'2018-05-24','34468','A','26',NULL,NULL),
(246,270,6,66,'2018-05-24','34468','A','26',NULL,NULL),
(247,270,6,745,'2018-05-24','34468','A','26',NULL,NULL),
(248,267,6,63,'2018-05-24','32411','E','33',NULL,NULL),
(249,267,6,64,'2018-05-24','32411','E','15',NULL,NULL),
(250,267,6,65,'2018-05-24','32411','E','48',NULL,NULL),
(251,267,6,744,'2018-05-24','32411','E','3',NULL,NULL),
(252,724,7,63,'2018-05-24','32440','B','112',NULL,NULL),
(253,724,7,64,'2018-05-24','32440','B','277',NULL,NULL),
(254,724,7,65,'2018-05-24','32440','B','219',NULL,NULL),
(255,724,7,743,'2018-05-24','32431','A','18',NULL,NULL),
(256,724,7,63,'2018-05-24','32431','A','129',NULL,NULL),
(257,724,7,65,'2018-05-24','32431','A','258',NULL,NULL),
(258,724,7,744,'2018-05-24','32431','A','40',NULL,NULL),
(259,724,7,43244,'1988-10-15','A','65',NULL,NULL,NULL),
(260,725,7,63,'2018-05-24','32390','H','9',NULL,'1'),
(261,725,7,64,'2018-05-24','32390','H','28',NULL,'2'),
(262,725,7,65,'2018-05-24','32390','H','46','3','1'),
(263,725,7,744,'2018-05-24','32390','H','28','2',NULL),
(264,725,7,66,'2018-05-24','32390','H','20',NULL,NULL),
(265,725,7,745,'2018-05-24','32390','H','5','3','2'),
(266,725,7,63,'2018-05-24','32389','G','3',NULL,NULL),
(267,725,7,64,'2018-05-24','32389','G','5',NULL,NULL),
(268,725,7,65,'2018-05-24','32389','G','19',NULL,NULL),
(269,725,7,744,'2018-05-24','32389','G','64',NULL,NULL),
(270,725,7,66,'2018-05-24','32389','G','180',NULL,NULL),
(271,725,7,745,'2018-05-24','32389','G','90',NULL,NULL),
(272,725,7,66,'2018-05-24','32375','F','1',NULL,NULL),
(273,725,7,745,'2018-05-24','32375','F','2',NULL,NULL),
(274,384,9,65,'2018-05-24','32020','C','92',NULL,NULL),
(275,384,9,744,'2018-05-24','32020','C','236',NULL,NULL),
(276,384,9,66,'2018-05-24','32020','C','327',NULL,NULL),
(277,384,9,745,'2018-05-24','32020','C','76',NULL,NULL),
(278,384,9,65,'2018-05-24','32007','B','80',NULL,NULL),
(279,384,9,744,'2018-05-24','32007','B','320',NULL,NULL),
(280,384,9,745,'2018-05-24','32007','B','240',NULL,NULL),
(281,384,9,64,'2018-05-24','31995','A','88',NULL,NULL),
(282,384,9,65,'2018-05-24','31995','A','138',NULL,NULL),
(283,378,11,65,'2018-05-24','32169','C','91',NULL,NULL),
(284,378,11,744,'2018-05-24','32169','C','484',NULL,NULL),
(285,378,11,66,'2018-05-24','32169','C','145',NULL,NULL),
(286,378,11,65,'2018-05-24','32166','B','259',NULL,NULL),
(287,378,11,744,'2018-05-24','32166','B','100',NULL,NULL),
(288,378,11,66,'2018-05-24','32166','B','500',NULL,NULL),
(289,378,11,64,'2018-05-24','32161','A','4',NULL,NULL),
(290,244,13,64,'2018-05-24','32283','D','23',NULL,NULL),
(291,244,13,65,'2018-05-24','32283','D','53',NULL,NULL),
(292,244,13,64,'2018-05-24','32273','C','199',NULL,NULL),
(293,244,13,65,'2018-05-24','32273','C','299',NULL,NULL),
(294,244,13,744,'2018-05-24','32273','C','112',NULL,NULL),
(295,244,13,66,'2018-05-24','32273','C','54',NULL,NULL),
(296,244,13,745,'2018-05-24','32273','C','90',NULL,NULL),
(297,244,13,64,'2018-05-24','32265','B','8',NULL,NULL),
(298,244,13,65,'2018-05-24','32265','B','183',NULL,NULL),
(299,244,13,744,'2018-05-24','32265','B','188',NULL,NULL),
(300,244,13,66,'2018-05-24','32265','B','85',NULL,NULL),
(301,244,13,744,'2018-05-24','32259','A','11',NULL,NULL),
(302,244,13,66,'2018-05-24','32259','A','8',NULL,NULL),
(303,754,14,64,'2018-05-24','32108','S','37',NULL,NULL),
(304,754,14,64,'2018-05-24','32109','R','240',NULL,NULL),
(305,754,14,65,'2018-05-24','32109','R','330',NULL,NULL),
(306,754,14,744,'2018-05-24','32109','R','212',NULL,NULL),
(307,754,14,66,'2018-05-24','32109','R','172',NULL,NULL),
(308,754,14,64,'2018-05-24','32103','Q','79',NULL,NULL),
(309,754,14,65,'2018-05-24','32103','Q','209',NULL,NULL),
(310,754,14,744,'2018-05-24','32103','Q','175',NULL,NULL),
(311,754,14,66,'2018-05-24','32103','Q','174',NULL,NULL),
(312,843,5,786,'2018-05-24','32146','C','109',NULL,'1'),
(313,843,5,786,'2018-05-25','32146','C','5','2',NULL),
(314,843,5,787,'2018-05-25','32146','C','8','4',NULL),
(315,843,5,788,'2018-05-25','32146','C','19','2',NULL),
(316,843,5,789,'2018-05-25','32146','C','384',NULL,NULL),
(317,843,5,790,'2018-05-25','32146','C','318','3',NULL),
(318,843,5,791,'2018-05-25','32146','C','215','2',NULL),
(319,843,5,792,'2018-05-25','32146','C','227','3',NULL),
(320,843,5,793,'2018-05-25','32146','C','104','2',NULL),
(321,843,5,790,'2018-05-25','32135','B','23',NULL,NULL),
(322,843,5,791,'2018-05-25','32135','B','16',NULL,NULL),
(323,843,5,793,'2018-05-25','32135','B','20',NULL,NULL),
(324,843,5,43245,'1987-12-24','B','20',NULL,NULL,NULL),
(325,843,5,792,'2018-05-25','32128','A','9',NULL,NULL),
(326,272,6,43245,'1989-02-05','B','88',NULL,NULL,NULL),
(327,272,6,65,'2018-05-25','32544','B','114',NULL,NULL),
(328,272,6,63,'2018-05-25','32539','A','57',NULL,NULL),
(329,272,6,744,'2018-05-25','32539','A','16',NULL,NULL),
(330,272,6,66,'2018-05-25','32539','A','26',NULL,NULL),
(331,272,6,745,'2018-05-25','32539','A','18',NULL,NULL),
(332,272,6,748,'2018-05-25','32539','A','26',NULL,NULL),
(333,270,6,63,'2018-05-25','32518','I','28',NULL,'2'),
(334,270,6,64,'2018-05-25','32518','I','54','2','4'),
(335,270,6,65,'2018-05-25','32518','I','91','3','11'),
(336,270,6,744,'2018-05-25','32518','I','12',NULL,'3'),
(337,270,6,63,'2018-05-25','32500','H','90',NULL,NULL),
(338,270,6,64,'2018-05-25','32500','H','180',NULL,NULL),
(339,270,6,65,'2018-05-25','32500','H','315',NULL,NULL),
(340,270,6,744,'2018-05-25','32500','H','45',NULL,NULL),
(341,270,6,63,'2018-05-25','32495','G','62',NULL,NULL),
(342,270,6,64,'2018-05-25','32495','G','124',NULL,NULL),
(343,270,6,65,'2018-05-25','32495','G','217',NULL,NULL),
(344,270,6,744,'2018-05-25','32495','G','31',NULL,NULL),
(345,270,6,63,'2018-05-25','32491','F','64',NULL,NULL),
(346,270,6,64,'2018-05-25','32491','F','240',NULL,NULL),
(347,270,6,65,'2018-05-25','32491','F','420',NULL,NULL),
(348,270,6,744,'2018-05-25','32491','F','60',NULL,NULL),
(349,270,6,65,'2018-05-25','32485','E','14',NULL,NULL),
(350,270,6,744,'2018-05-25','32485','E','2',NULL,NULL),
(351,384,7,65,'2018-05-25','32048','E','22',NULL,NULL),
(352,384,7,65,'2018-05-25','32038','D','110',NULL,NULL),
(353,384,7,744,'2018-05-25','32038','D','423',NULL,NULL),
(354,384,7,745,'2018-05-25','32038','D','318',NULL,NULL),
(355,384,7,65,'2018-05-25','32020','C','30',NULL,NULL),
(356,384,7,744,'2018-05-25','32020','C','58',NULL,NULL),
(357,384,7,66,'2018-05-25','32020','C','89',NULL,NULL),
(358,384,7,745,'2018-05-25','32020','C','28',NULL,NULL),
(359,20,7,63,'2018-05-25','32251','M','127','1',NULL),
(360,20,7,64,'2018-05-25','32251','M','208',NULL,NULL),
(361,20,7,66,'2018-05-25','32251','M','255','1',NULL),
(362,378,11,65,'2018-05-25','32170','D','267',NULL,NULL),
(363,378,11,744,'2018-05-25','32170','D','75',NULL,NULL),
(364,378,11,66,'2018-05-25','32170','D','321',NULL,NULL),
(365,378,11,65,'2018-05-25','32169','C','9',NULL,NULL),
(366,378,11,744,'2018-05-25','32169','C','16',NULL,NULL),
(367,378,11,66,'2018-05-25','32169','C','255',NULL,NULL),
(368,378,11,745,'2018-05-25','32169','C','191',NULL,NULL),
(369,20,11,63,'2018-05-25','32552','N','70','',''),
(370,20,11,64,'2018-05-25','32552','N','210','',''),
(371,20,11,66,'2018-05-25','32552','N','280','',''),
(372,378,11,64,'2018-05-25','32161','A',NULL,NULL,'1'),
(373,244,13,64,'2018-05-25','32283','D','2',NULL,NULL),
(374,244,13,65,'2018-05-25','32283','D','20',NULL,NULL),
(375,244,13,745,'2018-05-25','32283','D','38',NULL,NULL),
(376,244,13,744,'2018-05-25','32273','C','2',NULL,NULL),
(377,244,13,745,'2018-05-25','32273','C','10',NULL,NULL),
(378,244,13,66,'2018-05-25','32273','C','1',NULL,NULL),
(379,754,14,64,'2018-05-25','32115','V','10',NULL,NULL),
(380,754,14,65,'2018-05-25','32115','V','70',NULL,NULL),
(381,754,14,744,'2018-05-25','32115','V','2',NULL,NULL),
(382,754,14,64,'2018-05-25','32110','U','118',NULL,NULL),
(383,754,14,65,'2018-05-25','32110','U','177',NULL,NULL),
(384,754,14,744,'2018-05-25','32110','U','118',NULL,NULL),
(385,754,14,66,'2018-05-25','32110','U','66',NULL,NULL),
(386,754,14,64,'2018-05-25','32109','T','68',NULL,NULL),
(387,754,14,65,'2018-05-25','32109','T','102',NULL,NULL),
(388,754,14,744,'2018-05-25','32109','T','68',NULL,NULL),
(389,754,14,66,'2018-05-25','32109','T','68',NULL,NULL),
(390,754,14,64,'2018-05-25','32108','S','135',NULL,NULL),
(391,754,14,65,'2018-05-25','32108','S','258',NULL,NULL),
(392,754,14,744,'2018-05-25','32108','S','172',NULL,NULL),
(393,754,14,66,'2018-05-25','32108','S','172',NULL,NULL),
(394,754,14,65,'2018-05-25','32104','R','30',NULL,NULL),
(395,754,14,744,'2018-05-25','32104','R','28',NULL,NULL),
(396,754,14,66,'2018-05-25','32104','R','68',NULL,NULL),
(397,283,15,65,'2018-05-25','32304','D','339',NULL,NULL),
(398,283,15,744,'2018-05-25','32301','D','181',NULL,NULL),
(399,283,15,65,'2018-05-25','32289','B','67',NULL,NULL),
(400,283,15,744,'2018-05-25','32289','B','191',NULL,NULL),
(401,283,15,744,'2018-05-25','32285','A','132',NULL,NULL),
(402,376,15,64,'2018-05-25','32437','C','7','1','3'),
(403,376,15,65,'2018-05-25','32437','C','14','3','5'),
(404,376,15,744,'2018-05-25','32437','C','18','1','3'),
(405,376,15,66,'2018-05-25','32437','C','13',NULL,'2'),
(406,376,15,745,'2018-05-25','32437','C','5',NULL,'2'),
(407,376,15,64,'2018-05-25','32330','B','53',NULL,NULL),
(408,376,15,65,'2018-05-25','32330','B','265',NULL,NULL),
(409,376,15,744,'2018-05-25','32330','B','273',NULL,NULL),
(410,376,15,66,'2018-05-25','32330','B','182',NULL,NULL),
(411,376,15,745,'2018-05-25','32330','B','89',NULL,NULL),
(412,376,15,63,'2018-05-25','32323','A','4',NULL,NULL),
(413,376,15,744,'2018-05-25','32323','A','2',NULL,NULL),
(414,376,15,66,'2018-05-25','32323','A','20',NULL,NULL),
(415,376,15,745,'2018-05-25','32323','A','44',NULL,NULL),
(416,350,16,63,'2018-05-25','32252','F','85',NULL,NULL),
(417,350,16,64,'2018-05-25','32252','F','71',NULL,NULL),
(418,350,16,65,'2018-05-25','32252','F','57',NULL,NULL),
(419,350,16,744,'2018-05-25','32252','F','130',NULL,NULL),
(420,350,16,66,'2018-05-25','32252','F','35',NULL,NULL),
(421,350,16,63,'2018-05-25','32244','E','71',NULL,NULL),
(422,350,16,64,'2018-05-25','32244','E','213',NULL,NULL),
(423,350,16,65,'2018-05-25','32244','E','284',NULL,NULL),
(424,350,16,744,'2018-05-25','32244','E','213',NULL,NULL),
(425,350,16,66,'2018-05-25','32244','E','71',NULL,NULL),
(426,350,16,63,'2018-05-25','32237','D','50',NULL,NULL),
(427,350,16,64,'2018-05-25','32237','D','150',NULL,NULL),
(428,350,16,65,'2018-05-25','32237','D','200',NULL,NULL),
(429,350,16,744,'2018-05-25','32237','D','125',NULL,NULL),
(430,350,16,66,'2018-05-25','32237','D','50',NULL,NULL),
(431,350,16,63,'2018-05-25','32230','C','10',NULL,NULL),
(432,350,16,65,'2018-05-25','32230','C','10',NULL,NULL),
(433,350,16,66,'2018-05-25','32230','C','7',NULL,NULL),
(434,350,16,745,'2018-05-25','32230','C','116',NULL,NULL),
(435,350,16,64,'2018-05-25','32223','B','29',NULL,NULL),
(436,276,4,64,'2018-05-28','32155','D','97',NULL,NULL),
(437,276,4,64,'2018-05-28','32142','C','176',NULL,NULL),
(438,276,4,65,'2018-05-28','32142','C','328',NULL,NULL),
(439,276,4,63,'2018-05-28','32136','B','44',NULL,NULL),
(440,276,4,64,'2018-05-28','32136','B','17',NULL,NULL),
(441,276,4,65,'2018-05-28','32136','B','34',NULL,NULL),
(442,276,4,63,'2018-05-28','32132','A','189',NULL,NULL),
(443,276,4,64,'2018-05-28','32132','A','63',NULL,NULL),
(444,276,4,65,'2018-05-28','32132','A','126',NULL,NULL),
(445,843,5,790,'2018-05-28','32146','C','11','3',NULL),
(446,843,5,793,'2018-05-28','32146','C','8','1',NULL),
(447,269,6,63,'2018-05-28','32579','E','2',NULL,NULL),
(448,269,6,64,'2018-05-28','32578','D','104',NULL,NULL),
(449,269,6,65,'2018-05-28','32578','D','165',NULL,NULL),
(450,269,6,744,'2018-05-28','32578','D','86',NULL,NULL),
(451,269,6,66,'2018-05-28','32578','D','10',NULL,NULL),
(452,269,6,64,'2018-05-28','32569','C','36',NULL,NULL),
(453,269,6,65,'2018-05-28','32569','C','72',NULL,NULL),
(454,269,6,744,'2018-05-28','32569','C','48',NULL,NULL),
(455,269,6,66,'2018-05-28','32569','C','12',NULL,NULL),
(456,269,6,64,'2018-05-28','32568','B','144',NULL,NULL),
(457,269,6,65,'2018-05-28','32568','B','288',NULL,NULL),
(458,269,6,744,'2018-05-28','32568','B','192',NULL,NULL),
(459,269,6,66,'2018-05-28','32568','B','48',NULL,NULL),
(460,269,6,63,'2018-05-28','32566','A','88',NULL,NULL),
(461,269,6,744,'2018-05-28','32566','A','34',NULL,NULL),
(462,269,6,66,'2018-05-28','32566','A','68',NULL,NULL),
(463,269,6,745,'2018-05-28','32566','A','48',NULL,NULL),
(464,269,6,43248,'1989-02-27','A','66',NULL,NULL,NULL),
(465,269,6,747,'2018-05-28','32566','A','68',NULL,NULL),
(466,269,6,748,'2018-05-28','32566','A','31',NULL,NULL),
(467,272,6,63,'2018-05-28','32545','C','6',NULL,NULL),
(468,272,6,64,'2018-05-28','32545','C','21',NULL,NULL),
(469,272,6,65,'2018-05-28','32545','C','36',NULL,NULL),
(470,272,6,744,'2018-05-28','32545','C','24',NULL,NULL),
(471,272,6,66,'2018-05-28','32545','C','7',NULL,NULL),
(472,272,6,64,'2018-05-28','32544','B','152',NULL,NULL),
(473,272,6,65,'2018-05-28','32544','B','366',NULL,NULL),
(474,272,6,744,'2018-05-28','32544','B','320',NULL,NULL),
(475,272,6,66,'2018-05-28','32544','B','80',NULL,NULL),
(476,272,6,63,'2018-05-28','32539','A','1',NULL,NULL),
(477,272,6,744,'2018-05-28','32539','A','4',NULL,NULL),
(478,272,6,745,'2018-05-28','32539','A','2',NULL,NULL),
(479,272,6,43248,'1989-01-31','A','58',NULL,NULL,NULL),
(480,272,6,43248,'1989-01-31','A','52',NULL,NULL,NULL),
(481,724,7,63,'2018-05-28','32479','E','96',NULL,NULL),
(482,724,7,64,'2018-05-28','32479','E','284',NULL,NULL),
(483,724,7,65,'2018-05-28','32479','E','20',NULL,NULL),
(484,724,7,63,'2018-05-28','32464','D','100',NULL,NULL),
(485,724,7,64,'2018-05-28','32464','D','300',NULL,NULL),
(486,724,7,65,'2018-05-28','32464','D','400',NULL,NULL),
(487,724,7,744,'2018-05-28','32464','D','394',NULL,NULL),
(488,724,7,66,'2018-05-28','32464','D','193',NULL,NULL),
(489,724,7,745,'2018-05-28','32464','D','74',NULL,NULL),
(490,724,7,63,'2018-05-28','32447','C','12',NULL,NULL),
(491,724,7,64,'2018-05-28','32447','C','48',NULL,NULL),
(492,724,7,65,'2018-05-28','32447','C','68',NULL,NULL),
(493,724,7,744,'2018-05-28','32447','C','258',NULL,NULL),
(494,724,7,66,'2018-05-28','32447','C','200',NULL,NULL),
(495,724,7,745,'2018-05-28','32447','C','100',NULL,NULL),
(496,724,7,66,'2018-05-28','32440','B','29',NULL,NULL),
(497,724,7,745,'2018-05-28','32440','B','17',NULL,NULL),
(498,384,7,65,'2018-05-28','32080','H','40',NULL,NULL),
(499,384,7,65,'2018-05-28','32068','G','109',NULL,NULL),
(500,384,7,744,'2018-05-28','32068','G','324',NULL,NULL),
(501,384,7,66,'2018-05-28','32068','G','416',NULL,NULL),
(502,384,7,745,'2018-05-28','32068','G','90',NULL,NULL),
(503,384,7,65,'2018-05-28','32053','F','8',NULL,NULL),
(504,384,7,744,'2018-05-28','32053','F','24',NULL,NULL),
(505,384,7,66,'2018-05-28','32053','F','32',NULL,NULL),
(506,384,7,745,'2018-05-28','32053','F','8',NULL,NULL),
(507,384,7,65,'2018-05-28','32048','E','42',NULL,NULL),
(508,384,7,744,'2018-05-28','32048','E','192',NULL,NULL),
(509,384,7,66,'2018-05-28','32048','E','256',NULL,NULL),
(510,384,7,745,'2018-05-28','32048','E','64',NULL,NULL),
(511,384,7,744,'2018-05-28','32038','D','17',NULL,NULL),
(512,384,7,745,'2018-05-28','32038','D','12',NULL,NULL),
(513,378,11,65,'2018-05-28','32176','G','97',NULL,NULL),
(514,378,11,744,'2018-05-28','32176','G','441',NULL,NULL),
(515,378,11,65,'2018-05-28','32175','F','65',NULL,NULL),
(516,378,11,744,'2018-05-28','32175','F','325',NULL,NULL),
(517,378,11,66,'2018-05-28','32175','F','253',NULL,NULL),
(518,378,11,745,'2018-05-28','32175','F','121',NULL,NULL),
(519,378,11,65,'2018-05-28','32173','E','39',NULL,NULL),
(520,378,11,744,'2018-05-28','32173','E','195',NULL,NULL),
(521,378,11,66,'2018-05-28','32173','E','156',NULL,NULL),
(522,378,11,745,'2018-05-28','32173','E','78',NULL,NULL),
(523,378,11,65,'2018-05-28','32170','D','9',NULL,NULL),
(524,378,11,744,'2018-05-28','32170','D','17',NULL,NULL),
(525,378,11,66,'2018-05-28','32170','D','139',NULL,NULL),
(526,378,11,745,'2018-05-28','32169','C','9',NULL,NULL),
(527,245,13,64,'2018-05-28','32457','A','87',NULL,NULL),
(528,245,13,65,'2018-05-28','32457','A','87',NULL,NULL),
(529,245,13,744,'2018-05-28','32457','A','215',NULL,NULL),
(530,754,14,64,'2018-05-28','32121','X','30',NULL,NULL),
(531,754,14,65,'2018-05-28','32121','X','118',NULL,NULL),
(532,754,14,744,'2018-05-28','32121','X','16',NULL,NULL),
(533,754,14,64,'2018-05-28','32121','W','232',NULL,NULL),
(534,754,14,65,'2018-05-28','32121','W','348',NULL,NULL),
(535,754,14,744,'2018-05-28','32121','W','232',NULL,NULL),
(536,754,14,66,'2018-05-28','32121','W','182',NULL,NULL),
(537,754,14,64,'2018-05-28','32115','V','137',NULL,'7'),
(538,754,14,65,'2018-05-28','32115','V','154',NULL,'7'),
(539,754,14,744,'2018-05-28','32115','V','148',NULL,'4'),
(540,754,14,66,'2018-05-28','32115','V','149',NULL,'5'),
(541,754,14,66,'2018-05-28','32110','U','52',NULL,NULL),
(542,283,15,64,'2018-05-28','32310','E','208',NULL,NULL),
(543,283,15,65,'2018-05-28','32310','E','417',NULL,NULL),
(544,283,15,744,'2018-05-28','32310','E','304',NULL,NULL),
(545,283,15,64,'2018-05-28','32304','D','200',NULL,NULL),
(546,283,15,65,'2018-05-28','32304','D','131',NULL,NULL),
(547,283,15,744,'2018-05-28','32304','D','335',NULL,NULL),
(548,283,15,66,'2018-05-28','32304','D','6',NULL,NULL),
(549,283,15,63,'2018-05-28','32301','C','205',NULL,NULL),
(550,283,15,64,'2018-05-28','32301','C','142',NULL,NULL),
(551,283,15,744,'2018-05-28','32301','C','32',NULL,NULL),
(552,283,15,63,'2018-05-28','32289','B','257',NULL,NULL),
(553,283,15,64,'2018-05-28','32289','B','88',NULL,NULL),
(554,283,15,747,'2018-05-28','32289','B','66',NULL,NULL),
(555,283,15,748,'2018-05-28','32289','B','65',NULL,NULL),
(556,283,15,63,'2018-05-28','32285','A','33',NULL,NULL),
(557,283,15,43248,'1988-05-22','A','49',NULL,NULL,NULL),
(558,376,15,43248,'1988-07-06','B','8',NULL,NULL,NULL),
(559,96,16,63,'2018-05-28','32583','E','30',NULL,NULL),
(560,96,16,64,'2018-05-28','32583','E','90',NULL,NULL),
(561,96,16,65,'2018-05-28','32583','E','150',NULL,NULL),
(562,96,16,744,'2018-05-28','32583','E','90',NULL,NULL),
(563,96,16,66,'2018-05-28','32583','E','30',NULL,NULL),
(564,96,16,745,'2018-05-28','32583','E','30',NULL,NULL),
(565,350,16,63,'2018-05-28','32252','F','34',NULL,'2'),
(566,350,16,64,'2018-05-28','32252','F','285','4','3'),
(567,350,16,65,'2018-05-28','32252','F','420','4','3'),
(568,350,16,744,'2018-05-28','32252','F','226','2','5'),
(569,350,16,66,'2018-05-28','32252','F','83',NULL,'3'),
(570,350,16,745,'2018-05-28','32230','C','2','4','3'),
(571,350,16,43248,'1988-03-14','A','2',NULL,NULL,NULL),
(572,350,16,743,'2018-05-28','32223','B',NULL,'1','1'),
(573,276,4,64,'2018-05-29','32155','D','10',NULL,'1'),
(574,276,4,65,'2018-05-29','32155','D','208',NULL,'4'),
(575,276,4,744,'2018-05-29','32155','D','144',NULL,'11'),
(576,276,4,66,'2018-05-29','32155','D','103',NULL,'3'),
(577,276,4,745,'2018-05-29','32155','D','52',NULL,'3'),
(578,276,4,65,'2018-05-29','32142','C','29',NULL,NULL),
(579,276,4,744,'2018-05-29','32142','C','264',NULL,NULL),
(580,276,4,66,'2018-05-29','32142','C','187',NULL,NULL),
(581,276,4,745,'2018-05-29','32142','C','72',NULL,NULL),
(582,276,4,63,'2018-05-29','32136','B','3',NULL,NULL),
(583,276,4,744,'2018-05-29','32136','B','68',NULL,NULL),
(584,276,4,744,'2018-05-29','32132','A','252',NULL,NULL),
(585,847,5,786,'2018-05-29','32117','C','87',NULL,NULL),
(586,847,5,787,'2018-05-29','32117','C','138',NULL,NULL),
(587,847,5,788,'2018-05-29','32117','C','293',NULL,NULL),
(588,847,5,789,'2018-05-29','32117','C','340',NULL,NULL),
(589,847,5,790,'2018-05-29','32117','C','360',NULL,NULL),
(590,847,5,791,'2018-05-29','32117','C','252',NULL,NULL),
(591,847,5,792,'2018-05-29','32117','C','101',NULL,NULL),
(592,847,5,793,'2018-05-29','32117','C','58',NULL,NULL),
(593,847,5,786,'2018-05-29','32107','B','48',NULL,NULL),
(594,847,5,787,'2018-05-29','32107','B','96',NULL,NULL),
(595,847,5,789,'2018-05-29','32107','B','48',NULL,NULL),
(596,847,5,790,'2018-05-29','32107','B','48',NULL,NULL),
(597,847,5,791,'2018-05-29','32107','B','48',NULL,NULL),
(598,847,5,792,'2018-05-29','32107','B','96',NULL,NULL),
(599,847,5,793,'2018-05-29','32107','B','48',NULL,NULL),
(600,847,5,789,'2018-05-29','32106','A','14',NULL,NULL),
(601,847,5,790,'2018-05-29','32106','A','14',NULL,NULL),
(602,847,5,791,'2018-05-29','32106','A','23',NULL,NULL),
(603,847,5,792,'2018-05-29','32106','A','2',NULL,NULL),
(604,847,5,793,'2018-05-29','32106','A','14',NULL,NULL),
(605,270,6,63,'2018-05-29','32622','L','100',NULL,NULL),
(606,270,6,64,'2018-05-29','32622','L','197',NULL,'3'),
(607,270,6,65,'2018-05-29','32622','L','345',NULL,'5'),
(608,270,6,744,'2018-05-29','32622','L','48',NULL,'2'),
(609,270,6,63,'2018-05-29','32607','K','20',NULL,NULL),
(610,270,6,64,'2018-05-29','32607','K','40',NULL,NULL),
(611,270,6,65,'2018-05-29','32607','K','70',NULL,NULL),
(612,270,6,744,'2018-05-29','32607','K','10',NULL,NULL),
(613,270,6,63,'2018-05-29','32599','J','36',NULL,NULL),
(614,270,6,64,'2018-05-29','32599','J','72',NULL,NULL),
(615,270,6,65,'2018-05-29','32599','J','126',NULL,NULL),
(616,270,6,744,'2018-05-29','32599','J','18',NULL,NULL),
(617,272,6,64,'2018-05-29','32602','D','19',NULL,NULL),
(618,272,6,65,'2018-05-29','32602','D','38',NULL,NULL),
(619,272,6,744,'2018-05-29','32602','D','23',NULL,NULL),
(620,272,6,66,'2018-05-29','32602','D','5',NULL,NULL),
(621,272,6,744,'2018-05-29','32545','C','2','2',NULL),
(622,269,6,63,'2018-05-29','32579','E','2',NULL,NULL),
(623,269,6,64,'2018-05-29','32579','E','94',NULL,'5'),
(624,269,6,65,'2018-05-29','32579','E','85','1',NULL),
(625,269,6,744,'2018-05-29','32579','E','82','2',NULL),
(626,269,6,66,'2018-05-29','32579','E','20','1',NULL),
(627,269,6,64,'2018-05-29','32578','D','10',NULL,NULL),
(628,269,6,65,'2018-05-29','32578','D','63',NULL,NULL),
(629,269,6,744,'2018-05-29','32578','D','66',NULL,NULL),
(630,269,6,66,'2018-05-29','32578','D','28',NULL,NULL),
(631,269,6,43249,'1989-02-27','A','2',NULL,NULL,NULL),
(632,724,7,63,'2018-05-29','32482','F','67',NULL,NULL),
(633,724,7,64,'2018-05-29','32482','F','194',NULL,NULL),
(634,724,7,65,'2018-05-29','32482','F','265',NULL,NULL),
(635,724,7,744,'2018-05-29','32482','F','268',NULL,NULL),
(636,724,7,66,'2018-05-29','32482','F','132','1','1'),
(637,724,7,745,'2018-05-29','32482','F','61',NULL,NULL),
(638,724,7,63,'2018-05-29','32479','E','4',NULL,NULL),
(639,724,7,64,'2018-05-29','32479','E','16',NULL,NULL),
(640,724,7,65,'2018-05-29','32479','E','380',NULL,NULL),
(641,724,7,744,'2018-05-29','32479','E','400',NULL,NULL),
(642,724,7,66,'2018-05-29','32479','E','200',NULL,NULL),
(643,724,7,745,'2018-05-29','32479','E','100',NULL,NULL),
(644,724,7,744,'2018-05-29','32464','D','6',NULL,NULL),
(645,724,7,66,'2018-05-29','32464','D','7',NULL,NULL),
(646,724,7,745,'2018-05-29','32464','D','26',NULL,NULL),
(647,724,7,743,'2018-05-29','32440','B','8','1','1'),
(648,937,8,753,'2018-05-29','32124','C','319',NULL,NULL),
(649,937,8,747,'2018-05-29','32124','C','172',NULL,NULL),
(650,937,8,748,'2018-05-29','32124','C','17',NULL,NULL),
(651,937,8,753,'2018-05-29','32119','B','99',NULL,NULL),
(652,937,8,747,'2018-05-29','32119','B','272',NULL,NULL),
(653,937,8,748,'2018-05-29','32119','B','78',NULL,NULL),
(654,937,8,748,'2018-05-29','32114','A','11',NULL,NULL),
(655,938,8,753,'2018-05-29','31644','C','6',NULL,NULL),
(656,938,8,748,'2018-05-29','31644','C','3',NULL,NULL),
(657,378,11,65,'2018-05-29','32200','H','99',NULL,NULL),
(658,378,11,744,'2018-05-29','32200','H','523',NULL,NULL),
(659,378,11,66,'2018-05-29','32200','H','418',NULL,NULL),
(660,378,11,745,'2018-05-29','32200','H','197',NULL,NULL),
(661,378,11,65,'2018-05-29','32176','G','9',NULL,NULL),
(662,378,11,744,'2018-05-29','32176','G','89',NULL,NULL),
(663,378,11,66,'2018-05-29','32176','G','424',NULL,NULL),
(664,378,11,745,'2018-05-29','32176','G','212',NULL,NULL),
(665,378,11,66,'2018-05-29','32175','F','7',NULL,NULL),
(666,378,11,745,'2018-05-29','32175','F','9',NULL,NULL),
(667,245,13,64,'2018-05-29','32466','D','120',NULL,NULL),
(668,245,13,64,'2018-05-29','32465','C','210',NULL,NULL),
(669,245,13,65,'2018-05-29','32465','C','302',NULL,NULL),
(670,245,13,744,'2018-05-29','32465','C','202',NULL,NULL),
(671,245,13,66,'2018-05-29','32465','C','98',NULL,NULL),
(672,245,13,745,'2018-05-29','32465','C','89',NULL,NULL),
(673,245,13,64,'2018-05-29','32457','A','6',NULL,NULL),
(674,245,13,65,'2018-05-29','32457','A','6',NULL,NULL),
(675,245,13,744,'2018-05-29','32457','A','157',NULL,NULL),
(676,245,13,66,'2018-05-29','32457','A','186',NULL,NULL),
(677,243,13,64,'2018-05-29','32421','D','27',NULL,'5'),
(678,243,13,65,'2018-05-29','32421','D','25',NULL,'4'),
(679,243,13,744,'2018-05-29','32421','D',NULL,NULL,'6'),
(680,243,13,66,'2018-05-29','32421','D',NULL,NULL,'5'),
(681,243,13,745,'2018-05-29','32421','D','15',NULL,'2'),
(682,243,13,744,'2018-05-29','32408','C','25',NULL,NULL),
(683,243,13,66,'2018-05-29','32408','C','25',NULL,NULL),
(684,244,13,64,'2018-05-29','32283','D','12',NULL,NULL),
(685,244,13,65,'2018-05-29','32283','D','25',NULL,NULL),
(686,244,13,745,'2018-05-29','32283','D','11',NULL,NULL),
(687,244,13,744,'2018-05-29','32273','C','17',NULL,NULL),
(688,244,13,66,'2018-05-29','32273','C','15',NULL,NULL),
(689,754,14,64,'2018-05-29','32172','Z','247',NULL,NULL),
(690,754,14,65,'2018-05-29','32172','Z','170',NULL,NULL),
(691,754,14,744,'2018-05-29','32172','Z','104',NULL,NULL),
(692,754,14,66,'2018-05-29','32172','Z','169',NULL,NULL),
(693,754,14,64,'2018-05-29','32125','Y','214',NULL,NULL),
(694,754,14,65,'2018-05-29','32125','Y','321',NULL,NULL),
(695,754,14,744,'2018-05-29','32125','Y','214',NULL,NULL),
(696,754,14,66,'2018-05-29','32125','Y','214',NULL,NULL),
(697,276,4,64,'2018-06-01','32591','F','13',NULL,NULL),
(698,276,4,65,'2018-06-01','32591','F','217',NULL,NULL),
(699,276,4,744,'2018-06-01','32591','F','165',NULL,NULL),
(700,276,4,66,'2018-06-01','32591','F','111',NULL,NULL),
(701,276,4,745,'2018-06-01','32591','F','59',NULL,NULL),
(702,276,4,65,'2018-06-01','32590','E','141',NULL,NULL),
(703,276,4,744,'2018-06-01','32590','E','177',NULL,NULL),
(704,276,4,66,'2018-06-01','32590','E','118',NULL,NULL),
(705,276,4,745,'2018-06-01','32590','E','59',NULL,NULL),
(706,276,4,744,'2018-06-01','32155','D','8',NULL,NULL),
(707,276,4,66,'2018-06-01','32155','D','4',NULL,NULL),
(708,276,4,745,'2018-06-01','32155','D','1',NULL,NULL),
(709,851,5,786,'2018-06-01','32159','B',NULL,'1','1'),
(710,851,5,787,'2018-06-01','32159','B','1','1',NULL),
(711,851,5,789,'2018-06-01','32159','B','41','2',NULL),
(712,851,5,790,'2018-06-01','32159','B','30','3','3'),
(713,851,5,791,'2018-06-01','32159','B','34',NULL,NULL),
(714,851,5,792,'2018-06-01','32159','B','99','2','1'),
(715,851,5,793,'2018-06-01','32159','B','66','1','1'),
(716,851,5,794,'2018-06-01','32159','B','15','1',NULL),
(717,851,5,788,'2018-06-01','32156','A','11','4',NULL),
(718,851,5,791,'2018-06-01','32156','A','217',NULL,NULL),
(719,851,5,792,'2018-06-01','32156','A','107',NULL,NULL),
(720,851,5,793,'2018-06-01','32156','A','105',NULL,NULL),
(721,849,5,786,'2018-06-01','32116','B','4','1',NULL),
(722,849,5,787,'2018-06-01','32116','B','6','4','3'),
(723,849,5,788,'2018-06-01','32116','B','5','3','2'),
(724,849,5,789,'2018-06-01','32116','B','10','3','4'),
(725,849,5,790,'2018-06-01','32116','B',NULL,'3',NULL),
(726,849,5,791,'2018-06-01','32116','B',NULL,'2',NULL),
(727,849,5,792,'2018-06-01','32116','B','2','1',NULL),
(728,849,5,793,'2018-06-01','32111','A','2','1',NULL),
(729,847,5,789,'2018-06-01','32117','C','16',NULL,NULL),
(730,381,9,65,'2018-06-01','32282','C','92',NULL,NULL),
(731,381,9,744,'2018-06-01','32282','C','208',NULL,NULL),
(732,381,9,65,'2018-06-01','32266','B','297',NULL,NULL),
(733,381,9,744,'2018-06-01','32266','B','99',NULL,NULL),
(734,381,9,66,'2018-06-01','32266','B','583',NULL,NULL),
(735,381,9,64,'2018-06-01','32258','A','1',NULL,NULL),
(736,381,9,65,'2018-06-01','32258','A','2',NULL,NULL),
(737,381,9,744,'2018-06-01','32258','A','46',NULL,NULL),
(738,381,9,66,'2018-06-01','32258','A','321',NULL,NULL),
(739,381,9,745,'2018-06-01','32258','A','197',NULL,NULL),
(740,386,11,65,'2018-06-01','32113','B','256',NULL,NULL),
(741,386,11,744,'2018-06-01','32113','B','396',NULL,NULL),
(742,386,11,66,'2018-06-01','32113','B','110',NULL,NULL),
(743,386,11,64,'2018-06-01','32102','A','100',NULL,NULL),
(744,386,11,65,'2018-06-01','32102','A','50',NULL,NULL),
(745,386,11,744,'2018-06-01','32102','A','200',NULL,NULL),
(746,386,11,745,'2018-06-01','32102','A','98',NULL,NULL),
(747,379,11,65,'2018-06-01','32537','M','52',NULL,NULL),
(748,379,11,744,'2018-06-01','32537','M','320',NULL,NULL),
(749,379,11,66,'2018-06-01','32537','M','107',NULL,NULL),
(750,379,11,745,'2018-06-01','32537','M','39',NULL,NULL),
(751,379,11,65,'2018-06-01','32536','L','18',NULL,NULL),
(752,379,11,744,'2018-06-01','32536','L','7',NULL,NULL),
(753,379,11,66,'2018-06-01','32536','L','53',NULL,NULL),
(754,379,11,745,'2018-06-01','32536','L','59',NULL,NULL),
(755,243,13,64,'2018-06-01','32710','H','100',NULL,'2'),
(756,243,13,65,'2018-06-01','32710','H','156',NULL,'4'),
(757,243,13,744,'2018-06-01','32710','H','110',NULL,'6'),
(758,243,13,66,'2018-06-01','32710','H','53',NULL,'2'),
(759,243,13,745,'2018-06-01','32710','H','50',NULL,'3'),
(760,243,13,64,'2018-06-01','32614','G','36',NULL,NULL),
(761,243,13,65,'2018-06-01','32614','G','54',NULL,NULL),
(762,243,13,744,'2018-06-01','32614','G','36',NULL,NULL),
(763,243,13,66,'2018-06-01','32614','G','18',NULL,NULL),
(764,243,13,745,'2018-06-01','32614','G','18',NULL,NULL),
(765,243,13,64,'2018-06-01','32426','F','12',NULL,NULL),
(766,243,13,65,'2018-06-01','32426','F','18',NULL,NULL),
(767,243,13,744,'2018-06-01','32426','F','12',NULL,NULL),
(768,243,13,66,'2018-06-01','32426','F','6',NULL,NULL),
(769,243,13,745,'2018-06-01','32426','F','6',NULL,NULL),
(770,243,13,64,'2018-06-01','32425','E','20',NULL,NULL),
(771,243,13,65,'2018-06-01','32425','E','30',NULL,NULL),
(772,243,13,744,'2018-06-01','32425','E','20',NULL,NULL),
(773,243,13,66,'2018-06-01','32425','E','10',NULL,NULL),
(774,243,13,745,'2018-06-01','32425','E','10',NULL,NULL),
(775,243,13,64,'2018-06-01','32421','D','41',NULL,NULL),
(776,243,13,65,'2018-06-01','32421','D','159',NULL,NULL),
(777,243,13,744,'2018-06-01','32421','D','172',NULL,NULL),
(778,243,13,66,'2018-06-01','32421','D','83',NULL,NULL),
(779,243,13,745,'2018-06-01','32421','D','44',NULL,NULL),
(780,240,16,64,'2018-06-01','32452','D',NULL,'2','1'),
(781,240,16,65,'2018-06-01','32452','D','6',NULL,'2'),
(782,240,16,744,'2018-06-01','32452','D','70',NULL,'1'),
(783,240,16,66,'2018-06-01','32452','D','23',NULL,'1'),
(784,240,16,63,'2018-06-01','32428','A',NULL,NULL,'2'),
(785,723,4,63,'2018-06-04','32745','B','87','1',NULL),
(786,723,4,64,'2018-06-04','32745','B','268',NULL,NULL),
(787,723,4,65,'2018-06-04','32745','B','334',NULL,NULL),
(788,723,4,744,'2018-06-04','32745','B','33',NULL,NULL),
(789,723,4,63,'2018-06-04','32739','A','154',NULL,NULL),
(790,723,4,65,'2018-06-04','32739','A','311',NULL,NULL),
(791,723,4,744,'2018-06-04','32739','A','77',NULL,NULL),
(792,723,4,746,'2018-06-04','32739','A','71',NULL,NULL),
(793,277,4,64,'2018-06-04','32591','F',NULL,'2','3'),
(794,277,4,65,'2018-06-04','32591','F','11','4','4'),
(795,277,4,744,'2018-06-04','32591','F','5','3','4'),
(796,277,4,66,'2018-06-04','32591','F','2','2','3'),
(797,1192,6,63,'2018-06-04','32736','D','27','2',NULL),
(798,1192,6,64,'2018-06-04','32736','D','123','1',NULL),
(799,1192,6,65,'2018-06-04','32736','D','50',NULL,NULL),
(800,1192,6,63,'2018-06-04','32735','C','24',NULL,NULL),
(801,1192,6,64,'2018-06-04','32735','C','48',NULL,NULL),
(802,1192,6,65,'2018-06-04','32735','C','96',NULL,NULL),
(803,1192,6,744,'2018-06-04','32735','C','83',NULL,NULL),
(804,1192,6,66,'2018-06-04','32735','C','41',NULL,NULL),
(805,1192,6,745,'2018-06-04','32735','C','21',NULL,NULL),
(806,1192,6,63,'2018-06-04','32734','B','23',NULL,NULL),
(807,1192,6,64,'2018-06-04','32734','B','46',NULL,NULL),
(808,1192,6,65,'2018-06-04','32734','B','92',NULL,NULL),
(809,1192,6,744,'2018-06-04','32734','B','92',NULL,NULL),
(810,1192,6,66,'2018-06-04','32734','B','46',NULL,NULL),
(811,1192,6,745,'2018-06-04','32734','B','23',NULL,NULL),
(812,1192,6,63,'2018-06-04','32733','A','57',NULL,NULL),
(813,1192,6,64,'2018-06-04','32733','A','114',NULL,NULL),
(814,1192,6,65,'2018-06-04','32733','A','228',NULL,NULL),
(815,1192,6,744,'2018-06-04','32733','A','228',NULL,NULL),
(816,1192,6,66,'2018-06-04','32733','A','114',NULL,NULL),
(817,1192,6,745,'2018-06-04','32733','A','57',NULL,NULL),
(818,911,7,64,'2018-06-04','32651','B','197','2','1'),
(819,911,7,65,'2018-06-04','32651','B','244',NULL,'3'),
(820,911,7,744,'2018-06-04','32651','B',NULL,NULL,'2'),
(821,911,7,66,'2018-06-04','32651','B',NULL,NULL,'1'),
(822,911,7,64,'2018-06-04','32650','A','213',NULL,NULL),
(823,911,7,65,'2018-06-04','32650','A','213',NULL,NULL),
(824,911,7,744,'2018-06-04','32650','A','210',NULL,NULL),
(825,911,7,66,'2018-06-04','32650','A','136',NULL,NULL),
(826,911,7,745,'2018-06-04','32650','A','70',NULL,NULL),
(827,381,9,65,'2018-06-04','32292','E','80',NULL,NULL),
(828,381,9,744,'2018-06-04','32292','E','387',NULL,NULL),
(829,381,9,66,'2018-06-04','32292','E','314',NULL,NULL),
(830,381,9,745,'2018-06-04','32292','E','32',NULL,NULL),
(831,381,9,65,'2018-06-04','32284','D','15',NULL,NULL),
(832,381,9,744,'2018-06-04','32284','D','75',NULL,NULL),
(833,381,9,66,'2018-06-04','32284','D','60',NULL,NULL),
(834,381,9,745,'2018-06-04','32284','D','30',NULL,NULL),
(835,381,9,65,'2018-06-04','32282','C','8',NULL,NULL),
(836,381,9,744,'2018-06-04','32282','C','292',NULL,NULL),
(837,381,9,66,'2018-06-04','32282','C','400',NULL,NULL),
(838,381,9,745,'2018-06-04','32282','C','200',NULL,NULL),
(839,381,9,66,'2018-06-04','32266','B','11',NULL,NULL),
(840,381,9,745,'2018-06-04','32258','A','3',NULL,NULL),
(841,386,11,65,'2018-06-04','32123','C','225',NULL,NULL),
(842,386,11,744,'2018-06-04','32123','C','458',NULL,NULL),
(843,386,11,66,'2018-06-04','32123','C','478',NULL,NULL),
(844,386,11,745,'2018-06-04','32123','C','216',NULL,NULL),
(845,386,11,65,'2018-06-04','32113','B','2',NULL,NULL),
(846,386,11,744,'2018-06-04','32113','B','30',NULL,NULL),
(847,386,11,66,'2018-06-04','32113','B','346',NULL,NULL),
(848,386,11,745,'2018-06-04','32113','B','228',NULL,NULL),
(849,386,11,745,'2018-06-04','32102','A','2',NULL,NULL),
(850,244,13,64,'2018-06-04','32768','G','86',NULL,NULL),
(851,244,13,65,'2018-06-04','32768','G','11',NULL,NULL),
(852,1057,15,743,'2018-06-04','32696','A','7',NULL,NULL),
(853,1057,15,63,'2018-06-04','32696','A','57',NULL,NULL),
(854,1057,15,64,'2018-06-04','32696','A','56',NULL,NULL),
(855,1057,15,66,'2018-06-04','32696','A','34',NULL,NULL),
(856,1057,15,746,'2018-06-04','32696','A','42',NULL,NULL),
(857,1050,15,64,'2018-06-04','32657','B','101',NULL,NULL),
(858,1050,15,63,'2018-06-04','32649','A','107',NULL,NULL),
(859,1050,15,64,'2018-06-04','32649','A','47',NULL,NULL),
(860,1050,15,65,'2018-06-04','32649','A','3',NULL,NULL),
(861,1050,15,744,'2018-06-04','32649','A','80',NULL,NULL),
(862,1021,16,63,'2018-06-04','32663','A','77',NULL,NULL),
(863,1021,16,64,'2018-06-04','32663','A','81',NULL,NULL),
(864,1021,16,65,'2018-06-04','32663','A','300',NULL,NULL),
(865,1021,16,744,'2018-06-04','32663','A','109',NULL,NULL),
(866,939,16,64,'2018-06-04','32604','A','109',NULL,'1'),
(867,939,16,65,'2018-06-04','32604','A','231','1','2'),
(868,939,16,744,'2018-06-04','32604','A','206',NULL,'1'),
(869,939,16,66,'2018-06-04','32604','A','107',NULL,NULL),
(870,939,16,745,'2018-06-04','32604','A','83','1',NULL),
(871,546,17,65,'2018-06-04','32483','F','188',NULL,NULL),
(872,546,17,744,'2018-06-04','32483','F','401',NULL,NULL),
(873,546,17,43255,'1988-12-06','F','303',NULL,NULL,NULL),
(874,546,17,745,'2018-06-04','32483','F','11',NULL,NULL),
(875,546,17,744,'2018-06-04','32448','E','208',NULL,NULL),
(876,546,17,66,'2018-06-04','32448','E','117',NULL,NULL),
(877,723,4,63,'2018-06-06','32747','D','93',NULL,NULL),
(878,723,4,64,'2018-06-06','32747','D','305',NULL,NULL),
(879,723,4,65,'2018-06-06','32747','D','405',NULL,NULL),
(880,723,4,744,'2018-06-06','32747','D','378',NULL,NULL),
(881,723,4,66,'2018-06-06','32747','D','165',NULL,NULL),
(882,723,4,63,'2018-06-06','32746','C','12',NULL,NULL),
(883,723,4,64,'2018-06-06','32746','C','18',NULL,NULL),
(884,723,4,65,'2018-06-06','32746','C','50',NULL,NULL),
(885,723,4,744,'2018-06-06','32746','C','340',NULL,NULL),
(886,723,4,66,'2018-06-06','32746','C','208',NULL,NULL),
(887,723,4,745,'2018-06-06','32746','C','93',NULL,NULL),
(888,723,4,66,'2018-06-06','32745','B','7',NULL,NULL),
(889,723,4,745,'2018-06-06','32745','B','7',NULL,NULL),
(890,1190,6,63,'2018-06-06','32783','D','48',NULL,NULL),
(891,1190,6,64,'2018-06-06','32783','D','93',NULL,NULL),
(892,1190,6,65,'2018-06-06','32783','D','230',NULL,NULL),
(893,1190,6,744,'2018-06-06','32783','D','133',NULL,NULL),
(894,1190,6,66,'2018-06-06','32783','D','17',NULL,NULL),
(895,1190,6,745,'2018-06-06','32783','D','24',NULL,NULL),
(896,1190,6,63,'2018-06-06','32777','C','17',NULL,NULL),
(897,1190,6,64,'2018-06-06','32777','C','34',NULL,NULL),
(898,1190,6,65,'2018-06-06','32777','C','85',NULL,NULL),
(899,1190,6,744,'2018-06-06','32777','C','68',NULL,NULL),
(900,1190,6,66,'2018-06-06','32777','C','34',NULL,NULL),
(901,1190,6,745,'2018-06-06','32777','C','17',NULL,NULL),
(902,1190,6,743,'2018-06-06','32775','B','26',NULL,NULL),
(903,1190,6,63,'2018-06-06','32775','B','18',NULL,NULL),
(904,1190,6,64,'2018-06-06','32775','B','54',NULL,NULL),
(905,1190,6,65,'2018-06-06','32775','B','53',NULL,NULL),
(906,1190,6,744,'2018-06-06','32775','B','63',NULL,NULL),
(907,1190,6,66,'2018-06-06','32775','B','36',NULL,NULL),
(908,1190,6,745,'2018-06-06','32775','B','18',NULL,NULL),
(909,1190,6,63,'2018-06-06','32774','A','65',NULL,NULL),
(910,1190,6,64,'2018-06-06','32774','A','195',NULL,NULL),
(911,1190,6,65,'2018-06-06','32774','A','260',NULL,NULL),
(912,1190,6,744,'2018-06-06','32774','A','260',NULL,NULL),
(913,1190,6,66,'2018-06-06','32774','A','130',NULL,NULL),
(914,1190,6,745,'2018-06-06','32774','A','65',NULL,NULL),
(915,1192,6,63,'2018-06-06','32773','I','24',NULL,NULL),
(916,1192,6,64,'2018-06-06','32773','I','26',NULL,'2'),
(917,1192,6,65,'2018-06-06','32773','I','49','2','5'),
(918,1192,6,744,'2018-06-06','32773','I','47','1',NULL),
(919,1192,6,66,'2018-06-06','32773','I','23','1',NULL),
(920,1192,6,745,'2018-06-06','32773','I','11',NULL,NULL),
(921,1192,6,64,'2018-06-06','32759','H','3',NULL,NULL),
(922,1192,6,65,'2018-06-06','32759','H','15',NULL,NULL),
(923,1192,6,744,'2018-06-06','32759','H','34',NULL,NULL),
(924,1192,6,66,'2018-06-06','32759','H','32',NULL,NULL),
(925,1192,6,745,'2018-06-06','32759','H','14',NULL,NULL),
(926,1192,6,66,'2018-06-06','32758','G','10',NULL,NULL),
(927,525,7,786,'2018-06-06','32574','B','62',NULL,NULL),
(928,525,7,787,'2018-06-06','32574','B','56',NULL,NULL),
(929,525,7,786,'2018-06-06','32570','A','20',NULL,NULL),
(930,525,7,787,'2018-06-06','32570','A','24',NULL,NULL),
(931,525,7,788,'2018-06-06','32570','A','8',NULL,NULL),
(932,525,7,791,'2018-06-06','32570','A','18',NULL,NULL),
(933,525,7,792,'2018-06-06','32570','A','58',NULL,NULL),
(934,525,7,793,'2018-06-06','32570','A','91',NULL,NULL),
(935,525,7,794,'2018-06-06','32570','A','14',NULL,NULL),
(936,515,7,786,'2018-06-06','32718','A','21',NULL,NULL),
(937,515,7,787,'2018-06-06','32718','A','202','1','2'),
(938,515,7,788,'2018-06-06','32718','A','109',NULL,NULL),
(939,515,7,789,'2018-06-06','32718','A','157',NULL,'1'),
(940,515,7,790,'2018-06-06','32718','A','184',NULL,NULL),
(941,515,7,791,'2018-06-06','32718','A','65','1',NULL),
(942,515,7,792,'2018-06-06','32718','A','174',NULL,'1'),
(943,515,7,793,'2018-06-06','32718','A','56',NULL,NULL),
(944,515,7,794,'2018-06-06','32718','A','68',NULL,NULL),
(945,932,8,64,'2018-06-06','32612','B','137',NULL,NULL),
(946,932,8,65,'2018-06-06','32612','B','209',NULL,NULL),
(947,932,8,744,'2018-06-06','32612','B','135',NULL,NULL),
(948,932,8,66,'2018-06-06','32612','B',NULL,NULL,'1'),
(949,932,8,745,'2018-06-06','32612','B',NULL,NULL,'1'),
(950,932,8,64,'2018-06-06','32611','A','158',NULL,NULL),
(951,932,8,65,'2018-06-06','32611','A','266',NULL,NULL),
(952,932,8,744,'2018-06-06','32611','A','272',NULL,NULL),
(953,932,8,66,'2018-06-06','32611','A','128',NULL,NULL),
(954,932,8,745,'2018-06-06','32611','A','137','1',NULL),
(955,856,8,65,'2018-06-06','32692','A','1',NULL,NULL),
(956,856,8,744,'2018-06-06','32692','A','3','1',NULL),
(957,856,8,745,'2018-06-06','32692','A','24',NULL,NULL),
(958,386,9,65,'2018-06-06','32189','H','107',NULL,NULL),
(959,386,9,744,'2018-06-06','32189','H','173',NULL,NULL),
(960,386,9,66,'2018-06-06','32189','H','160',NULL,NULL),
(961,386,9,745,'2018-06-06','32189','H','72',NULL,NULL),
(962,382,9,65,'2018-06-06','32509','I','100',NULL,NULL),
(963,382,9,744,'2018-06-06','32509','I','499','1',NULL),
(964,382,9,66,'2018-06-06','32509','I','393','2','5'),
(965,382,9,745,'2018-06-06','32509','I','200',NULL,NULL),
(966,382,9,65,'2018-06-06','32508','H',NULL,'1','6'),
(967,382,9,744,'2018-06-06','32508','H','13',NULL,'12'),
(968,382,9,66,'2018-06-06','32508','H','56',NULL,'9'),
(969,382,9,745,'2018-06-06','32508','H','80',NULL,'10'),
(970,382,9,745,'2018-06-06','32507','G','9',NULL,NULL),
(971,723,10,63,'2018-06-06','32821','G','18',NULL,NULL),
(972,723,10,64,'2018-06-06','32821','G','72',NULL,NULL),
(973,723,10,65,'2018-06-06','32821','G','95',NULL,NULL),
(974,723,10,744,'2018-06-06','32821','G','37',NULL,NULL),
(975,723,10,63,'2018-06-06','32749','E','95',NULL,NULL),
(976,723,10,64,'2018-06-06','32749','E','285',NULL,NULL),
(977,723,10,65,'2018-06-06','32749','E','379',NULL,NULL),
(978,723,10,744,'2018-06-06','32749','E','379',NULL,NULL),
(979,723,10,66,'2018-06-06','32749','E','189',NULL,NULL),
(980,723,10,745,'2018-06-06','32749','E','89',NULL,NULL),
(981,378,11,744,'2018-06-06','32537','M','89',NULL,NULL),
(982,378,11,66,'2018-06-06','32537','M','151',NULL,NULL),
(983,378,11,745,'2018-06-06','32537','M','59',NULL,NULL),
(984,378,11,744,'2018-06-06','32536','L','64',NULL,NULL),
(985,386,11,65,'2018-06-06','32207','J','31',NULL,NULL),
(986,386,11,744,'2018-06-06','32207','J','59',NULL,NULL),
(987,386,11,66,'2018-06-06','32207','J','62',NULL,NULL),
(988,386,11,745,'2018-06-06','32207','J','31',NULL,NULL),
(989,386,11,65,'2018-06-06','32202','I','17',NULL,NULL),
(990,386,11,744,'2018-06-06','32202','I','34',NULL,NULL),
(991,386,11,66,'2018-06-06','32202','I','34',NULL,NULL),
(992,386,11,745,'2018-06-06','32202','I','17',NULL,NULL),
(993,386,11,65,'2018-06-06','32164','G','172',NULL,'8'),
(994,386,11,744,'2018-06-06','32164','G','352',NULL,'8'),
(995,386,11,66,'2018-06-06','32164','G','352',NULL,'8'),
(996,386,11,745,'2018-06-06','32164','G','174',NULL,'6'),
(997,386,11,43257,'1988-01-21','F','15',NULL,NULL,NULL),
(998,386,11,744,'2018-06-06','32163','F','27',NULL,NULL),
(999,386,11,66,'2018-06-06','32163','F','31',NULL,NULL),
(1000,386,11,745,'2018-06-06','32163','F','154',NULL,NULL),
(1001,386,11,745,'2018-06-06','32154','E','2',NULL,NULL),
(1002,860,12,64,'2018-06-06','32699','B','109',NULL,NULL),
(1003,860,12,65,'2018-06-06','32699','B','163',NULL,NULL),
(1004,860,12,744,'2018-06-06','32699','B','226',NULL,NULL),
(1005,860,12,66,'2018-06-06','32699','B','69',NULL,NULL),
(1006,860,12,745,'2018-06-06','32699','B','10',NULL,NULL),
(1007,860,12,64,'2018-06-06','32698','A','2',NULL,NULL),
(1008,860,12,65,'2018-06-06','32698','A','4',NULL,NULL),
(1009,860,12,66,'2018-06-06','32698','A','7',NULL,NULL),
(1010,860,12,745,'2018-06-06','32698','A','82',NULL,NULL),
(1011,867,12,64,'2018-06-06','32707','A','137',NULL,NULL),
(1012,867,12,65,'2018-06-06','32707','A','219',NULL,NULL),
(1013,867,12,744,'2018-06-06','32707','A','170',NULL,NULL),
(1014,867,12,66,'2018-06-06','32707','A','147',NULL,NULL),
(1015,867,12,745,'2018-06-06','32707','A','54',NULL,NULL),
(1016,1060,14,64,'2018-06-06','32445','F','70',NULL,'3'),
(1017,1060,14,65,'2018-06-06','32445','F','111',NULL,'3'),
(1018,1060,14,744,'2018-06-06','32445','F',NULL,NULL,'10'),
(1019,1060,14,66,'2018-06-06','32445','F','13',NULL,'6'),
(1020,1060,14,64,'2018-06-06','32442','E','174',NULL,NULL),
(1021,1060,14,65,'2018-06-06','32442','E','348',NULL,NULL),
(1022,1060,14,744,'2018-06-06','32442','E','336',NULL,NULL),
(1023,1060,14,66,'2018-06-06','32442','E','174',NULL,NULL),
(1024,1060,14,64,'2018-06-06','32434','D','33',NULL,NULL),
(1025,1060,14,65,'2018-06-06','32434','D','388',NULL,NULL),
(1026,1060,14,744,'2018-06-06','32434','D','388',NULL,NULL),
(1027,1060,14,66,'2018-06-06','32434','D','194',NULL,NULL),
(1028,1060,14,65,'2018-06-06','32429','C','5',NULL,NULL),
(1029,1060,14,744,'2018-06-06','32429','C','14',NULL,NULL),
(1030,1060,14,66,'2018-06-06','32429','C','24',NULL,NULL),
(1031,1057,15,64,'2018-06-06','32723','D','9',NULL,NULL),
(1032,1057,15,65,'2018-06-06','32723','D','10',NULL,NULL),
(1033,1057,15,63,'2018-06-06','32713','C','225',NULL,NULL),
(1034,1057,15,64,'2018-06-06','32713','C','98',NULL,NULL),
(1035,1057,15,744,'2018-06-06','32713','C','390',NULL,NULL),
(1036,1057,15,66,'2018-06-06','32713','C','146',NULL,NULL),
(1037,1057,15,745,'2018-06-06','32713','C','107',NULL,NULL),
(1038,1057,15,63,'2018-06-06','32716','B-1','2',NULL,NULL),
(1039,1057,15,64,'2018-06-06','32716','B-1','8',NULL,NULL),
(1040,1057,15,65,'2018-06-06','32716','B-1','12',NULL,NULL),
(1041,1057,15,744,'2018-06-06','32716','B-1','6',NULL,NULL),
(1042,1057,15,66,'2018-06-06','32716','B-1','2',NULL,NULL),
(1043,1057,15,63,'2018-06-06','32711','B','53',NULL,NULL),
(1044,1057,15,64,'2018-06-06','32711','B','156',NULL,NULL),
(1045,1057,15,65,'2018-06-06','32711','B','600',NULL,NULL),
(1046,1057,15,744,'2018-06-06','32711','B','300',NULL,NULL),
(1047,1057,15,66,'2018-06-06','32711','B','100',NULL,NULL),
(1048,1057,15,66,'2018-06-06','32696','A','1',NULL,NULL),
(1049,1021,16,63,'2018-06-06','32666','D','71',NULL,NULL),
(1050,1021,16,64,'2018-06-06','32666','D','125',NULL,NULL),
(1051,1021,16,65,'2018-06-06','32666','D','429',NULL,NULL),
(1052,1021,16,744,'2018-06-06','32666','D','37',NULL,NULL),
(1053,1021,16,63,'2018-06-06','32665','C','112',NULL,NULL),
(1054,1021,16,64,'2018-06-06','32665','C','70',NULL,NULL),
(1055,1021,16,65,'2018-06-06','32665','C','355',NULL,NULL),
(1056,1021,16,744,'2018-06-06','32665','C','320',NULL,NULL),
(1057,1021,16,66,'2018-06-06','32665','C','226',NULL,NULL),
(1058,1021,16,745,'2018-06-06','32665','C','79',NULL,NULL),
(1059,1021,16,64,'2018-06-06','32664','B','4',NULL,NULL),
(1060,1021,16,65,'2018-06-06','32664','B','31',NULL,NULL),
(1061,1021,16,744,'2018-06-06','32664','B','46',NULL,NULL),
(1062,1021,16,66,'2018-06-06','32664','B','21',NULL,NULL),
(1063,1021,16,745,'2018-06-06','32664','B','9',NULL,NULL),
(1064,723,4,63,'2018-06-07','32747','D','12',NULL,NULL),
(1065,723,4,64,'2018-06-07','32747','D','10',NULL,NULL),
(1066,723,4,65,'2018-06-07','32747','D','15',NULL,NULL),
(1067,723,4,744,'2018-06-07','32747','D','42',NULL,NULL),
(1068,723,4,66,'2018-06-07','32747','D','45',NULL,NULL),
(1069,723,4,745,'2018-06-07','32747','D','105',NULL,NULL),
(1070,723,4,65,'2018-06-07','32754','F','200',NULL,NULL),
(1071,723,4,744,'2018-06-07','32754','F','300',NULL,NULL),
(1072,723,4,66,'2018-06-07','32754','F','10',NULL,NULL),
(1073,723,4,43258,'1989-08-19','A',NULL,'1','2',NULL),
(1074,955,4,64,'2018-06-07','32659','A','84',NULL,NULL),
(1075,955,4,65,'2018-06-07','32659','A','83',NULL,NULL),
(1076,955,4,744,'2018-06-07','32659','A','346',NULL,NULL),
(1077,955,4,66,'2018-06-07','32659','A','243',NULL,NULL),
(1078,1194,6,63,'2018-06-07','32771','D','44',NULL,NULL),
(1079,1194,6,64,'2018-06-07','32771','D','79',NULL,NULL),
(1080,1194,6,65,'2018-06-07','32771','D','75',NULL,NULL),
(1081,1194,6,744,'2018-06-07','32771','D','82',NULL,NULL),
(1082,1194,6,64,'2018-06-07','32270','C','162',NULL,NULL),
(1083,1194,6,65,'2018-06-07','32270','C','216',NULL,NULL),
(1084,1194,6,744,'2018-06-07','32270','C','216',NULL,NULL),
(1085,1194,6,66,'2018-06-07','32270','C','47',NULL,NULL),
(1086,1194,6,745,'2018-06-07','32270','C','29',NULL,NULL),
(1087,1194,6,64,'2018-06-07','32767','B','186',NULL,NULL),
(1088,1194,6,65,'2018-06-07','32767','B','248',NULL,NULL),
(1089,1194,6,744,'2018-06-07','32767','B','248',NULL,NULL),
(1090,1194,6,66,'2018-06-07','32767','B','124',NULL,NULL),
(1091,1194,6,745,'2018-06-07','32767','B','62',NULL,NULL),
(1092,1194,6,64,'2018-06-07','32766','A','45',NULL,NULL),
(1093,1194,6,65,'2018-06-07','32766','A','60',NULL,NULL),
(1094,1194,6,744,'2018-06-07','32766','A','60',NULL,NULL),
(1095,1194,6,66,'2018-06-07','32766','A','30',NULL,NULL),
(1096,1194,6,745,'2018-06-07','32766','A','15',NULL,NULL),
(1097,1190,6,63,'2018-06-07','32783','D','18',NULL,NULL),
(1098,1190,6,64,'2018-06-07','32783','D','36','2','1'),
(1099,1190,6,65,'2018-06-07','32783','D','98','2',NULL),
(1100,1190,6,744,'2018-06-07','32783','D','129','1','1'),
(1101,1190,6,66,'2018-06-07','32783','D','114','1',NULL),
(1102,1190,6,745,'2018-06-07','32783','D','38','2','2'),
(1103,1190,6,743,'2018-06-07','32775','B','1','1',NULL),
(1104,525,7,786,'2018-06-07','32576','C','66',NULL,'2'),
(1105,525,7,787,'2018-06-07','32576','C','110',NULL,'2'),
(1106,525,7,788,'2018-06-07','32576','C','257',NULL,'2'),
(1107,525,7,789,'2018-06-07','32576','C','231',NULL,NULL),
(1108,525,7,786,'2018-06-07','32574','B','11',NULL,NULL),
(1109,525,7,787,'2018-06-07','32574','B','90',NULL,NULL),
(1110,525,7,788,'2018-06-07','32574','B','292',NULL,NULL),
(1111,525,7,789,'2018-06-07','32574','B','365',NULL,NULL),
(1112,525,7,790,'2018-06-07','32574','B','198',NULL,NULL),
(1113,525,7,791,'2018-06-07','32574','B','140',NULL,NULL),
(1114,525,7,792,'2018-06-07','32574','B','71',NULL,NULL),
(1115,525,7,788,'2018-06-07','32570','A','1',NULL,NULL),
(1116,525,7,791,'2018-06-07','32570','A','2',NULL,NULL),
(1117,525,7,792,'2018-06-07','32570','A','2',NULL,NULL),
(1118,515,7,786,'2018-06-07','32718','A','2','1',NULL),
(1119,515,7,792,'2018-06-07','32718','A',NULL,'2',NULL),
(1120,515,7,793,'2018-06-07','32718','A','2','1',NULL),
(1121,515,7,794,'2018-06-07','32718','A','5','1',NULL),
(1122,1025,8,63,'2018-06-07','32686','A','59',NULL,NULL),
(1123,1025,8,64,'2018-06-07','32686','A','15',NULL,NULL),
(1124,1025,8,65,'2018-06-07','32686','A','222',NULL,NULL),
(1125,1025,8,744,'2018-06-07','32686','A','239',NULL,NULL),
(1126,932,8,64,'2018-06-07','32612','B','8',NULL,NULL),
(1127,932,8,65,'2018-06-07','32612','B','13',NULL,NULL),
(1128,932,8,744,'2018-06-07','32612','B','160',NULL,NULL),
(1129,932,8,66,'2018-06-07','32612','B','221',NULL,NULL),
(1130,932,8,745,'2018-06-07','32612','B','73',NULL,NULL),
(1131,378,9,63,'2018-06-07','32836','N','10',NULL,NULL),
(1132,378,9,65,'2018-06-07','32836','N','68','1',NULL),
(1133,378,9,744,'2018-06-07','32836','N','285',NULL,NULL),
(1134,378,9,66,'2018-06-07','32836','N','225','1',NULL),
(1135,378,9,745,'2018-06-07','32836','N','118',NULL,NULL),
(1136,387,9,65,'2018-06-07','32189','H','39',NULL,NULL),
(1137,387,9,744,'2018-06-07','32189','H','109','5','5'),
(1138,387,9,66,'2018-06-07','32189','H','130','2',NULL),
(1139,387,9,745,'2018-06-07','32189','H','74',NULL,NULL),
(1140,723,10,743,'2018-06-07','32754','F','36',NULL,NULL),
(1141,723,10,63,'2018-06-07','32754','F','69',NULL,NULL),
(1142,723,10,64,'2018-06-07','32754','F','274','3','4'),
(1143,723,10,65,'2018-06-07','32754','F','171','1',NULL),
(1144,723,10,744,'2018-06-07','32754','F','44','3','3'),
(1145,723,10,66,'2018-06-07','32754','F','123','2','3'),
(1146,723,10,745,'2018-06-07','32754','F','88','1',NULL),
(1147,723,10,66,'2018-06-07','32749','E','1',NULL,NULL),
(1148,723,10,745,'2018-06-07','32749','E','6',NULL,NULL),
(1149,723,10,63,'2018-06-07','32821','G','4','2',NULL),
(1150,723,10,65,'2018-06-07','32821','G',NULL,NULL,'1'),
(1151,723,10,744,'2018-06-07','32821','G','57','1','1'),
(1152,723,10,66,'2018-06-07','32821','G','46','1','1'),
(1153,723,10,745,'2018-06-07','32821','G','22','1','1'),
(1154,723,10,745,'2018-06-07','32746','C','11',NULL,NULL),
(1155,955,10,65,'2018-06-07','32661','C','70',NULL,NULL),
(1156,733,11,64,'2018-06-07','32511','A','122',NULL,NULL),
(1157,733,11,65,'2018-06-07','32511','A','148',NULL,NULL),
(1158,378,11,65,'2018-06-07','32838','','49',NULL,'10'),
(1159,378,11,744,'2018-06-07','32838','','237','6','52'),
(1160,378,11,66,'2018-06-07','32838','','210','6','20'),
(1161,378,11,745,'2018-06-07','32838','','102','6','10'),
(1162,378,11,65,'2018-06-07','32837','M','48',NULL,NULL),
(1163,378,11,744,'2018-06-07','32837','M','91',NULL,NULL),
(1164,378,11,66,'2018-06-07','32837','M','142',NULL,NULL),
(1165,378,11,745,'2018-06-07','32837','M','102',NULL,NULL),
(1166,867,12,745,'2018-06-07','32708','B','64',NULL,NULL),
(1167,860,12,64,'2018-06-07','32703','D','64','1','1'),
(1168,860,12,65,'2018-06-07','32703','D','88',NULL,NULL),
(1169,860,12,744,'2018-06-07','32703','D','100',NULL,'3'),
(1170,860,12,66,'2018-06-07','32703','D','19',NULL,NULL),
(1171,860,12,745,'2018-06-07','32703','D','26',NULL,NULL),
(1172,860,12,64,'2018-06-07','32701','C','180',NULL,NULL),
(1173,860,12,65,'2018-06-07','32701','C','270',NULL,NULL),
(1174,860,12,744,'2018-06-07','32701','C','360',NULL,NULL),
(1175,860,12,66,'2018-06-07','32701','C','180',NULL,NULL),
(1176,860,12,745,'2018-06-07','32701','C','90',NULL,NULL),
(1177,860,12,64,'2018-06-07','32699','B','30',NULL,NULL),
(1178,860,12,65,'2018-06-07','32699','B','4',NULL,NULL),
(1179,860,12,744,'2018-06-07','32699','B','6',NULL,NULL),
(1180,860,12,66,'2018-06-07','32699','B','56',NULL,NULL),
(1181,860,12,745,'2018-06-07','32699','B','23',NULL,NULL),
(1182,855,14,64,'2018-06-07','32546','B','219',NULL,NULL),
(1183,855,14,65,'2018-06-07','32546','B','301',NULL,NULL),
(1184,855,14,744,'2018-06-07','32546','B','179',NULL,NULL),
(1185,855,14,66,'2018-06-07','32546','B','40',NULL,NULL),
(1186,855,14,745,'2018-06-07','32546','B','54',NULL,NULL),
(1187,855,14,64,'2018-06-07','32538','A','57',NULL,NULL),
(1188,855,14,65,'2018-06-07','32538','A','57',NULL,NULL),
(1189,855,14,66,'2018-06-07','32538','A','228',NULL,NULL),
(1190,1060,14,64,'2018-06-07','32445','F','69','4',NULL),
(1191,1060,14,65,'2018-06-07','32445','F','170','8',NULL),
(1192,1060,14,744,'2018-06-07','32445','F','282',NULL,NULL),
(1193,1060,14,66,'2018-06-07','32445','F','127',NULL,NULL),
(1194,1060,14,744,'2018-06-07','32442','E','12',NULL,NULL),
(1195,1057,15,64,'2018-06-07','32729','F','233',NULL,NULL),
(1196,1057,15,63,'2018-06-07','32728','E','36',NULL,NULL),
(1197,1057,15,64,'2018-06-07','32728','E','156',NULL,NULL),
(1198,1057,15,65,'2018-06-07','32728','E','226',NULL,NULL),
(1199,1057,15,744,'2018-06-07','32728','E','99',NULL,NULL),
(1200,1057,15,66,'2018-06-07','32728','E','26',NULL,NULL),
(1201,1057,15,63,'2018-06-07','32723','D','100',NULL,NULL),
(1202,1057,15,64,'2018-06-07','32723','D','391',NULL,NULL),
(1203,1057,15,65,'2018-06-07','32723','D','590',NULL,NULL),
(1204,1057,15,744,'2018-06-07','32723','D','300',NULL,NULL),
(1205,1057,15,66,'2018-06-07','32723','D','100',NULL,NULL),
(1206,1057,15,63,'2018-06-07','32713','C','69',NULL,NULL),
(1207,1057,15,744,'2018-06-07','32713','C','12',NULL,NULL),
(1208,1057,15,66,'2018-06-07','32713','C','50',NULL,NULL),
(1209,1057,15,745,'2018-06-07','32713','C','74',NULL,NULL),
(1210,1021,16,63,'2018-06-07','32668','E','86',NULL,NULL),
(1211,1021,16,64,'2018-06-07','32668','E','128',NULL,NULL),
(1212,1021,16,65,'2018-06-07','32668','E','503',NULL,NULL),
(1213,1021,16,744,'2018-06-07','32668','E','404',NULL,NULL),
(1214,1021,16,66,'2018-06-07','32668','E','30',NULL,NULL),
(1215,1021,16,63,'2018-06-07','32666','D','30',NULL,NULL),
(1216,1021,16,64,'2018-06-07','32666','D','77',NULL,NULL),
(1217,1021,16,65,'2018-06-07','32666','D','76',NULL,NULL),
(1218,1021,16,744,'2018-06-07','32666','D','367',NULL,NULL),
(1219,1021,16,66,'2018-06-07','32666','D','202',NULL,NULL),
(1220,1021,16,745,'2018-06-07','32666','D','96',NULL,NULL),
(1221,1021,16,66,'2018-06-07','32665','C','4',NULL,NULL),
(1222,1021,16,745,'2018-06-07','32665','C','5',NULL,NULL);

/*Table structure for table `sewhourly` */

DROP TABLE IF EXISTS `sewhourly`;

CREATE TABLE `sewhourly` (
  `id` int(10) NOT NULL AUTO_INCREMENT,
  `line` int(10) DEFAULT NULL,
  `buyer` int(10) DEFAULT NULL,
  `orderid` int(10) DEFAULT NULL,
  `date` varchar(30) DEFAULT NULL,
  `qty` varchar(10) DEFAULT NULL,
  `sewer` varchar(10) DEFAULT NULL,
  `assistant` varchar(10) DEFAULT NULL,
  `n1` varchar(10) DEFAULT NULL,
  `n2` varchar(10) DEFAULT NULL,
  `n3` varchar(10) DEFAULT NULL,
  `n4` varchar(10) DEFAULT NULL,
  `n5` varchar(10) DEFAULT NULL,
  `n6` varchar(10) DEFAULT NULL,
  `n7` varchar(10) DEFAULT NULL,
  `n8` varchar(10) DEFAULT NULL,
  `n9` varchar(10) DEFAULT NULL,
  `n10` varchar(10) DEFAULT NULL,
  `n11` varchar(10) DEFAULT NULL,
  `n12` varchar(10) DEFAULT NULL,
  PRIMARY KEY (`id`)
) ENGINE=InnoDB AUTO_INCREMENT=293 DEFAULT CHARSET=utf8;

/*Data for the table `sewhourly` */

insert  into `sewhourly`(`id`,`line`,`buyer`,`orderid`,`date`,`qty`,`sewer`,`assistant`,`n1`,`n2`,`n3`,`n4`,`n5`,`n6`,`n7`,`n8`,`n9`,`n10`,`n11`,`n12`) values 
(1,6,23,8,'2018-05-04','2727',NULL,NULL,'120','105','155','285','210','','30','','','45','',''),
(2,4,24,8,'2018-05-04','2500',NULL,NULL,'230','160','230','205','150','','145','240','225','180','',''),
(3,6,23,8,'2018-05-04','2727',NULL,NULL,'120','105','155','285','210','','30','','','45','',''),
(6,6,23,8,'2018-05-04','2727',NULL,NULL,'120','105','155','285','210','','30','','','45','',''),
(7,4,23,8,'2018-05-04','1111',NULL,NULL,'','','','','','','','','','','',''),
(9,16,23,8,'2018-05-04','2000',NULL,NULL,'110','110','150','155','180','','200','180','170','200','',''),
(10,14,23,9,'2018-05-04','2000',NULL,NULL,'120','120','135','150','135','','130','140','140','140','',''),
(12,4,23,16,'2018-05-14','2500',NULL,NULL,'300','300','300','210','160','','245','215','200','140','191',''),
(13,6,23,16,'2018-05-14','2727',NULL,NULL,'140','220','185','160','295','','230','230','240','170','184',''),
(14,7,25,9,'2018-05-14','2000',NULL,NULL,'180','110','110','120','120','','135','100','120','140','245',''),
(15,8,24,9,'2018-05-14','2000',NULL,NULL,'145','180','160','150','140','','180','95','','15','47',''),
(16,9,23,8,'2018-05-14','1800',NULL,NULL,'155','190','180','170','120','','190','130','120','65','133',''),
(17,10,23,8,'2018-05-14','2727',NULL,NULL,'230','285','270','225','160','','220','230','320','230','281',''),
(18,11,23,8,'2018-05-13','1800',NULL,NULL,'145','160','105','140','145','190','','','','','',''),
(19,11,23,8,'2018-05-14','1800',NULL,NULL,'145','160','105','140','145','','190','200','225','170','148',''),
(20,12,24,23,'2018-05-14','1500',NULL,NULL,'120','80','90','125','120','','135','130','100','130','99',''),
(21,13,24,32,'2018-05-14','1400',NULL,NULL,'35','120','90','105','120','','95','135','105','120','80',''),
(22,14,25,12,'2018-05-14','2000',NULL,NULL,'180','125','115','125','80','','15','25','55','55','94',''),
(23,15,23,17,'2018-05-14','2000',NULL,NULL,'130','150','150','140','115','','210','180','190','180','257',''),
(24,16,23,17,'2018-05-14','2000',NULL,NULL,'140','190','200','210','200','','200','200','200','200','395',''),
(25,17,24,17,'2018-05-14','2000',NULL,NULL,'70','100','120','230','190','','240','160','215','160','180',''),
(26,4,23,16,'2018-05-15','2500',NULL,NULL,'200','210','200','180','165','','195','170','145','210','200',''),
(27,6,24,16,'2018-05-15','2000',NULL,NULL,'200','185','45','35','30','','30','40','35','80','65',''),
(28,7,25,9,'2018-05-15','2000',NULL,NULL,'110','120','110','110','145','','100','150','80','130','255',''),
(29,8,44,9,'2018-05-15','2000',NULL,NULL,'80','75','70','50','70','','85','55','80','105','95',''),
(30,9,23,8,'2018-05-15','1800',NULL,NULL,'150','100','120','90','100','','165','105','125','120','175',''),
(31,10,23,8,'2018-05-15','2727',NULL,NULL,'230','300','285','300','300','','235','215','240','225','260',''),
(32,11,23,8,'2018-05-15','1800',NULL,NULL,'180','190','130','180','150','','160','180','190','190','155',''),
(33,12,24,23,'2018-05-15','1500',NULL,NULL,'100','120','135','95','150','','70','150','120','160','115',''),
(34,13,24,32,'2018-05-15','1400',NULL,NULL,'90','115','70','90','110','','120','105','115','105','100',''),
(35,14,24,31,'2018-05-15','1500',NULL,NULL,'70','95','105','110','125','','115','125','130','105','85',''),
(36,15,23,17,'2018-05-15','2000',NULL,NULL,'150','120','200','180','180','','200','150','230','155','175',''),
(37,16,23,38,'2018-05-15','2000',NULL,NULL,'180','200','200','200','200','','200','145','','20','65',''),
(38,17,24,38,'2018-05-15','2000',NULL,NULL,'135','190','205','170','150','','190','180','120','55','35',''),
(39,5,23,16,'2018-05-16','2750',NULL,NULL,'200','210','235','225','200','','210','220','180','195','165','173'),
(40,6,23,16,'2018-05-16','2000',NULL,NULL,'40','','','5','20','','80','90','75','70','40','80'),
(41,7,24,22,'2018-05-16','2000',NULL,NULL,'155','180','195','185','235','','215','205','150','200','210','102'),
(42,8,44,22,'2018-05-16','2200',NULL,NULL,'85','110','80','60','140','','155','125','100','125','180','194'),
(43,9,23,8,'2018-05-16','1900',NULL,NULL,'135','145','130','120','115','','125','110','125','125','150','148'),
(44,10,23,8,'2018-05-16','3000',NULL,NULL,'80','230','235','250','160','','220','270','230','160','124',''),
(45,11,23,8,'2018-05-16','1900',NULL,NULL,'170','200','190','180','175','','200','180','130','155','115','160'),
(46,12,24,23,'2018-05-16','1650',NULL,NULL,'105','140','115','120','100','','110','80','110','95','120','95'),
(47,13,24,32,'2018-05-16','1400',NULL,NULL,'120','110','115','105','160','','','','','','','21'),
(48,14,24,31,'2018-05-16','1650',NULL,NULL,'130','95','100','95','115','','130','165','130','135','125','100'),
(49,15,23,17,'2018-05-16','2200',NULL,NULL,'165','180','160','190','200','','170','155','210','170','190','213'),
(50,16,23,17,'2018-05-16','2200',NULL,NULL,'190','180','195','155','170','','190','180','150','180','190','162'),
(51,17,23,17,'2018-05-16','2200',NULL,NULL,'65','40','110','90','135','','165','155','140','155','35',''),
(52,5,23,16,'2018-05-17','2750',NULL,NULL,'280','210','210','135','240','','175','180','65','105','180','179'),
(53,6,23,16,'2018-05-17','2750',NULL,NULL,'60','65','45','55','75','','75','80','70','60','65','75'),
(54,7,24,22,'2018-05-17','2200',NULL,NULL,'165','220','160','155','165','','170','140','130','110','140','54'),
(55,8,44,22,'2018-05-17','2200',NULL,NULL,'220','200','205','200','195','','200','120','75','95','150','128'),
(56,9,23,8,'2018-05-17','1900',NULL,NULL,'160','155','95','150','135','','130','110','130','165','150','148'),
(57,10,23,14,'2018-05-17','3000',NULL,NULL,'90','90','140','160','140','','120','160','130','120','120','105'),
(58,11,23,8,'2018-05-17','1900',NULL,NULL,'110','125','135','145','135','','165','155','155','140','150','147'),
(59,12,24,23,'2018-05-17','1650',NULL,NULL,'100','75','130','120','140','','120','110','100','115','125','115'),
(60,13,24,25,'2018-05-17','1100',NULL,NULL,'50','80','90','60','95','','130','120','75','70','60',''),
(61,14,24,25,'2018-05-17','1650',NULL,NULL,'105','130','115','115','100','','110','115','125','135','135','104'),
(62,15,23,17,'2018-05-17','2200',NULL,NULL,'150','150','150','170','175','','200','130','180','170','170','173'),
(63,16,23,17,'2018-05-17','2200',NULL,NULL,'140','120','160','200','170','','200','190','170','190','200','145'),
(64,17,23,17,'2018-05-17','2400',NULL,NULL,'110','175','215','145','175','','160','165','160','135','185','128'),
(65,5,23,16,'2018-05-18','2500',NULL,NULL,'200','210','230','220','185','','205','215','70','','43',''),
(66,6,23,16,'2018-05-18','1820',NULL,NULL,'75','60','80','100','80','','100','100','115','95','107',''),
(67,7,24,22,'2018-05-18','2000',NULL,NULL,'60','60','80','110','105','','30','80','70','115','96',''),
(68,8,25,8,'2018-05-18','2000',NULL,NULL,'185','155','160','145','170','','195','140','175','185','187',''),
(69,9,23,8,'2018-05-18','1727',NULL,NULL,'125','140','155','125','105','','130','130','145','120','164',''),
(70,10,23,8,'2018-05-18','2727',NULL,NULL,'120','120','140','180','180','','140','160','120','210','190',''),
(71,11,23,8,'2018-05-18','1727',NULL,NULL,'140','155','165','165','150','','125','130','145','160','97',''),
(72,12,24,23,'2018-05-18','1500',NULL,NULL,'115','90','75','100','92','','130','100','100','150','165',''),
(73,13,24,25,'2018-05-18','1000',NULL,NULL,'90','80','75','55','65','','60','80','100','95','65',''),
(74,14,24,17,'2018-05-18','1500',NULL,NULL,'100','110','120','130','150','','150','155','145','135','126',''),
(75,15,23,17,'2018-05-18','2000',NULL,NULL,'170','155','195','170','180','','180','180','175','110','156',''),
(76,16,23,17,'2018-05-18','2000',NULL,NULL,'150','165','180','190','160','','190','200','185','170','146',''),
(77,17,23,49,'2018-05-18','2182',NULL,NULL,'125','215','220','165','130','','160','155','220','270','236',''),
(79,5,44,19,'2018-05-21','2200',NULL,NULL,'60','75','105','140','170','','130','80','85','135','165','170'),
(80,6,23,19,'2018-05-21','2750',NULL,NULL,'180','120','220','260','295','','335','280','280','280','280','200'),
(81,7,23,50,'2018-05-21','3000',NULL,NULL,'115','150','180','150','150','','180','210','235','200','210','220'),
(82,8,24,26,'2018-05-21','2000',NULL,NULL,'35','130','155','130','150','','180','120','115','120','195','107'),
(83,9,23,8,'2018-05-21','1900',NULL,NULL,'115','140','150','165','170','','200','155','190','160','170','135'),
(84,10,23,8,'2018-05-21','3000',NULL,NULL,'120','160','220','210','140','','115','150','130','160','160','152'),
(85,11,23,8,'2018-05-21','1900',NULL,NULL,'100','120','140','135','165','','160','180','170','170','150','105'),
(86,12,24,23,'2018-05-21','1650',NULL,NULL,'60','80','95','75','90','','100','100','100','100','100','157'),
(87,13,24,25,'2018-05-21','1100',NULL,NULL,'50','65','80','75','100','','140','95','120','80','125','107'),
(88,14,24,52,'2018-05-21','1650',NULL,NULL,'105','145','170','165','145','','155','165','135','140','145','136'),
(89,15,23,17,'2018-05-21','2200',NULL,NULL,'95','130','140','170','180','','200','175','150','185','200','207'),
(90,16,23,17,'2018-05-21','2200',NULL,NULL,'115','145','125','145','120','','190','200','200','200','200','212'),
(91,17,23,49,'2018-05-21','1800',NULL,NULL,'70','125','125','120','135','','160','115','115','135','150','103'),
(92,5,44,19,'2018-05-22','2200',NULL,NULL,'240','195','170','195','235','','160','245','130','220','230','146'),
(93,6,23,33,'2018-05-22','2750',NULL,NULL,'210','230','225','230','220','','230','240','210','200','185','182'),
(94,7,23,50,'2018-05-22','3000',NULL,NULL,'100','150','180','200','180','','190','160','235','200','225','192'),
(95,8,24,26,'2018-05-22','2200',NULL,NULL,'115','85','30','75','85','','125','85','50','100','145','77'),
(96,9,23,8,'2018-05-22','1900',NULL,NULL,'110','150','140','140','165','','190','200','185','160','200','173'),
(97,10,23,8,'2018-05-22','3000',NULL,NULL,'140','150','195','220','195','','260','275','260','270','235','183'),
(98,11,23,8,'2018-05-22','1900',NULL,NULL,'150','175','180','200','180','','180','145','150','175','150','150'),
(99,12,24,23,'2018-05-22','1650',NULL,NULL,'105','150','150','100','100','','100','90','120','135','150','244'),
(100,13,24,25,'2018-05-22','1650',NULL,NULL,'100','105','115','110','120','','90','120','120','110','95','109'),
(101,14,24,52,'2018-05-22','1650',NULL,NULL,'130','150','95','115','95','','150','160','125','155','165','152'),
(102,15,23,17,'2018-05-22','2200',NULL,NULL,'140','195','170','140','160','','170','175','180','180','150','114'),
(103,16,23,17,'2018-05-22','2200',NULL,NULL,'185','180','190','200','190','','200','165','190','185','180','148'),
(104,17,23,49,'2018-05-22','2750',NULL,NULL,'95','80','110','130','145','','200','200','210','200','200','157'),
(105,4,23,58,'2018-05-24','1000',NULL,NULL,'55','50','40','20','45','','55','80','110','70','85','58'),
(119,5,23,59,'2018-05-24','3000',NULL,NULL,'230','150','200','235','250','','175','170','220','230','255','217'),
(120,6,23,33,'2018-05-24','2750',NULL,NULL,'200','200','230','260','220','','250','290','240','230','260','249'),
(121,7,23,50,'2018-05-24','3000',NULL,NULL,'140','170','190','155','195','','210','190','130','190','210','164'),
(122,8,25,50,'2018-05-24','500',NULL,NULL,'100','30','10','20','25','','25','35','20','','25','51'),
(123,9,23,44,'2018-05-24','1900',NULL,NULL,'120','120','110','210','180','','150','160','140','105','140','162'),
(124,10,23,44,'2018-05-24','3000',NULL,NULL,'180','160','220','300','140','','300','250','250','160','160','211'),
(125,11,23,44,'2018-05-24','1900',NULL,NULL,'140','160','160','145','130','','125','160','125','160','170','108'),
(126,12,24,23,'2018-05-24','1650',NULL,NULL,'100','100','100','120','120','','120','140','155','180','190','179'),
(127,13,24,25,'2018-05-24','1400',NULL,NULL,'120','130','130','125','135','','140','140','140','120','115','109'),
(128,14,24,52,'2018-05-24','1900',NULL,NULL,'125','165','160','165','150','','160','155','150','145','130','123'),
(131,15,23,40,'2018-05-24','2200',NULL,NULL,'170','200','200','200','200','','160','220','220','200','200','207'),
(132,16,23,38,'2018-05-24','2200',NULL,NULL,'100','165','170','200','150','','150','140','180','180','200','283'),
(133,17,23,49,'2018-05-24','2750',NULL,NULL,'115','200','180','190','135','','130','175','165','155','150','216'),
(134,4,23,58,'2018-05-25','1000',NULL,NULL,'50','75','65','80','90','','70','75','95','100','98',''),
(135,5,23,59,'2018-05-25','2727',NULL,NULL,'220','240','230','210','240','','195','205','260','235','187',''),
(136,6,23,33,'2018-05-25','2500',NULL,NULL,'220','320','300','220','240','','240','205','200','220','229',''),
(137,7,23,50,'2018-05-25','2727',NULL,NULL,'120','160','190','200','200','','210','225','210','190','150',''),
(138,8,25,50,'2018-05-25','1200',NULL,NULL,'60','90','80','50','95','','70','85','85','85','76',''),
(139,9,23,44,'2018-05-25','1725',NULL,NULL,'95','165','173','200','160','','130','90','180','125','350',''),
(140,10,23,44,'2018-05-25','2727',NULL,NULL,'120','160','300','200','285','','200','160','220','120','176',''),
(141,11,23,44,'2018-05-25','1725',NULL,NULL,'160','190','180','180','160','','180','125','135','140','283',''),
(142,12,24,23,'2018-05-25','1500',NULL,NULL,'125','125','150','110','155','','140','70','130','150','163',''),
(143,13,24,25,'2018-05-25','1273',NULL,NULL,'140','95','160','145','145','','160','160','160','140','85',''),
(144,14,24,52,'2018-05-25','1727',NULL,NULL,'135','160','195','200','185','','200','190','200','200','65',''),
(145,15,23,40,'2018-05-25','2300',NULL,NULL,'45','180','220','180','215','','225','200','200','240','265',''),
(146,16,23,38,'2018-05-25','2000',NULL,NULL,'130','190','200','200','200','','200','200','200','200','257',''),
(147,17,23,38,'2018-05-25','2750',NULL,NULL,'190','180','150','120','200','','130','145','180','195','160',''),
(148,4,23,58,'2018-05-28','1500',NULL,NULL,'70','105','99','75','100','','145','145','160','165','150','130'),
(149,5,23,59,'2018-05-28','3000',NULL,NULL,'280','185','185','210','135','','105','55','155','135','80','159'),
(150,6,23,33,'2018-05-28','2750',NULL,NULL,'220','260','240','220','240','','210','240','250','270','280','309'),
(151,7,23,50,'2018-05-28','3000',NULL,NULL,'170','210','190','285','285','','378','190','200','190','210','285'),
(152,8,25,50,'2018-05-28','1320',NULL,NULL,'75','85','60','55','65','','80','90','70','80','95','101'),
(153,9,23,50,'2018-05-28','1900',NULL,NULL,'70','200','160','150','80','','180','160','180','170','170','114'),
(154,10,23,50,'2018-05-28','3000',NULL,NULL,'140','250','220','240','200','','250','140','200','220','220','211'),
(155,11,23,44,'2018-05-28','1900',NULL,NULL,'165','180','170','190','200','','180','200','200','200','125','134'),
(156,12,24,23,'2018-05-28','1650',NULL,NULL,'80','120','130','160','135','','114','112','120','120','130','117'),
(157,13,24,25,'2018-05-28','1400',NULL,NULL,'150','150','150','150','150','','150','150','120','120','120','126'),
(158,14,24,52,'2018-05-28','1900',NULL,NULL,'165','180','190','155','160','','180','160','170','145','160','133'),
(159,15,23,36,'2018-05-28','2530',NULL,NULL,'185','200','200','200','200','','270','270','240','220','280','281'),
(160,16,23,38,'2018-05-28','1850',NULL,NULL,'140','190','200','200','180','','','80','180','150','78','74'),
(161,17,23,38,'2018-05-28','2750',NULL,NULL,'120','210','210','180','200','','200','200','175','180','180','186'),
(162,4,23,34,'2018-05-29','1800',NULL,NULL,'140','175','180','85','140','','140','145','170','130','75','20'),
(163,5,23,59,'2018-05-29','3000',NULL,NULL,'35','65','135','170','155','','270','205','250','265','320','278'),
(164,6,23,33,'2018-05-29','2200',NULL,NULL,'220','200','180','200','155','','120','170','190','188','',''),
(165,7,23,50,'2018-05-29','2700',NULL,NULL,'225','275','220','180','200','','220','200','170','170','245','29'),
(166,8,25,68,'2018-05-29','1320',NULL,NULL,'90','90','95','80','90','','80','75','85','80','100','112'),
(167,9,23,44,'2018-05-29','1900',NULL,NULL,'145','145','140','130','180','','170','190','200','150','180','157'),
(168,10,23,44,'2018-05-29','3000',NULL,NULL,'160','240','300','240','200','','240','330','260','190','245','193'),
(169,11,23,44,'2018-05-29','1900',NULL,NULL,'170','200','190','160','125','','200','200','200','200','200','142'),
(170,12,24,23,'2018-05-29','1650',NULL,NULL,'110','110','140','140','140','','160','160','150','130','130','126'),
(171,13,24,25,'2018-05-29','1400',NULL,NULL,'140','160','140','140','140','','140','140','140','140','140','153'),
(172,14,24,52,'2018-05-29','1900',NULL,NULL,'115','140','110','160','150','','150','175','190','160','150','153'),
(173,15,23,36,'2018-05-29','2530',NULL,NULL,'210','220','240','240','240','','240','275','240','240','240','299'),
(174,16,24,42,'2018-05-29','1100',NULL,NULL,'90','60','90','105','132','','115','80','134','101','115','95'),
(175,17,23,49,'2018-05-29','2750',NULL,NULL,'210','200','185','210','185','','190','200','190','200','190','183'),
(176,4,23,58,'2018-05-30','2000','','','160','185','180','145','140','','180','155','145','140','165','134'),
(177,5,23,59,'2018-05-30','3000','','','210','185','270','240','305','','280','240','255','240','190','207'),
(178,6,23,35,'2018-05-30','2200','','','55','45','140','170','120','','140','80','110','170','180','130'),
(179,7,25,11,'2018-05-30','2200','','','85','145','155','140','175','','160','125','130','179','170','138'),
(180,8,25,68,'2018-05-30','1320','','','105','80','85','80','90','','100','90','65','90','60','33'),
(181,9,23,44,'2018-05-30','1900','','','170','160','155','190','140','','155','135','180','170','170','150'),
(182,10,23,44,'2018-05-30','3000','','','120','250','227','205','200','','335','255','295','290','235','207'),
(183,11,23,44,'2018-05-30','1900','','','190','200','200','200','200','','200','200','200','180','190','151'),
(184,12,24,23,'2018-05-30','1650','','','145','170','145','150','160','','160','135','130','130','160','150'),
(185,13,24,25,'2018-05-30','1500','','','155','122','150','165','150','','150','153','150','150','155','80'),
(186,14,24,52,'2018-05-30','1900','','','150','170','180','200','200','','200','175','200','200','190','201'),
(187,15,23,36,'2018-05-30','2530','','','270','240','230','240','240','','240','240','240','265','240','218'),
(188,16,24,24,'2018-05-30','1300','','','','64','120','100','105','','105','120','125','130','105','164'),
(189,17,23,49,'2018-05-23','2750',NULL,NULL,'190','165','','','','','','','','','',''),
(190,17,23,49,'2018-05-30','2750','','','190','165','190','200','175','','180','155','140','160','220','174'),
(191,4,23,34,'2018-05-31','2000','22','2','140','170','185','130','125','','155','100','100','115','120','91'),
(192,5,23,59,'2018-05-31','3000','17','3','205','205','250','240','220','','180','135','110','100','215','258'),
(193,6,23,35,'2018-05-31','2200','18','5','160','160','190','150','120','','180','200','140','240','220','177'),
(194,7,25,11,'2018-05-31','2200','20','4','130','200','210','235','210','','220','225','180','150','220','185'),
(195,8,23,18,'2018-05-31','2200','19','6','55','105','135','135','145','','145','175','155','125','165','128'),
(196,9,23,44,'2018-05-31','1900','19','7','170','200','200','200','175','','200','165','150','200','200','80'),
(197,10,23,44,'2018-05-31','3000','20','6','230','200','225','210','150','','190','180','170','180','265','220'),
(198,11,23,44,'2018-05-31','1900','21','10','185','190','200','190','200','','200','200','190','200','245','157'),
(199,12,24,23,'2018-05-31','1650','26','6','140','150','145','150','150','','155','140','130','120','150','160'),
(200,13,24,25,'2018-05-31','1500','36','6','135','135','140','140','140','','160','160','160','160','155','115'),
(201,14,24,52,'2018-05-31','1900','29','5','170','200','200','200','180','','200','200','170','66','55','89'),
(202,15,23,18,'2018-05-31','2200','24','6','180','210','200','200','160','','180','200','200','200','170','255'),
(203,16,24,18,'2018-05-31','1300','27','6','90','125','115','120','120','','130','130','140','130','130','145'),
(204,17,23,49,'2018-05-31','2750','14','6','125','220','230','230','220','','145','190','220','240','295','366'),
(205,4,23,34,'2018-06-01','2000','20','2','140','115','120','100','120','','135','140','165','125','129',''),
(206,5,23,34,'2018-06-01','2500','17','3','265','220','200','100','190','','190','140','160','150','107',''),
(207,6,23,35,'2018-06-01','2900','20','5','220','240','220','225','335','','230','330','285','300','455',''),
(208,7,25,11,'2018-06-01','2200','20','4','110','180','190','180','210','','200','240','225','210','148',''),
(209,8,23,18,'2018-06-01','2200','19','6','155','95','100','135','145','','130','170','150','155','142',''),
(210,9,23,18,'2018-06-01','1900','19','7','200','200','200','200','200','','200','200','170','125','150',''),
(211,10,23,50,'2018-06-01','2800','20','6','150','200','300','300','215','','160','200','300','275','248',''),
(212,11,23,44,'2018-06-01','1900','22','10','170','200','170','180','190','','200','190','180','200','185',''),
(213,12,24,23,'2018-06-01','1650','25','6','130','140','140','110','125','','135','125','120','115','60',''),
(214,13,24,25,'2018-06-01','1500','37','6','130','125','135','115','140','','135','140','140','140','166',''),
(215,14,25,25,'2018-06-01','1800','28','5','125','150','170','100','145','','140','125','135','110','86',''),
(216,15,23,18,'2018-06-01','2200','24','6','160','240','200','200','190','','180','200','200','215','261',''),
(217,16,25,57,'2018-06-01','1300','27','6','90','44','85','140','155','','180','180','190','89','97',''),
(218,17,23,49,'2018-06-01','2500','14','6','170','190','220','200','190','','210','220','190','230','226',''),
(219,5,25,11,'2018-06-02','600','26','4','210','140','150','76','','','','','','','',''),
(220,4,23,50,'2018-06-04','2200','19','3','70','110','150','150','150','','135','140','140','150','158',''),
(221,5,25,50,'2018-06-04','2000','17','3','30','60','70','60','85','','115','95','130','110','109',''),
(222,6,23,50,'2018-06-04','2700','18','3','20','150','170','180','200','','180','190','180','170','193',''),
(223,7,25,66,'2018-06-04','2200','24','2','10','65','130','130','150','','180','150','150','170','148',''),
(224,8,23,18,'2018-06-04','2000','23','6','175','240','195','175','160','','200','195','220','230','142',''),
(225,9,23,44,'2018-06-04','1900','22','7','120','190','180','200','190','','200','200','240','280','107',''),
(226,10,23,44,'2018-06-04','2800','20','6','120','230','230','240','275','','280','230','250','240','207',''),
(227,11,23,44,'2018-06-04','1900','20','10','125','200','160','200','220','','220','215','205','210','230',''),
(228,12,24,23,'2018-06-04','1500','23','6','50','110','150','150','100','','160','150','130','100','104',''),
(229,13,24,77,'2018-06-04','1500','37','4','135','130','140','150','140','','135','125','135','110','92',''),
(230,14,25,76,'2018-06-04','2200','25','5','85','145','120','180','140','','200','150','160','140','163',''),
(231,15,23,18,'2018-06-04','1900','18','6','150','190','180','200','150','','35','145','90','115','186',''),
(232,16,25,69,'2018-06-04','1900','27','4','80','120','115','145','155','','90','115','140','150','193',''),
(233,17,23,49,'2018-06-04','2200','25','4','210','170','165','220','190','','170','190','190','230','220',''),
(234,4,23,50,'2018-06-05','2200','18','4','150','180','125','150','135','','180','200','200','180','151',''),
(235,5,25,50,'2018-06-05','1800','17','4','120','125','130','170','150','','180','180','145','75','125',''),
(236,6,23,80,'2018-06-05','2700','17','5','240','240','220','210','220','','270','280','305','280','247',''),
(237,7,25,66,'2018-06-05','2200','22','4','160','160','130','170','200','','140','180','160','180','140',''),
(238,8,25,18,'2018-06-05','2000','21','7','200','175','145','210','190','','175','200','185','190','130',''),
(239,9,23,44,'2018-06-05','1900','22','8','180','230','200','230','200','','200','200','200','200','163',''),
(240,10,23,44,'2018-06-05','2800','19','6','298','275','250','230','232','','290','225','230','230','228',''),
(241,11,23,44,'2018-06-05','1900','20','9','190','225','200','215','270','','222','210','220','217','109',''),
(242,12,24,23,'2018-06-05','1500','24','6','150','175','125','120','140','','140','140','40','70','120',''),
(243,13,24,25,'2018-06-05','1500','36','5','150','145','135','120','150','','150','115','140','150','110',''),
(244,14,25,76,'2018-06-05','2200','26','5','140','205','200','190','145','','195','210','210','200','210',''),
(245,15,23,39,'2018-06-05','2300','18','6','170','220','240','220','190','','240','135','180','230','271',''),
(246,16,23,74,'2018-06-05','2200','26','6','125','120','120','120','120','','170','220','220','260','335',''),
(248,17,23,49,'2018-06-05','2200','20','4','210','240','190','200','180','','170','110','105','180','92',''),
(249,4,23,50,'2018-06-06','2500','20','5','150','200','200','190','230','','270','230','245','215','151',''),
(250,5,25,73,'2018-06-06','2200','18','3','150','125','160','140','135','','45','70','90','115','123',''),
(251,6,23,80,'2018-06-06','2700','17','4','220','220','260','240','240','','240','230','240','240','201',''),
(252,7,23,47,'2018-06-06','2500','22','4','120','30','150','180','180','','200','210','120','170','156',''),
(253,8,25,67,'2018-06-06','2200','21','7','125','110','130','150','180','','145','200','135','180','115',''),
(254,9,23,44,'2018-06-06','1900','22','8','180','200','200','200','200','','120','200','190','200','172',''),
(255,10,23,44,'2018-06-06','2500','19','6','120','160','160','160','170','','345','230','240','250','225',''),
(256,11,23,44,'2018-06-06','1900','20','9','200','200','200','210','200','','200','200','205','180','132',''),
(257,12,25,44,'2018-06-06','1500','24','6','120','145','140','155','150','','160','140','140','150','99',''),
(258,13,24,77,'2018-06-06','1500','36','5','130','135','140','150','150','','160','160','160','160','161',''),
(259,14,25,76,'2018-06-06','2200','26','5','190','225','205','215','220','','255','240','260','240','222',''),
(260,15,23,39,'2018-06-06','2800','18','6','220','250','260','250','230','','290','265','150','140','170',''),
(261,16,23,74,'2018-06-06','2200','26','6','165','200','200','200','200','','170','200','200','185','215',''),
(262,17,24,74,'2018-06-06','2400','20','4','150','225','210','180','210','','230','145','165','205','165',''),
(263,4,23,50,'2018-06-07','2500','20','5','220','220','135','165','21','','','','','','',''),
(264,5,25,73,'2018-06-07','2200','18','4','150','190','160','155','155','','170','180','150','145','167',''),
(265,6,23,80,'2018-06-07','2700','17','5','240','210','240','260','280','','280','240','260','240','212',''),
(266,7,23,47,'2018-06-07','2500','22','5','245','210','195','165','155','','170','240','275','190','',''),
(267,8,25,67,'2018-06-07','2200','16','3','200','120','130','40','3','','','','','','',''),
(268,9,23,67,'2018-06-07','1900','20','8','160','160','120','190','230','','130','','','','68',''),
(269,10,23,50,'2018-06-07','2500','19','6','250','310','285','210','195','','180','240','190','140','106',''),
(270,11,23,44,'2018-06-07','1900','20','8','120','125','150','170','215','','120','20','75','115','141',''),
(271,12,25,62,'2018-06-07','1500','23','7','155','140','150','135','160','','165','140','175','170','170',''),
(272,13,24,77,'2018-06-07','1500','33','6','150','150','150','150','145','','175','170','140','190','120',''),
(273,14,24,60,'2018-06-07','2200','24','5','190','230','210','35','115','','180','185','230','210','210',''),
(274,15,23,39,'2018-06-07','2800','18','6','250','265','160','300','300','','240','285','305','170','187',''),
(275,16,23,74,'2018-06-07','2200','28','6','165','190','200','200','200','','205','200','200','200','248',''),
(276,17,24,74,'2018-06-07','2400','25','5','190','230','220','220','160','','160','230','160','220','248',''),
(277,8,23,74,'2018-06-07','','','','','','','','37','','60','70','80','165','105',''),
(278,4,24,64,'2018-06-07','','','','','','','','19','','120','105','85','190','215',''),
(279,4,24,64,'2018-06-08','2700','18','1','125','110','160','150','140','','135','165','180','145','',''),
(280,5,25,73,'2018-06-08','2200','17','5','45','140','175','160','160','','190','110','210','250','',''),
(281,6,23,80,'2018-06-08','2700','17','5','260','230','215','315','250','','280','230','160','280','',''),
(282,7,23,47,'2018-06-08','2500','20','4','160','200','150','75','165','','165','130','110','165','',''),
(283,8,23,74,'2018-06-08','2200','28','6','145','105','115','140','135','','125','80','100','155','',''),
(284,9,23,39,'2018-06-08','2600','20','5','45','45','60','75','50','','70','30','45','65','',''),
(285,10,24,64,'2018-06-08','2700','19','5','105','170','180','200','130','','210','250','205','140','',''),
(286,11,24,51,'2018-06-08','2200','20','9','140','160','165','150','145','','135','125','150','170','',''),
(287,12,25,62,'2018-06-08','1500','22','6','63','150','125','130','160','','170','140','125','10','',''),
(288,13,24,77,'2018-06-08','1500','33','6','145','150','150','150','150','','150','150','145','150','',''),
(289,14,24,60,'2018-06-08','2200','26','5','180','215','225','240','240','','240','240','235','220','',''),
(290,15,23,39,'2018-06-08','2800','18','6','235','260','210','250','230','','250','180','240','280','',''),
(291,16,23,74,'2018-06-08','2200','28','6','160','200','200','200','200','','200','200','200','200','',''),
(292,17,24,54,'2018-06-08','2200','19','4','142','50','95','160','160','','170','140','140','160','','');

/*Table structure for table `shipment` */

DROP TABLE IF EXISTS `shipment`;

CREATE TABLE `shipment` (
  `id` int(10) NOT NULL AUTO_INCREMENT,
  `orderid` int(10) DEFAULT NULL,
  `po` varchar(30) DEFAULT NULL,
  `color` varchar(30) DEFAULT NULL,
  `date` varchar(30) DEFAULT NULL,
  `size1` varchar(30) DEFAULT NULL,
  `size2` varchar(30) DEFAULT NULL,
  `size3` varchar(30) DEFAULT NULL,
  `size4` varchar(30) DEFAULT NULL,
  `size5` varchar(30) DEFAULT NULL,
  `size6` varchar(30) DEFAULT NULL,
  `size7` varchar(30) DEFAULT NULL,
  `size8` varchar(30) DEFAULT NULL,
  `size9` varchar(30) DEFAULT NULL,
  `size10` varchar(30) DEFAULT NULL,
  PRIMARY KEY (`id`)
) ENGINE=InnoDB AUTO_INCREMENT=53 DEFAULT CHARSET=utf8;

/*Data for the table `shipment` */

insert  into `shipment`(`id`,`orderid`,`po`,`color`,`date`,`size1`,`size2`,`size3`,`size4`,`size5`,`size6`,`size7`,`size8`,`size9`,`size10`) values 
(1,38,'326','C0572','2018-05-22','0','283','827','1337','1062','494','226','131','0','0'),
(2,38,'330','C0517','2018-05-23','6','504','921','1156','970','455','256','0','0','0'),
(4,52,'1095','GREEN CAMO','2018-05-29','','769','943','826','422','40','','','',''),
(5,23,'1253','IMPALA / TRUE WHITE','2018-06-29','','1307','1569','1388','730','296','','','',''),
(8,34,'275','C0633','2018-05-25','10','20','30','20','10','10','','','',''),
(11,44,'378','C0657','2018-05-29','','12','','','','','','','',''),
(22,23,'1261','PITCH BLACK / TRUE WHITE','2018-05-29','','123','','','','','','','',''),
(23,23,'1260','PITCH BLACK / TRUE WHITE','2018-05-23','','6','8','7','4','','','','',''),
(24,23,'1252','IMPALA / TRUE WHITE','2018-05-23','','6','8','7','4','','','','',''),
(25,52,'1094','GREEN CAMO','2018-05-23','','5','7','7','3','2','','','',''),
(26,26,'246','GREEN CAMO','2018-05-29','43','199','359','334','185','80','','','',''),
(27,50,'704','SHALE BLUE','2018-05-04','','6','12','15','12','5','2','','',''),
(28,50,'705','BRICK RED','2018-05-04','','5','11','14','11','5','2','','',''),
(29,50,'707','LODEN GREEN','2018-05-04','','5','9','12','10','4','2','','',''),
(30,50,'706','BRICK RED','2018-05-04','','6','12','15','12','5','2','','',''),
(31,56,'825','WARM CEDAR','2018-05-04','','2','4','7','6','3','2','','',''),
(32,56,'826','LODEN GREEN','2018-05-04','','1','3','5','4','2','1','','',''),
(33,13,'43','C0019','2018-05-05','','','3','9','6','4','1','','',''),
(34,13,'44','C0019','2018-05-05','','','7','13','19','13','8','','',''),
(35,56,'813','BLACK','2018-05-05','','123','105','204','188','70','','','',''),
(36,56,'814','WHITE','2018-05-05','','135','137','127','66','','','','',''),
(37,56,'815','HTHR GREY','2018-05-05','','141','99','140','175','90','','','',''),
(38,56,'816','NAVY','2018-05-05','','120','96','186','140','88','','','',''),
(39,56,'817','FADED LAVENDER','2018-05-05','','118','64','126','115','','','','',''),
(40,56,'818','CRIMSON MAPLE','2018-05-05','','113','84','140','140','78','','','',''),
(41,56,'820','LODEN GREEN','2018-05-05','7','199','401','693','661','304','218','','',''),
(42,56,'821','BLACK','2018-05-05','4','100','262','450','412','204','107','','',''),
(43,56,'822','WHITE','2018-05-05','4','97','254','434','398','197','104','','',''),
(44,56,'823','HTHR GREY','2018-05-05','4','78','204','348','320','159','84','','',''),
(45,56,'824','NAVY','2018-05-05','4','72','187','318','293','145','76','','',''),
(46,50,'708','SHALE BLUE','2018-05-06','7','681','1529','2232','1884','817','408','','',''),
(47,50,'709','LODEN GREEN','2018-05-06','5','565','923','1168','1102','348','221','','',''),
(48,50,'710','BLACK','2018-05-06','','59','221','421','429','230','116','39','',''),
(49,50,'712','HTHR GREY','2018-05-06','','51','188','359','1085','197','100','33','',''),
(50,50,'713','NAVY','2018-05-06','','48','179','342','348','187','94','32','',''),
(51,50,'714','PINK','2018-05-06','','41','155','296','302','162','81','28','',''),
(52,50,'715','DEEP TWILIGHT','2018-05-06','','35','131','250','255','137','69','23','','');

/*Table structure for table `sizegroup` */

DROP TABLE IF EXISTS `sizegroup`;

CREATE TABLE `sizegroup` (
  `id` int(10) NOT NULL AUTO_INCREMENT,
  `code` varchar(30) NOT NULL,
  `name` varchar(30) DEFAULT NULL,
  `customer` int(10) DEFAULT NULL,
  `size1` int(10) DEFAULT NULL,
  `size2` int(10) DEFAULT NULL,
  `size3` int(10) DEFAULT NULL,
  `size4` int(10) DEFAULT NULL,
  `size5` int(10) DEFAULT NULL,
  `size6` int(10) DEFAULT NULL,
  `size7` int(10) DEFAULT NULL,
  `size8` int(10) DEFAULT NULL,
  `size9` int(10) DEFAULT NULL,
  `size10` int(10) DEFAULT NULL,
  `status` smallint(1) DEFAULT '1',
  `created_at` timestamp NOT NULL DEFAULT CURRENT_TIMESTAMP,
  PRIMARY KEY (`id`)
) ENGINE=InnoDB AUTO_INCREMENT=43 DEFAULT CHARSET=utf8;

/*Data for the table `sizegroup` */

insert  into `sizegroup`(`id`,`code`,`name`,`customer`,`size1`,`size2`,`size3`,`size4`,`size5`,`size6`,`size7`,`size8`,`size9`,`size10`,`status`,`created_at`) values 
(8,'XXXS-XXL','XXXS-XXL',23,743,63,64,65,744,66,745,746,-1,-1,1,'2018-05-05 00:36:07'),
(9,'e1','Normal',24,64,65,744,66,745,746,-1,-1,-1,-1,1,'2018-05-06 15:50:54'),
(10,'XS-XXL','XS-XXL',25,64,65,744,66,745,746,-1,-1,-1,-1,1,'2018-05-06 15:52:55'),
(11,'1X-3X','1X-3X',25,753,747,748,-1,-1,-1,-1,-1,-1,-1,1,'2018-05-06 16:28:55'),
(12,'XXS-XXL','XXS-XXL',23,63,64,65,744,66,745,746,-1,-1,-1,1,'2018-05-06 16:40:15'),
(13,'XXXS-3X','XXXS-3X',23,743,63,64,65,744,66,745,746,747,748,1,'2018-05-06 16:41:59'),
(14,'Chicos-01','Chicos-01',44,772,773,755,756,-1,-1,-1,-1,-1,-1,1,'2018-05-13 15:19:57'),
(15,'Lucky Brand-01','Lucky Brand-01',25,64,64,744,66,745,-1,-1,-1,-1,-1,1,'2018-05-13 17:00:25'),
(16,'Express-307-01','Express-307-01',24,63,64,65,744,66,745,-1,-1,-1,-1,1,'2018-05-14 07:25:49'),
(17,'Express-302-01','Express-302-01',24,64,65,744,66,745,-1,-1,-1,-1,-1,1,'2018-05-14 07:35:32'),
(18,'Express-306-01','Express-306-01',24,63,64,65,744,66,745,-1,-1,-1,-1,1,'2018-05-14 07:55:04'),
(19,'Express-315-01','Express-315-01',24,63,64,65,744,66,745,-1,-1,-1,-1,1,'2018-05-14 08:14:07'),
(20,'Express-294-01','Express-294-01',24,64,65,744,66,745,-1,-1,-1,-1,-1,1,'2018-05-14 08:40:34'),
(21,'Express-301','Express-301',24,63,64,65,744,66,745,-1,-1,-1,-1,1,'2018-05-14 08:52:29'),
(22,'Express-326','Express-326',24,63,64,65,744,66,745,-1,-1,-1,-1,1,'2018-05-14 09:08:53'),
(23,'Express-265','Express-265',24,64,65,744,66,-1,-1,-1,-1,-1,-1,1,'2018-05-14 09:25:55'),
(24,'Express-316','Express-316',24,63,64,65,744,66,745,-1,-1,-1,-1,1,'2018-05-14 10:32:43'),
(25,'Express-254','Express-254',24,64,65,744,66,745,746,-1,-1,-1,-1,1,'2018-05-14 10:41:35'),
(26,'JCREW-324','JCREW-324',23,743,63,64,65,744,66,745,746,747,748,1,'2018-05-16 03:40:32'),
(27,'JCREW-397-02','JCREW-397-02',23,63,64,65,744,66,745,-1,-1,-1,-1,1,'2018-05-16 10:00:57'),
(28,'XXS-XL','XXS-XL',23,63,64,65,744,66,745,-1,-1,-1,-1,1,'2018-05-17 06:58:12'),
(30,'XXS-XL','XXS-XL',24,63,64,65,744,66,745,-1,-1,-1,-1,1,'2018-05-17 08:00:21'),
(31,'XS-XL','XS-XL',23,64,65,744,66,745,-1,-1,-1,-1,-1,1,'2018-05-17 10:35:12'),
(32,'XS-XL','XS-XL',24,64,65,744,66,745,-1,-1,-1,-1,-1,1,'2018-05-18 21:29:30'),
(33,'XS (2) - XXXXXL (16)','XS (2) - XXXXXL (16)',23,786,787,788,789,790,791,792,793,794,-1,1,'2018-05-18 22:33:30'),
(34,'XS-XXL-T','XS-XXL-T',23,64,65,744,66,745,746,749,750,751,752,1,'2018-05-19 02:30:27'),
(35,'XS-XL','XS-XL',25,64,65,744,66,745,-1,-1,-1,-1,-1,1,'2018-05-20 09:39:09'),
(36,'XS-XXL','XS-XXL',23,64,65,744,66,745,746,-1,-1,-1,-1,1,'2018-05-25 11:56:09'),
(38,'XS-XXL TALL','XS-XXL TALL',24,64,65,744,66,745,746,749,750,751,752,1,'2018-05-29 05:48:09'),
(39,'XXS-3X','XXS-3X',23,63,64,65,744,66,745,746,747,748,-1,1,'2018-05-31 23:41:02'),
(40,'XS-S','XS-S',23,64,65,744,66,-1,-1,-1,-1,-1,-1,1,'2018-06-02 02:57:01'),
(41,'XS-L','XS-L',25,64,65,744,66,-1,-1,-1,-1,-1,-1,1,'2018-06-02 02:59:38'),
(42,'XS-3X','XS-3X',25,64,65,744,66,753,747,748,-1,-1,-1,1,'2018-06-02 03:48:34');

/*Table structure for table `submaterial` */

DROP TABLE IF EXISTS `submaterial`;

CREATE TABLE `submaterial` (
  `id` int(10) NOT NULL AUTO_INCREMENT,
  `code` varchar(30) NOT NULL,
  `name` varchar(30) NOT NULL,
  `unit` int(10) DEFAULT NULL,
  `type1` varchar(30) DEFAULT NULL,
  `type2` varchar(30) DEFAULT NULL,
  `status` tinyint(1) NOT NULL DEFAULT '1',
  `created_at` timestamp NOT NULL DEFAULT CURRENT_TIMESTAMP,
  PRIMARY KEY (`id`)
) ENGINE=InnoDB AUTO_INCREMENT=46 DEFAULT CHARSET=utf8;

/*Data for the table `submaterial` */

insert  into `submaterial`(`id`,`code`,`name`,`unit`,`type1`,`type2`,`status`,`created_at`) values 
(25,'1','HILO',-1,'Product Material','',1,'2018-05-04 23:27:16'),
(26,'2','MOBILON',-1,'Product Material','',1,'2018-05-04 23:27:23'),
(27,'3','SIZE LABEL',-1,'Product Material','',1,'2018-05-04 23:27:30'),
(28,'4','HEAT TRANSFER',-1,'Product Material','',1,'2018-05-04 23:27:39'),
(29,'5','ID LABEL',-1,'Product Material','',1,'2018-05-04 23:27:47'),
(30,'6','CARE LABEL',-1,'Product Material','',1,'2018-05-04 23:27:54'),
(31,'7','SPECIAL CARE LABEL',-1,'Product Material','',1,'2018-05-04 23:28:04'),
(32,'8','PRICE TICKET',-1,'Finish Material','',1,'2018-05-04 23:28:31'),
(33,'9','PRICE TICKET RFID',-1,'Finish Material','',1,'2018-05-04 23:28:40'),
(34,'10','PRICE TICKET CANADA',-1,'Finish Material','',1,'2018-05-04 23:28:49'),
(35,'11','HANTAG',-1,'Finish Material','',1,'2018-05-04 23:28:57'),
(36,'12','POLYBAG STICKER',-1,'Finish Material','',1,'2018-05-04 23:29:14'),
(37,'13','PREPACK STICKER',-1,'Finish Material','',1,'2018-05-04 23:30:24'),
(38,'14','POLYBAG',-1,'Finish Material','',1,'2018-05-04 23:30:37'),
(39,'15','TAGPING',-1,'Finish Material','',1,'2018-05-04 23:31:27'),
(40,'16','MAIN LABEL',742,'Product Material','',1,'2018-05-06 18:31:49'),
(41,'17','PRICE STICKER',742,'Finish Material','',1,'2018-05-06 18:36:02'),
(42,'18','PRICE STICKER CANADA',742,'Finish Material','',1,'2018-05-06 18:36:24'),
(43,'19','SIZE STICKER',-1,'Finish Material','',1,'2018-05-26 12:43:29'),
(44,'20','FLAG LABEL',-1,'Product Material','',1,'2018-06-05 23:32:18'),
(45,'21','UPC STICKER',-1,'Product Material','',1,'2018-06-08 01:48:22');

/*Table structure for table `token` */

DROP TABLE IF EXISTS `token`;

CREATE TABLE `token` (
  `id` int(10) NOT NULL AUTO_INCREMENT,
  `userid` varchar(300) DEFAULT NULL,
  `token` varchar(300) DEFAULT NULL,
  PRIMARY KEY (`id`)
) ENGINE=InnoDB AUTO_INCREMENT=23 DEFAULT CHARSET=utf8;

/*Data for the table `token` */

insert  into `token`(`id`,`userid`,`token`) values 
(1,'92309e1e-808e-4084-b1a1-95c0b5e2ecaa','$2a$08$uEM17cYLSUDshUroN45fSuifyBBXg.W5iGIQBX5nGfkIdgSgWSmwu'),
(2,'c09a9989-ec62-4fef-a3dc-6352f870a1db','$2a$08$wiR/r3QBVi/D6NOLcqiIEOpvSWcH2cEd3yaHn8n9S9LvzOkjugtXe'),
(3,'9c818869-52ad-46c0-8687-ed2f8f90d520','$2a$08$x0kESzw.L/XiD2Wz0nkoE.Y8AZkGgIr9VLlHbrUbZ9uzkaGpisYqm'),
(4,'b18e67ab-dcc8-4cb5-b5da-d34710b87029','$2a$08$O1xyEriTbORyU5IkldS9S.oYfO8.h.7KadHUTU3T/b2cyRxAtgmYi'),
(5,'97372186-101b-4217-90e1-fcc0797ce7d4','$2a$08$tJOf71hFWxRLyGJlhzgqeeLbOmCrLbzD10vINEcHf.xT67eQlhzL6'),
(6,'2e97dd9a-bd3a-4c70-b859-54496405ae79','$2a$08$WOWSKZZP/44clHs19k6gbOL1QBrq0CqM8vfJwdjjLmUKLtmbaPzSy'),
(7,'fd204bff-2320-4791-b07f-acda538d88f2','$2a$08$FjFh4/Ra8f5b1XkCA73PmeFunlOxovuxTiaj1Zp81mW8elLC0ap0m'),
(8,'1dc96d7f-2899-421d-b291-c1c14bae86fb','$2a$08$bXHSVStvyk1zh/fnLD40pejsmRn0Tdex80KgWKXO47DLMaNFLuUUu'),
(9,'8ff70070-a958-4151-98e9-f9c9a0724d0e','$2a$08$ZQ/88t4p17T8Qf0LpP7/De8/HrldKvsKy0MfkscXr1X3YjZ611wFO'),
(10,'6e2d7360-0271-4d36-b492-4dc5301c97a1','$2a$08$jTeCpIbeh4U7nHA/WVOjVO72KuO8Z8FhVlSAWpZwgZpfJHSjKO4pq'),
(11,'3f6361de-680b-4ad1-b54c-a93b2701e10c','$2a$08$KCziNGsdtAEH7kJ5X5BMbeAWB8b1kTTYDuuwvvvAy0mhDoDrvbWhi'),
(12,'cddad211-1ce6-42d8-b76b-dd1446ee3f03','$2a$08$lZ6UegRAz7rwEtopMSpXlORdrO.6oplj1fK9XwDNstXBGoJo38dY6'),
(13,'bd23930f-3a58-4f14-a4b2-fc479b26bda3','$2a$08$ROISS4Siq5igJOcDHTpxGeUSEV6Ip3/AIgl3.tG5ip7OttFTp37Te'),
(14,'ad5324ed-7268-4e32-8752-514767fa26c2','$2a$08$FXbQJWuS0THQg9jQrqJkTOsLwQkgZBlvvoi0axDnpJ/2c4JLhr1IS'),
(15,'223d113f-e225-44ec-b1dc-a5472b59c235','$2a$08$VgMz4uXGHpJL4fHfGZBJzuiLPbvxlcrRNPn1/PI73BIaNZX5Ma1kK'),
(16,'d70341a6-aa9f-451b-bfb4-2c6690a568a2','$2a$08$Jf.5z1lWPsN3eYOfYcOEJ.VJEvwQTVTLHDMpqR9eYQ8n5lBITMCDu'),
(17,'cc5fcb33-9a55-43e5-9eec-3eff51da04d3','$2a$08$WGl9OeKXjEK9My60YEtaweOzXREpgIC75EHraWTxvJTzVOSnEFvrK'),
(18,'17068eac-60dc-4cbf-bef1-68db1377b27a','$2a$08$yEPxMwtY/jZol6tPpr9r7Ow9RaSdnw99MZysDv2kHfeD/IowWtOrS'),
(19,'6ce0627d-a54b-41b2-be7d-0a422a6ba641','$2a$08$a1IJ4uaE8Q491BN5WB/.B.bmZ21bydVzHxHIJGD2GyvC.pLvRpEb2'),
(20,'0eab6b41-6881-4161-a298-db63d1345725','$2a$08$5pYAexiuBYk9XbTI4sieIeZqd4XH26y63HmQ3iNy8xu1AKh.pgWs2'),
(21,'8ee882da-b54a-4b3d-8f67-ad56930faea6','$2a$08$nYBZTWDgQxic1wg6irBAPeq2elm0LJMBG1l5xR.0CevrA6psAoH1G'),
(22,'14929c2a-edd4-41a9-b8c1-ba2350fb0e6f','$2a$08$YOVM/j0Ow2wjmyV3tsphz..r7PLKv9WKV3elFGxafr.gNlJ9XSpyO');

/*Table structure for table `users` */

DROP TABLE IF EXISTS `users`;

CREATE TABLE `users` (
  `id` varchar(100) NOT NULL,
  `email` varchar(30) DEFAULT NULL,
  `password` varchar(100) DEFAULT NULL,
  `firstname` varchar(20) DEFAULT NULL,
  `lastname` varchar(20) DEFAULT NULL,
  `factory` int(10) DEFAULT NULL,
  `department` int(10) DEFAULT NULL,
  `line` int(10) DEFAULT NULL,
  `phone` varchar(20) DEFAULT NULL,
  `position` int(10) DEFAULT NULL,
  `type` int(1) DEFAULT '0',
  `status` tinyint(1) DEFAULT '1',
  `active` tinyint(1) DEFAULT '0',
  `create_at` timestamp NULL DEFAULT CURRENT_TIMESTAMP,
  PRIMARY KEY (`id`)
) ENGINE=InnoDB DEFAULT CHARSET=utf8;

/*Data for the table `users` */

insert  into `users`(`id`,`email`,`password`,`firstname`,`lastname`,`factory`,`department`,`line`,`phone`,`position`,`type`,`status`,`active`,`create_at`) values 
('0eab6b41-6881-4161-a298-db63d1345725','qcfatory1@intsa.net','$2a$08$x1Dxp63n64z.DGZm3xfS4.3YRDcH2hL5lCXsp3uWGGGQiZAane6r.','Marcelino ','Gomez ',28,43,-1,'43335659',-1,0,1,0,'2018-05-25 14:43:34'),
('14929c2a-edd4-41a9-b8c1-ba2350fb0e6f','qcfactory3@intsa.net','$2a$08$Yt5tSRtTpQFfLDJP6XyD9.XgkV0o2R9oVB0R3HJ.gqL7UMM5GqP8C','qc3','qc3',28,44,-1,'123',-1,0,0,0,'2018-05-26 04:42:23'),
('17068eac-60dc-4cbf-bef1-68db1377b27a','jason.woo@intsa.net','$2a$08$rQm3OXM/eqM3Uy0nm.uT9ewzw9udZjnGM2eHkDxNrOn34o8xh4C5W','JUNGTAE','WOO',-1,-1,-1,'3054688051',-1,0,1,0,'2018-05-17 11:14:07'),
('1dc96d7f-2899-421d-b291-c1c14bae86fb','Empaque@intsa.net','$2a$08$5r7yw10if8BTKA4xDspFxe5oFFKXPEEZvxuvUDLexP20WCmyQ0CYG','Hasucely','Conde',28,42,-1,'121',-1,0,1,0,'2018-05-16 09:33:57'),
('223d113f-e225-44ec-b1dc-a5472b59c235','thlee@intsa.net','$2a$08$ApyVpJ4.Zc1eEeu8OQWL1OBM//qig2LkJzJ1rlCMQtiGl0zETzFsm','TH','Lee',28,36,-1,'1234',-1,0,1,0,'2018-05-16 12:57:30'),
('2e97dd9a-bd3a-4c70-b859-54496405ae79','luisloch89@gmail.com','$2a$08$/WPjVh6ir4MB8NCC0YGCc.X3t/7FQibq6ErBRmy8OcoQsTBZE1X76','Luis','Loch',28,39,-1,'41733266',-1,0,1,0,'2018-05-06 19:57:04'),
('3f6361de-680b-4ad1-b54c-a93b2701e10c','team1b@intsa.net','$2a$08$QP5ltfj.eYmRkwvCc8MhvuiPqbdJ6f8VnkYHppKWJkMFh26fE7ZBm','BETTY','UM',-1,-1,-1,'22002615',-1,0,1,0,'2018-05-16 12:24:33'),
('6ce0627d-a54b-41b2-be7d-0a422a6ba641','edgar.montufar@intsa.net','$2a$08$wQgbaEiQi.SBk8jLIT8YGeGge2ud2QA2vf9tAKkaIk956HBqCUXne','Jhonatan','Montufar',-1,-1,-1,'57644440',-1,0,1,0,'2018-05-18 01:02:37'),
('6e2d7360-0271-4d36-b492-4dc5301c97a1','julices.park@intsa.net','$2a$08$z8waNUl/yDOGPGqqV/kAAOQwrerY3N5.wWVAEQ1fdglrlUwSMP1hy','julices','park',28,36,-1,'49142674',-1,1,1,0,'2018-05-16 10:00:02'),
('8ee882da-b54a-4b3d-8f67-ad56930faea6','qcfactory2@intsa.net','$2a$08$2SPfNER3W6XeB.TQ2T1PwuOvrcZWckmum7VLsxVcvjVxW8.jhuHKO','Silvia','Candido',28,43,-1,'23330180',-1,0,1,0,'2018-05-25 15:13:50'),
('8ff70070-a958-4151-98e9-f9c9a0724d0e','yonghee.um@intsa.net','$2a$08$rChZFWhH8SCoTE1AZ/VGVe3iVt.pyheiU7mwF0aja6DyFxYYpHLMS','yonghee','um',28,36,-1,'23330180',-1,1,1,0,'2018-05-16 09:44:33'),
('92309e1e-808e-4084-b1a1-95c0b5e2ecaa','neo.pyon@intsa.net','$2a$08$xH8662Iov9WesBOmwf/qkuP0XVj7SYpr/zf0e.5XA9zvi2jidp5fi','neo','pyon',-1,-1,-1,'12345678',-1,1,1,0,'2018-05-04 22:18:02'),
('97372186-101b-4217-90e1-fcc0797ce7d4','accesorio@intsa.net','$2a$08$SGUtANvuQPZAMVSNoCmpNerAZrN4APrM2NnQXVquNAp8/otNG5cem','BELSI','CHAY',28,37,-1,'42581632',-1,0,1,0,'2018-05-05 02:45:02'),
('9c818869-52ad-46c0-8687-ed2f8f90d520','gerencia@intsa.net','$2a$08$sRKXAT5bYemapNpkv6t56.m6yIDvH01O/gQzPAmzoq9xiT201MZ/q','Mayra','Patzan',28,36,-1,'123',-1,0,1,0,'2018-05-05 00:29:32'),
('ad5324ed-7268-4e32-8752-514767fa26c2','michelle.kim@intsa.net','$2a$08$p2aRIhFKG5P8Hv7aRoLo9eh67gQwUKgwDRuZ0f1gfdp3bQMcL67yC','Michelle','Kim',28,36,-1,'1234',-1,0,1,0,'2018-05-16 12:56:24'),
('b18e67ab-dcc8-4cb5-b5da-d34710b87029','produccion@intsa.net','$2a$08$oxMp9yPGabuGkfVj4piu3u873xhbvd9JF5O0cwGmGJqEtBIZwKg2e','carlos','lopreto',28,36,-1,'57475677',-1,0,1,0,'2018-05-05 01:53:13'),
('bd23930f-3a58-4f14-a4b2-fc479b26bda3','timoteo.kim@intsa.net','$2a$08$Owo.fYjMy/V4W9T4dH6TouA7ANoMSDOji0D7sbibA7yW54/b9ubbK','Timoteo','Kim',28,36,-1,'1234',-1,0,1,0,'2018-05-16 12:55:51'),
('c09a9989-ec62-4fef-a3dc-6352f870a1db','bryan.cho@intsa.net','$2a$08$YYigr.3PyOZCOPGbNm6S6uor4cmjHKIsMwdPSmI.8w.IQzMPeCTva','Bryan','Cho',-1,-1,-1,'32320019',-1,1,1,0,'2018-05-04 23:02:56'),
('c9783589-9d1b-4ef2-91ce-7b01bcedbb04','mauro.castaneda@intsa.net','$2a$08$aInGQI31z1i6J4UKM7S2yO/U1.syY6Wa2/ktett0AiAH3VZO72aKu','Mauro','Castaneda',28,36,-1,'30063129',-1,0,1,0,'2018-06-01 00:20:41'),
('cc5fcb33-9a55-43e5-9eec-3eff51da04d3','steven.hong@intsa.net','$2a$08$DzmGvMPnzd2YYrlPQjQ0Regbh99ZZ5/qZ6pS3PLHXQMg4IlQUKwAa','Steven','Hong',28,36,-1,'42123762',-1,0,1,0,'2018-05-16 15:02:25'),
('cddad211-1ce6-42d8-b76b-dd1446ee3f03','chris.lee@intsa.net','$2a$08$LL/qA7R.zqAbwzCEHveliuItxlgZ7BDK03HPfHnubSzNRIwDc9hgu','Chris','Lee',28,36,-1,'1234',-1,0,1,0,'2018-05-16 12:54:33'),
('d70341a6-aa9f-451b-bfb4-2c6690a568a2','tom.shin@intsa.net','$2a$08$eTGJtd8y3k.du6zeM2s/su5zAnhIY0LE41roIazL7ACnMuvWFKbxK','TOM','SHIN',28,-1,-1,'30378610',-1,0,1,0,'2018-05-16 13:12:01'),
('de76ff03-1604-4946-b90d-a702bdb6d657','monitor@admin.com','$2a$08$T7HjSrG9LkGoNjly22jvneaI3zLJCOFkCE.Ic1.Ptts9P5XpbDvXm','Sew','Admin',-1,-1,-1,'12345',-1,1,1,0,'2018-04-29 00:47:13'),
('e6d53884-6b01-442f-b363-62058da0c9d4','bravedragon623@yandex.com','$2a$08$2H5CllQNXvnR5FBKiOQiW.fQOZW1BCu2a3Td1GIbF6XuoFMc8kzcu','First','Last',26,34,-1,'12345',68,1,0,0,'2018-04-29 23:49:55'),
('fd204bff-2320-4791-b07f-acda538d88f2','control@intsa.net','$2a$08$uNNAMNoWZVwxCd.baU54IuKdjZ1njyV1/X/9oy0Rr4rDTARCmRIVu','lenin','vallejos',28,40,-1,'113',-1,0,1,0,'2018-05-06 21:37:59');

/*Table structure for table `washout` */

DROP TABLE IF EXISTS `washout`;

CREATE TABLE `washout` (
  `id` int(10) NOT NULL AUTO_INCREMENT,
  `orderid` int(10) DEFAULT NULL,
  `po` int(10) DEFAULT NULL,
  `color` varchar(30) DEFAULT NULL,
  `customer` varchar(30) DEFAULT NULL,
  `washdate` varchar(30) DEFAULT NULL,
  `invoice` varchar(30) DEFAULT NULL,
  `size1` varchar(30) DEFAULT NULL,
  `size2` varchar(30) DEFAULT NULL,
  `size3` varchar(30) DEFAULT NULL,
  `size4` varchar(30) DEFAULT NULL,
  `size5` varchar(30) DEFAULT NULL,
  `size6` varchar(30) DEFAULT NULL,
  `size7` varchar(30) DEFAULT NULL,
  `size8` varchar(30) DEFAULT NULL,
  `size9` varchar(30) DEFAULT NULL,
  `size10` varchar(30) DEFAULT NULL,
  PRIMARY KEY (`id`)
) ENGINE=InnoDB AUTO_INCREMENT=33 DEFAULT CHARSET=utf8;

/*Data for the table `washout` */

/*Table structure for table `washreturn` */

DROP TABLE IF EXISTS `washreturn`;

CREATE TABLE `washreturn` (
  `id` int(10) NOT NULL AUTO_INCREMENT,
  `orderid` int(10) DEFAULT NULL,
  `po` int(10) DEFAULT NULL,
  `color` varchar(30) DEFAULT NULL,
  `customer` varchar(30) DEFAULT NULL,
  `washdate` varchar(30) DEFAULT NULL,
  `invoice` varchar(30) DEFAULT NULL,
  `size1` varchar(30) DEFAULT NULL,
  `size2` varchar(30) DEFAULT NULL,
  `size3` varchar(30) DEFAULT NULL,
  `size4` varchar(30) DEFAULT NULL,
  `size5` varchar(30) DEFAULT NULL,
  `size6` varchar(30) DEFAULT NULL,
  `size7` varchar(30) DEFAULT NULL,
  `size8` varchar(30) DEFAULT NULL,
  `size9` varchar(30) DEFAULT NULL,
  `size10` varchar(30) DEFAULT NULL,
  PRIMARY KEY (`id`)
) ENGINE=InnoDB AUTO_INCREMENT=7 DEFAULT CHARSET=utf8;

/*Data for the table `washreturn` */

/*Table structure for table `yarn` */

DROP TABLE IF EXISTS `yarn`;

CREATE TABLE `yarn` (
  `id` int(10) NOT NULL AUTO_INCREMENT,
  `code` varchar(30) NOT NULL,
  `name` varchar(30) NOT NULL,
  `status` tinyint(1) DEFAULT '1',
  `create_at` timestamp NOT NULL DEFAULT CURRENT_TIMESTAMP,
  PRIMARY KEY (`id`)
) ENGINE=InnoDB DEFAULT CHARSET=utf8;

/*Data for the table `yarn` */

/*!40101 SET SQL_MODE=@OLD_SQL_MODE */;
/*!40014 SET FOREIGN_KEY_CHECKS=@OLD_FOREIGN_KEY_CHECKS */;
/*!40014 SET UNIQUE_CHECKS=@OLD_UNIQUE_CHECKS */;
/*!40111 SET SQL_NOTES=@OLD_SQL_NOTES */;
