/*
SQLyog Community v12.3.2 (64 bit)
MySQL - 5.6.26 : Database - project
*********************************************************************
*/

/*!40101 SET NAMES utf8 */;

/*!40101 SET SQL_MODE=''*/;

/*!40014 SET @OLD_UNIQUE_CHECKS=@@UNIQUE_CHECKS, UNIQUE_CHECKS=0 */;
/*!40014 SET @OLD_FOREIGN_KEY_CHECKS=@@FOREIGN_KEY_CHECKS, FOREIGN_KEY_CHECKS=0 */;
/*!40101 SET @OLD_SQL_MODE=@@SQL_MODE, SQL_MODE='NO_AUTO_VALUE_ON_ZERO' */;
/*!40111 SET @OLD_SQL_NOTES=@@SQL_NOTES, SQL_NOTES=0 */;
CREATE DATABASE /*!32312 IF NOT EXISTS*/`project` /*!40100 DEFAULT CHARACTER SET latin1 */;

USE `project`;

/*Table structure for table `auth` */

DROP TABLE IF EXISTS `auth`;

CREATE TABLE `auth` (
  `id` int(10) NOT NULL AUTO_INCREMENT,
  `user` varchar(100) NOT NULL,
  `page` int(10) NOT NULL,
  `r` int(1) DEFAULT '1',
  `w` int(1) DEFAULT '1',
  `d` int(1) DEFAULT '1',
  `status` int(1) DEFAULT '1',
  `create_at` timestamp NOT NULL DEFAULT CURRENT_TIMESTAMP,
  PRIMARY KEY (`id`)
) ENGINE=InnoDB AUTO_INCREMENT=251 DEFAULT CHARSET=utf8;

/*Data for the table `auth` */

insert  into `auth`(`id`,`user`,`page`,`r`,`w`,`d`,`status`,`create_at`) values 
(4,'de76ff03-1604-4946-b90d-a702bdb6d657',3,1,1,1,1,'2018-05-01 04:20:36'),
(5,'de76ff03-1604-4946-b90d-a702bdb6d657',4,1,1,1,1,'2018-05-01 04:20:39'),
(6,'de76ff03-1604-4946-b90d-a702bdb6d657',5,1,1,1,1,'2018-05-01 04:20:42'),
(7,'de76ff03-1604-4946-b90d-a702bdb6d657',6,1,1,1,1,'2018-05-01 04:20:45'),
(12,'de76ff03-1604-4946-b90d-a702bdb6d657',11,1,1,1,1,'2018-05-01 04:21:00'),
(13,'de76ff03-1604-4946-b90d-a702bdb6d657',12,1,1,1,1,'2018-05-01 04:21:01'),
(14,'de76ff03-1604-4946-b90d-a702bdb6d657',13,1,1,1,1,'2018-05-01 04:21:03'),
(15,'de76ff03-1604-4946-b90d-a702bdb6d657',14,1,1,1,1,'2018-05-01 04:21:09'),
(21,'92309e1e-808e-4084-b1a1-95c0b5e2ecaa',1,1,1,1,1,'2018-05-03 19:26:47'),
(22,'92309e1e-808e-4084-b1a1-95c0b5e2ecaa',2,1,1,1,1,'2018-05-03 19:26:55'),
(23,'92309e1e-808e-4084-b1a1-95c0b5e2ecaa',3,1,1,1,1,'2018-05-03 19:27:02'),
(24,'92309e1e-808e-4084-b1a1-95c0b5e2ecaa',4,1,1,1,1,'2018-05-03 19:27:09'),
(25,'92309e1e-808e-4084-b1a1-95c0b5e2ecaa',5,1,1,1,1,'2018-05-03 19:27:17'),
(26,'92309e1e-808e-4084-b1a1-95c0b5e2ecaa',6,1,1,1,1,'2018-05-03 19:27:24'),
(28,'de76ff03-1604-4946-b90d-a702bdb6d657',1,1,1,1,1,'2018-05-03 19:49:26'),
(29,'c09a9989-ec62-4fef-a3dc-6352f870a1db',1,1,1,1,1,'2018-05-03 20:05:32'),
(30,'c09a9989-ec62-4fef-a3dc-6352f870a1db',2,1,1,1,1,'2018-05-03 20:05:39'),
(31,'9c818869-52ad-46c0-8687-ed2f8f90d520',1,1,1,1,1,'2018-05-03 21:32:21'),
(32,'9c818869-52ad-46c0-8687-ed2f8f90d520',2,1,1,1,1,'2018-05-03 21:32:33'),
(33,'9c818869-52ad-46c0-8687-ed2f8f90d520',13,1,1,1,1,'2018-05-03 21:33:31'),
(34,'b18e67ab-dcc8-4cb5-b5da-d34710b87029',1,1,0,0,0,'2018-05-03 22:54:22'),
(36,'b18e67ab-dcc8-4cb5-b5da-d34710b87029',5,1,1,1,1,'2018-05-03 22:57:58'),
(37,'b18e67ab-dcc8-4cb5-b5da-d34710b87029',6,1,1,1,1,'2018-05-03 22:58:05'),
(38,'97372186-101b-4217-90e1-fcc0797ce7d4',3,1,1,1,1,'2018-05-03 23:46:28'),
(39,'de76ff03-1604-4946-b90d-a702bdb6d657',2,1,1,1,1,'2018-05-04 17:31:00'),
(40,'97372186-101b-4217-90e1-fcc0797ce7d4',1,1,1,0,1,'2018-05-05 11:45:14'),
(41,'97372186-101b-4217-90e1-fcc0797ce7d4',13,1,1,0,1,'2018-05-05 11:46:26'),
(42,'97372186-101b-4217-90e1-fcc0797ce7d4',14,1,1,0,1,'2018-05-05 15:29:26'),
(43,'2e97dd9a-bd3a-4c70-b859-54496405ae79',1,1,0,0,1,'2018-05-05 16:58:26'),
(44,'2e97dd9a-bd3a-4c70-b859-54496405ae79',4,1,1,1,1,'2018-05-05 16:58:38'),
(45,'2e97dd9a-bd3a-4c70-b859-54496405ae79',2,1,1,1,1,'2018-05-05 16:58:52'),
(46,'92309e1e-808e-4084-b1a1-95c0b5e2ecaa',12,1,1,1,1,'2018-05-05 17:15:07'),
(47,'92309e1e-808e-4084-b1a1-95c0b5e2ecaa',13,1,1,1,1,'2018-05-05 17:15:14'),
(48,'92309e1e-808e-4084-b1a1-95c0b5e2ecaa',14,1,1,1,1,'2018-05-05 17:15:22'),
(52,'92309e1e-808e-4084-b1a1-95c0b5e2ecaa',11,1,1,1,1,'2018-05-05 18:13:54'),
(59,'de76ff03-1604-4946-b90d-a702bdb6d657',15,1,1,1,1,'2018-05-06 10:53:10'),
(60,'de76ff03-1604-4946-b90d-a702bdb6d657',16,1,1,1,1,'2018-05-06 10:53:13'),
(61,'de76ff03-1604-4946-b90d-a702bdb6d657',17,1,1,1,1,'2018-05-06 10:53:16'),
(62,'de76ff03-1604-4946-b90d-a702bdb6d657',18,1,1,1,1,'2018-05-06 10:53:19'),
(63,'de76ff03-1604-4946-b90d-a702bdb6d657',19,1,1,1,1,'2018-05-06 10:53:22'),
(64,'de76ff03-1604-4946-b90d-a702bdb6d657',20,1,1,1,1,'2018-05-06 10:53:24'),
(65,'de76ff03-1604-4946-b90d-a702bdb6d657',21,1,1,1,1,'2018-05-06 10:53:29'),
(66,'9c818869-52ad-46c0-8687-ed2f8f90d520',14,1,1,1,1,'2018-05-12 12:14:42'),
(67,'97372186-101b-4217-90e1-fcc0797ce7d4',17,1,1,1,1,'2018-05-12 12:35:34'),
(68,'97372186-101b-4217-90e1-fcc0797ce7d4',18,1,1,1,1,'2018-05-12 12:35:40'),
(69,'de76ff03-1604-4946-b90d-a702bdb6d657',9,1,1,1,1,'2018-05-12 15:02:12'),
(70,'fd204bff-2320-4791-b07f-acda538d88f2',21,1,1,1,1,'2018-05-15 06:17:19'),
(71,'1dc96d7f-2899-421d-b291-c1c14bae86fb',8,1,1,1,0,'2018-05-15 06:34:55'),
(72,'1dc96d7f-2899-421d-b291-c1c14bae86fb',9,1,1,1,0,'2018-05-15 06:35:04'),
(73,'9c818869-52ad-46c0-8687-ed2f8f90d520',15,1,1,1,1,'2018-05-15 06:35:45'),
(74,'9c818869-52ad-46c0-8687-ed2f8f90d520',16,1,1,1,1,'2018-05-15 06:35:52'),
(75,'8ff70070-a958-4151-98e9-f9c9a0724d0e',1,1,0,0,1,'2018-05-15 06:54:29'),
(76,'8ff70070-a958-4151-98e9-f9c9a0724d0e',2,1,0,0,1,'2018-05-15 06:54:34'),
(77,'8ff70070-a958-4151-98e9-f9c9a0724d0e',15,1,0,0,1,'2018-05-15 06:54:39'),
(78,'8ff70070-a958-4151-98e9-f9c9a0724d0e',16,1,0,0,1,'2018-05-15 06:54:44'),
(79,'8ff70070-a958-4151-98e9-f9c9a0724d0e',3,1,0,0,1,'2018-05-15 06:54:48'),
(80,'8ff70070-a958-4151-98e9-f9c9a0724d0e',17,1,0,0,1,'2018-05-15 06:54:52'),
(81,'8ff70070-a958-4151-98e9-f9c9a0724d0e',18,1,0,0,1,'2018-05-15 06:54:56'),
(82,'8ff70070-a958-4151-98e9-f9c9a0724d0e',4,1,0,0,1,'2018-05-15 06:55:02'),
(83,'8ff70070-a958-4151-98e9-f9c9a0724d0e',5,1,0,0,1,'2018-05-15 06:55:07'),
(84,'8ff70070-a958-4151-98e9-f9c9a0724d0e',19,1,0,0,1,'2018-05-15 06:55:12'),
(85,'8ff70070-a958-4151-98e9-f9c9a0724d0e',6,1,0,0,1,'2018-05-15 06:55:16'),
(86,'8ff70070-a958-4151-98e9-f9c9a0724d0e',20,1,0,0,1,'2018-05-15 06:55:20'),
(87,'8ff70070-a958-4151-98e9-f9c9a0724d0e',7,1,0,0,1,'2018-05-15 06:55:24'),
(88,'8ff70070-a958-4151-98e9-f9c9a0724d0e',21,1,0,0,1,'2018-05-15 06:55:28'),
(89,'8ff70070-a958-4151-98e9-f9c9a0724d0e',8,1,0,0,1,'2018-05-15 06:55:33'),
(90,'8ff70070-a958-4151-98e9-f9c9a0724d0e',9,1,0,0,1,'2018-05-15 06:55:37'),
(91,'6e2d7360-0271-4d36-b492-4dc5301c97a1',1,1,0,0,1,'2018-05-15 07:03:40'),
(92,'6e2d7360-0271-4d36-b492-4dc5301c97a1',2,1,0,0,1,'2018-05-15 07:05:40'),
(93,'6e2d7360-0271-4d36-b492-4dc5301c97a1',15,1,0,0,1,'2018-05-15 07:05:50'),
(94,'6e2d7360-0271-4d36-b492-4dc5301c97a1',16,1,0,0,1,'2018-05-15 07:05:56'),
(95,'6e2d7360-0271-4d36-b492-4dc5301c97a1',3,1,0,0,1,'2018-05-15 07:06:09'),
(96,'6e2d7360-0271-4d36-b492-4dc5301c97a1',17,1,0,0,1,'2018-05-15 07:06:20'),
(97,'6e2d7360-0271-4d36-b492-4dc5301c97a1',18,1,0,0,1,'2018-05-15 07:06:30'),
(98,'6e2d7360-0271-4d36-b492-4dc5301c97a1',4,1,0,0,1,'2018-05-15 07:06:47'),
(99,'6e2d7360-0271-4d36-b492-4dc5301c97a1',5,1,0,0,1,'2018-05-15 07:07:15'),
(100,'6e2d7360-0271-4d36-b492-4dc5301c97a1',19,1,0,0,1,'2018-05-15 07:07:19'),
(101,'6e2d7360-0271-4d36-b492-4dc5301c97a1',6,1,0,0,1,'2018-05-15 07:07:24'),
(102,'6e2d7360-0271-4d36-b492-4dc5301c97a1',20,1,0,0,1,'2018-05-15 07:07:29'),
(103,'6e2d7360-0271-4d36-b492-4dc5301c97a1',7,1,0,0,1,'2018-05-15 07:07:34'),
(104,'6e2d7360-0271-4d36-b492-4dc5301c97a1',21,1,0,0,1,'2018-05-15 07:07:40'),
(105,'6e2d7360-0271-4d36-b492-4dc5301c97a1',8,1,0,0,1,'2018-05-15 07:07:45'),
(106,'6e2d7360-0271-4d36-b492-4dc5301c97a1',9,1,0,0,1,'2018-05-15 07:07:49'),
(107,'c09a9989-ec62-4fef-a3dc-6352f870a1db',7,1,1,1,1,'2018-05-15 07:11:37'),
(108,'b18e67ab-dcc8-4cb5-b5da-d34710b87029',7,1,1,1,1,'2018-05-15 07:19:51'),
(109,'b18e67ab-dcc8-4cb5-b5da-d34710b87029',19,1,1,1,1,'2018-05-15 07:29:21'),
(110,'b18e67ab-dcc8-4cb5-b5da-d34710b87029',20,1,1,1,1,'2018-05-15 07:29:30'),
(111,'de76ff03-1604-4946-b90d-a702bdb6d657',7,1,1,1,1,'2018-05-15 09:28:11'),
(112,'de76ff03-1604-4946-b90d-a702bdb6d657',8,1,1,1,1,'2018-05-15 09:36:14'),
(113,'de76ff03-1604-4946-b90d-a702bdb6d657',10,1,1,1,1,'2018-05-15 09:36:23'),
(114,'3f6361de-680b-4ad1-b54c-a93b2701e10c',1,1,0,0,1,'2018-05-15 09:47:11'),
(115,'3f6361de-680b-4ad1-b54c-a93b2701e10c',2,1,0,0,1,'2018-05-15 09:47:16'),
(116,'3f6361de-680b-4ad1-b54c-a93b2701e10c',15,1,0,0,1,'2018-05-15 09:47:20'),
(117,'3f6361de-680b-4ad1-b54c-a93b2701e10c',16,1,0,0,1,'2018-05-15 09:47:24'),
(118,'3f6361de-680b-4ad1-b54c-a93b2701e10c',3,1,0,0,1,'2018-05-15 09:47:28'),
(119,'3f6361de-680b-4ad1-b54c-a93b2701e10c',17,1,0,0,1,'2018-05-15 09:47:33'),
(120,'3f6361de-680b-4ad1-b54c-a93b2701e10c',18,1,0,0,1,'2018-05-15 09:47:38'),
(121,'3f6361de-680b-4ad1-b54c-a93b2701e10c',4,1,0,0,1,'2018-05-15 09:47:43'),
(122,'3f6361de-680b-4ad1-b54c-a93b2701e10c',5,1,0,0,1,'2018-05-15 09:47:49'),
(123,'3f6361de-680b-4ad1-b54c-a93b2701e10c',19,1,0,0,1,'2018-05-15 09:47:53'),
(124,'3f6361de-680b-4ad1-b54c-a93b2701e10c',6,1,0,0,1,'2018-05-15 09:47:58'),
(125,'3f6361de-680b-4ad1-b54c-a93b2701e10c',20,1,0,0,1,'2018-05-15 09:48:01'),
(126,'3f6361de-680b-4ad1-b54c-a93b2701e10c',7,1,0,0,1,'2018-05-15 09:48:06'),
(127,'3f6361de-680b-4ad1-b54c-a93b2701e10c',21,1,0,0,1,'2018-05-15 09:48:10'),
(128,'3f6361de-680b-4ad1-b54c-a93b2701e10c',8,1,0,0,1,'2018-05-15 09:48:14'),
(129,'3f6361de-680b-4ad1-b54c-a93b2701e10c',9,1,0,0,1,'2018-05-15 09:48:17'),
(130,'bd23930f-3a58-4f14-a4b2-fc479b26bda3',1,1,0,0,1,'2018-05-15 10:16:04'),
(131,'bd23930f-3a58-4f14-a4b2-fc479b26bda3',2,1,0,0,1,'2018-05-15 10:16:08'),
(132,'bd23930f-3a58-4f14-a4b2-fc479b26bda3',15,1,0,0,1,'2018-05-15 10:16:12'),
(133,'bd23930f-3a58-4f14-a4b2-fc479b26bda3',16,1,0,0,1,'2018-05-15 10:16:17'),
(134,'bd23930f-3a58-4f14-a4b2-fc479b26bda3',3,1,0,0,1,'2018-05-15 10:16:24'),
(135,'bd23930f-3a58-4f14-a4b2-fc479b26bda3',17,1,0,0,1,'2018-05-15 10:16:30'),
(136,'bd23930f-3a58-4f14-a4b2-fc479b26bda3',18,1,0,0,1,'2018-05-15 10:16:35'),
(137,'bd23930f-3a58-4f14-a4b2-fc479b26bda3',4,1,0,0,1,'2018-05-15 10:16:40'),
(138,'bd23930f-3a58-4f14-a4b2-fc479b26bda3',5,1,0,0,1,'2018-05-15 10:16:44'),
(139,'bd23930f-3a58-4f14-a4b2-fc479b26bda3',19,1,0,0,1,'2018-05-15 10:16:48'),
(140,'bd23930f-3a58-4f14-a4b2-fc479b26bda3',6,1,0,0,1,'2018-05-15 10:16:51'),
(141,'bd23930f-3a58-4f14-a4b2-fc479b26bda3',20,1,0,0,1,'2018-05-15 10:16:55'),
(142,'bd23930f-3a58-4f14-a4b2-fc479b26bda3',7,1,0,0,1,'2018-05-15 10:16:59'),
(143,'bd23930f-3a58-4f14-a4b2-fc479b26bda3',21,1,0,0,1,'2018-05-15 10:17:02'),
(144,'bd23930f-3a58-4f14-a4b2-fc479b26bda3',8,1,0,0,1,'2018-05-15 10:17:06'),
(145,'bd23930f-3a58-4f14-a4b2-fc479b26bda3',9,1,0,0,1,'2018-05-15 10:17:09'),
(146,'d70341a6-aa9f-451b-bfb4-2c6690a568a2',1,1,0,0,1,'2018-05-15 10:18:12'),
(147,'d70341a6-aa9f-451b-bfb4-2c6690a568a2',2,1,0,0,1,'2018-05-15 10:18:17'),
(148,'d70341a6-aa9f-451b-bfb4-2c6690a568a2',15,1,0,0,1,'2018-05-15 10:18:20'),
(149,'d70341a6-aa9f-451b-bfb4-2c6690a568a2',16,1,0,0,1,'2018-05-15 10:18:24'),
(150,'d70341a6-aa9f-451b-bfb4-2c6690a568a2',3,1,0,0,1,'2018-05-15 10:18:28'),
(151,'d70341a6-aa9f-451b-bfb4-2c6690a568a2',17,1,0,0,1,'2018-05-15 10:18:32'),
(152,'d70341a6-aa9f-451b-bfb4-2c6690a568a2',18,1,0,0,1,'2018-05-15 10:18:37'),
(153,'d70341a6-aa9f-451b-bfb4-2c6690a568a2',4,1,0,0,1,'2018-05-15 10:18:41'),
(154,'d70341a6-aa9f-451b-bfb4-2c6690a568a2',5,1,0,0,1,'2018-05-15 10:18:44'),
(155,'d70341a6-aa9f-451b-bfb4-2c6690a568a2',19,1,0,0,1,'2018-05-15 10:18:47'),
(156,'d70341a6-aa9f-451b-bfb4-2c6690a568a2',6,1,0,0,1,'2018-05-15 10:18:52'),
(157,'d70341a6-aa9f-451b-bfb4-2c6690a568a2',20,1,0,0,1,'2018-05-15 10:18:55'),
(158,'d70341a6-aa9f-451b-bfb4-2c6690a568a2',7,1,0,0,1,'2018-05-15 10:18:59'),
(159,'d70341a6-aa9f-451b-bfb4-2c6690a568a2',21,1,0,0,1,'2018-05-15 10:19:02'),
(160,'d70341a6-aa9f-451b-bfb4-2c6690a568a2',8,1,0,0,1,'2018-05-15 10:19:06'),
(161,'d70341a6-aa9f-451b-bfb4-2c6690a568a2',9,1,0,0,1,'2018-05-15 10:19:10'),
(162,'cddad211-1ce6-42d8-b76b-dd1446ee3f03',1,1,0,0,1,'2018-05-15 10:19:36'),
(163,'cddad211-1ce6-42d8-b76b-dd1446ee3f03',2,1,0,0,1,'2018-05-15 10:19:45'),
(164,'cddad211-1ce6-42d8-b76b-dd1446ee3f03',15,1,0,0,1,'2018-05-15 10:19:49'),
(165,'cddad211-1ce6-42d8-b76b-dd1446ee3f03',16,1,0,0,1,'2018-05-15 10:19:54'),
(166,'cddad211-1ce6-42d8-b76b-dd1446ee3f03',3,1,0,0,1,'2018-05-15 10:19:58'),
(167,'cddad211-1ce6-42d8-b76b-dd1446ee3f03',17,1,0,0,1,'2018-05-15 10:20:02'),
(168,'cddad211-1ce6-42d8-b76b-dd1446ee3f03',18,1,0,0,1,'2018-05-15 10:20:07'),
(169,'cddad211-1ce6-42d8-b76b-dd1446ee3f03',4,1,0,0,1,'2018-05-15 10:20:10'),
(170,'cddad211-1ce6-42d8-b76b-dd1446ee3f03',5,1,0,0,1,'2018-05-15 10:20:14'),
(171,'cddad211-1ce6-42d8-b76b-dd1446ee3f03',19,1,0,0,1,'2018-05-15 10:20:18'),
(172,'cddad211-1ce6-42d8-b76b-dd1446ee3f03',6,1,0,0,1,'2018-05-15 10:20:22'),
(173,'cddad211-1ce6-42d8-b76b-dd1446ee3f03',20,1,0,0,1,'2018-05-15 10:20:26'),
(174,'cddad211-1ce6-42d8-b76b-dd1446ee3f03',7,1,0,0,1,'2018-05-15 10:20:30'),
(175,'cddad211-1ce6-42d8-b76b-dd1446ee3f03',21,1,0,0,1,'2018-05-15 10:20:33'),
(176,'cddad211-1ce6-42d8-b76b-dd1446ee3f03',8,1,0,0,1,'2018-05-15 10:20:37'),
(177,'cddad211-1ce6-42d8-b76b-dd1446ee3f03',9,1,0,0,1,'2018-05-15 10:20:46'),
(178,'bd23930f-3a58-4f14-a4b2-fc479b26bda3',12,1,1,1,1,'2018-05-15 11:01:45'),
(179,'bd23930f-3a58-4f14-a4b2-fc479b26bda3',13,1,1,1,1,'2018-05-15 11:01:49'),
(180,'bd23930f-3a58-4f14-a4b2-fc479b26bda3',14,1,1,1,1,'2018-05-15 11:01:54'),
(181,'cddad211-1ce6-42d8-b76b-dd1446ee3f03',12,1,1,1,1,'2018-05-15 11:02:29'),
(182,'cddad211-1ce6-42d8-b76b-dd1446ee3f03',13,1,1,1,1,'2018-05-15 11:02:33'),
(183,'cddad211-1ce6-42d8-b76b-dd1446ee3f03',14,1,1,1,1,'2018-05-15 11:02:37'),
(184,'cc5fcb33-9a55-43e5-9eec-3eff51da04d3',1,1,0,0,1,'2018-05-16 21:47:16'),
(185,'cc5fcb33-9a55-43e5-9eec-3eff51da04d3',2,1,0,0,1,'2018-05-16 21:47:21'),
(186,'cc5fcb33-9a55-43e5-9eec-3eff51da04d3',15,1,0,0,1,'2018-05-16 21:47:27'),
(187,'cc5fcb33-9a55-43e5-9eec-3eff51da04d3',16,1,0,0,1,'2018-05-16 21:47:31'),
(188,'cc5fcb33-9a55-43e5-9eec-3eff51da04d3',3,1,0,0,1,'2018-05-16 21:47:35'),
(189,'cc5fcb33-9a55-43e5-9eec-3eff51da04d3',17,1,0,0,1,'2018-05-16 21:47:39'),
(190,'cc5fcb33-9a55-43e5-9eec-3eff51da04d3',18,1,0,0,1,'2018-05-16 21:47:43'),
(191,'cc5fcb33-9a55-43e5-9eec-3eff51da04d3',4,1,0,0,1,'2018-05-16 21:47:48'),
(192,'cc5fcb33-9a55-43e5-9eec-3eff51da04d3',5,1,0,0,1,'2018-05-16 21:47:51'),
(193,'cc5fcb33-9a55-43e5-9eec-3eff51da04d3',19,1,0,0,1,'2018-05-16 21:47:56'),
(194,'cc5fcb33-9a55-43e5-9eec-3eff51da04d3',6,1,0,0,1,'2018-05-16 21:47:59'),
(195,'cc5fcb33-9a55-43e5-9eec-3eff51da04d3',20,1,0,0,1,'2018-05-16 21:48:03'),
(196,'cc5fcb33-9a55-43e5-9eec-3eff51da04d3',7,1,0,0,1,'2018-05-16 21:48:06'),
(197,'cc5fcb33-9a55-43e5-9eec-3eff51da04d3',21,1,0,0,1,'2018-05-16 21:48:10'),
(198,'cc5fcb33-9a55-43e5-9eec-3eff51da04d3',8,1,0,0,1,'2018-05-16 21:48:14'),
(199,'cc5fcb33-9a55-43e5-9eec-3eff51da04d3',9,1,0,0,1,'2018-05-16 21:48:18'),
(200,'17068eac-60dc-4cbf-bef1-68db1377b27a',1,1,0,0,1,'2018-05-16 21:51:33'),
(201,'17068eac-60dc-4cbf-bef1-68db1377b27a',2,1,0,0,1,'2018-05-16 21:53:53'),
(202,'17068eac-60dc-4cbf-bef1-68db1377b27a',15,1,0,0,1,'2018-05-16 21:53:58'),
(203,'17068eac-60dc-4cbf-bef1-68db1377b27a',16,1,0,0,1,'2018-05-16 21:54:02'),
(204,'17068eac-60dc-4cbf-bef1-68db1377b27a',3,1,0,0,1,'2018-05-16 21:54:05'),
(205,'17068eac-60dc-4cbf-bef1-68db1377b27a',17,1,0,0,1,'2018-05-16 21:54:10'),
(206,'17068eac-60dc-4cbf-bef1-68db1377b27a',18,1,0,0,1,'2018-05-16 21:54:15'),
(207,'17068eac-60dc-4cbf-bef1-68db1377b27a',4,1,0,0,1,'2018-05-16 21:54:21'),
(208,'17068eac-60dc-4cbf-bef1-68db1377b27a',5,1,0,0,1,'2018-05-16 21:54:26'),
(209,'17068eac-60dc-4cbf-bef1-68db1377b27a',19,1,0,0,1,'2018-05-16 21:54:30'),
(210,'17068eac-60dc-4cbf-bef1-68db1377b27a',6,1,0,0,1,'2018-05-16 21:54:33'),
(211,'17068eac-60dc-4cbf-bef1-68db1377b27a',20,1,0,0,1,'2018-05-16 21:54:37'),
(212,'17068eac-60dc-4cbf-bef1-68db1377b27a',7,1,0,0,1,'2018-05-16 21:54:40'),
(213,'17068eac-60dc-4cbf-bef1-68db1377b27a',21,1,0,0,1,'2018-05-16 21:54:44'),
(214,'17068eac-60dc-4cbf-bef1-68db1377b27a',8,1,0,0,1,'2018-05-16 21:54:48'),
(215,'17068eac-60dc-4cbf-bef1-68db1377b27a',9,1,0,0,1,'2018-05-16 21:54:52'),
(216,'6ce0627d-a54b-41b2-be7d-0a422a6ba641',12,1,1,1,1,'2018-05-16 22:04:27'),
(217,'6ce0627d-a54b-41b2-be7d-0a422a6ba641',13,1,1,1,1,'2018-05-16 22:05:09'),
(218,'6ce0627d-a54b-41b2-be7d-0a422a6ba641',14,1,1,1,1,'2018-05-16 22:05:15'),
(219,'ad5324ed-7268-4e32-8752-514767fa26c2',1,1,0,0,1,'2018-05-16 22:26:40'),
(220,'ad5324ed-7268-4e32-8752-514767fa26c2',2,1,0,0,1,'2018-05-16 22:26:45'),
(221,'ad5324ed-7268-4e32-8752-514767fa26c2',15,1,0,0,1,'2018-05-16 22:26:48'),
(222,'ad5324ed-7268-4e32-8752-514767fa26c2',16,1,0,0,1,'2018-05-16 22:26:52'),
(223,'ad5324ed-7268-4e32-8752-514767fa26c2',3,1,0,0,1,'2018-05-16 22:26:55'),
(224,'ad5324ed-7268-4e32-8752-514767fa26c2',17,1,0,0,1,'2018-05-16 22:26:59'),
(225,'ad5324ed-7268-4e32-8752-514767fa26c2',18,1,0,0,1,'2018-05-16 22:27:04'),
(226,'ad5324ed-7268-4e32-8752-514767fa26c2',4,1,0,0,1,'2018-05-16 22:27:08'),
(227,'ad5324ed-7268-4e32-8752-514767fa26c2',5,1,0,0,1,'2018-05-16 22:27:11'),
(228,'ad5324ed-7268-4e32-8752-514767fa26c2',19,1,0,0,1,'2018-05-16 22:27:15'),
(229,'ad5324ed-7268-4e32-8752-514767fa26c2',6,1,0,0,1,'2018-05-16 22:27:18'),
(230,'ad5324ed-7268-4e32-8752-514767fa26c2',20,1,0,0,1,'2018-05-16 22:27:22'),
(231,'ad5324ed-7268-4e32-8752-514767fa26c2',7,1,0,0,1,'2018-05-16 22:27:25'),
(232,'ad5324ed-7268-4e32-8752-514767fa26c2',21,1,0,0,1,'2018-05-16 22:27:29'),
(233,'ad5324ed-7268-4e32-8752-514767fa26c2',8,1,0,0,1,'2018-05-16 22:27:32'),
(234,'ad5324ed-7268-4e32-8752-514767fa26c2',9,1,0,0,1,'2018-05-16 22:27:36'),
(235,'223d113f-e225-44ec-b1dc-a5472b59c235',1,1,0,0,1,'2018-05-16 22:28:18'),
(236,'223d113f-e225-44ec-b1dc-a5472b59c235',2,1,0,0,1,'2018-05-16 22:34:42'),
(237,'223d113f-e225-44ec-b1dc-a5472b59c235',15,1,0,0,1,'2018-05-16 22:34:48'),
(238,'223d113f-e225-44ec-b1dc-a5472b59c235',16,1,0,0,1,'2018-05-16 22:34:52'),
(239,'223d113f-e225-44ec-b1dc-a5472b59c235',3,1,0,0,1,'2018-05-16 22:34:55'),
(240,'223d113f-e225-44ec-b1dc-a5472b59c235',17,1,0,0,1,'2018-05-16 22:34:58'),
(241,'223d113f-e225-44ec-b1dc-a5472b59c235',18,1,0,0,1,'2018-05-16 22:35:05'),
(242,'223d113f-e225-44ec-b1dc-a5472b59c235',4,1,0,0,1,'2018-05-16 22:35:08'),
(243,'223d113f-e225-44ec-b1dc-a5472b59c235',5,1,0,0,1,'2018-05-16 22:35:12'),
(244,'223d113f-e225-44ec-b1dc-a5472b59c235',19,1,0,0,1,'2018-05-16 22:35:16'),
(245,'223d113f-e225-44ec-b1dc-a5472b59c235',6,1,0,0,1,'2018-05-16 22:35:19'),
(246,'223d113f-e225-44ec-b1dc-a5472b59c235',20,1,0,0,1,'2018-05-16 22:35:22'),
(247,'223d113f-e225-44ec-b1dc-a5472b59c235',7,1,0,0,1,'2018-05-16 22:35:26'),
(248,'223d113f-e225-44ec-b1dc-a5472b59c235',21,1,0,0,1,'2018-05-16 22:35:30'),
(249,'223d113f-e225-44ec-b1dc-a5472b59c235',8,1,0,0,1,'2018-05-16 22:35:33'),
(250,'223d113f-e225-44ec-b1dc-a5472b59c235',9,1,0,0,1,'2018-05-16 22:35:38');

/*Table structure for table `customer` */

DROP TABLE IF EXISTS `customer`;

CREATE TABLE `customer` (
  `id` int(10) NOT NULL AUTO_INCREMENT,
  `name` varchar(30) NOT NULL,
  `type` int(10) DEFAULT NULL,
  `address` varchar(300) DEFAULT NULL,
  `contact` varchar(30) DEFAULT NULL,
  `email` varchar(30) DEFAULT NULL,
  `phone` varchar(30) DEFAULT NULL,
  `profileimage` varchar(30) DEFAULT NULL,
  `status` tinyint(1) DEFAULT '1',
  `created_at` timestamp NOT NULL DEFAULT CURRENT_TIMESTAMP,
  PRIMARY KEY (`id`)
) ENGINE=InnoDB AUTO_INCREMENT=45 DEFAULT CHARSET=utf8;

/*Data for the table `customer` */

insert  into `customer`(`id`,`name`,`type`,`address`,`contact`,`email`,`phone`,`profileimage`,`status`,`created_at`) values 
(23,'JCREW',60,'','BETTY UM','betty.um@intsa.net','','4ej6e11jgtgixo5',1,'2018-05-03 20:33:49'),
(24,'EXPRESS',60,'','JASON WOO','jason.woo@intsa.net','','1kbf3k85jgpmdg4i',1,'2018-05-03 20:34:28'),
(25,'LUCKY BRAND',60,'','TOM SHIN','tom.shin@intsa.net','','1kbf3k85jgpme2m4',1,'2018-05-03 20:34:57'),
(26,'COATS',77,'','','M@M.COM','','1kbf3k85jgpmf54t',1,'2018-05-03 20:35:47'),
(27,'SAYO',77,'','','S@S.COM','','1kbf3k85jgpmg3x1',1,'2018-05-03 20:36:32'),
(28,'A&E',77,'','','A@A.COM','','1kbf3k85jgpmgip6',1,'2018-05-03 20:36:51'),
(29,'FQL',77,'','','F@F.COM','','1kbf3k85jgpmgwwe',1,'2018-05-03 20:37:10'),
(30,'PLASTIC UNI',77,'','','P@P.COM','','1kbf3k85jgpmi32g',1,'2018-05-03 20:37:29'),
(31,'BEST LABEL',77,'','','B@B.COM','','1kbf3k85jgpmhqno',1,'2018-05-03 20:37:48'),
(32,'SEROM',77,'','','SE@SE.COM','','1kbf3k85jgpmikss',1,'2018-05-03 20:38:27'),
(33,'COMERCIAL BUCARO',77,'','','CB@CB.COM','','1kbf3k85jgpmj2bf',1,'2018-05-03 20:38:50'),
(34,'BOBBIN',77,'','','BO@BO.COM','','1kbf3k85jgpmjfpl',1,'2018-05-03 20:39:07'),
(35,'AT IMPRESOS',77,'','','AT@AT.COM','','1kbf3k85jgpmjurp',1,'2018-05-03 20:39:27'),
(36,'TEXTILES NUEVO MUNDO',76,'','','TNM@TNM.COM','','1kbf3k85jgpmkxlp',1,'2018-05-03 20:40:17'),
(37,'JH TEXTILES',76,'','','JH@JH.COM','','1kbf3k85jgpmlbrp',1,'2018-05-03 20:40:36'),
(38,'CLAROTEX GUATEMALA, S.A.',76,'','','CG@CG.COM','','1kbf3k85jgpmlt9b',1,'2018-05-03 20:40:58'),
(39,'TEXTILES GRAN FE',76,'','','GF@GF.COM','','1kbf3k85jgpmn7wg',1,'2018-05-03 20:42:04'),
(40,'ACRO S.A.',76,'','','AC@AC.COM','','1kbf3k85jgpmnvmb',1,'2018-05-03 20:42:35'),
(41,'JS PRINT S.A.',76,'','','JS@JS.COM','','1kbf3k85jgpmolpo',1,'2018-05-03 20:43:09'),
(42,'WJ GUATEMALA S.A.',76,'','','WJ@WJ.COM','','1kbf3k85jgpmpi1o',1,'2018-05-03 20:43:50'),
(43,'INT OFICINA',77,'','','accesorio@intsa.net','','4ej6c51jgs7uz4d',1,'2018-05-05 13:11:30'),
(44,'Chicos',60,'','','chicos@chicos.com','','4ej6iasjh2ih7yr',1,'2018-05-12 12:06:26');

/*Table structure for table `cut` */

DROP TABLE IF EXISTS `cut`;

CREATE TABLE `cut` (
  `id` int(10) NOT NULL AUTO_INCREMENT,
  `orderid` int(10) DEFAULT NULL,
  `fabric` varchar(30) DEFAULT NULL,
  `style` varchar(30) DEFAULT NULL,
  `color` varchar(30) DEFAULT NULL,
  `colorname` varchar(30) DEFAULT NULL,
  `lote` varchar(30) DEFAULT NULL,
  `yds` varchar(30) DEFAULT NULL,
  `cutdate` varchar(30) DEFAULT NULL,
  `cutord` varchar(30) DEFAULT NULL,
  `size1` varchar(30) DEFAULT NULL,
  `size2` varchar(30) DEFAULT NULL,
  `size3` varchar(30) DEFAULT NULL,
  `size4` varchar(30) DEFAULT NULL,
  `size5` varchar(30) DEFAULT NULL,
  `size6` varchar(30) DEFAULT NULL,
  `size7` varchar(30) DEFAULT NULL,
  `size8` varchar(30) DEFAULT NULL,
  `size9` varchar(30) DEFAULT NULL,
  `size10` varchar(30) DEFAULT NULL,
  `envio` varchar(30) DEFAULT NULL,
  `lienzos` varchar(30) DEFAULT NULL,
  `ydsetique` varchar(30) DEFAULT NULL,
  `malo` varchar(30) DEFAULT NULL,
  `faltante` varchar(30) DEFAULT NULL,
  `ydsused` varchar(30) DEFAULT NULL,
  `bies` varchar(30) DEFAULT NULL,
  `total` varchar(30) DEFAULT NULL,
  `qtyrollo` varchar(30) DEFAULT NULL,
  `tendedor` varchar(30) DEFAULT NULL,
  `remark` varchar(30) DEFAULT NULL,
  PRIMARY KEY (`id`)
) ENGINE=InnoDB AUTO_INCREMENT=18 DEFAULT CHARSET=utf8;

/*Data for the table `cut` */

/*Table structure for table `department` */

DROP TABLE IF EXISTS `department`;

CREATE TABLE `department` (
  `id` int(10) NOT NULL AUTO_INCREMENT,
  `factory` int(10) NOT NULL,
  `name` varchar(20) NOT NULL,
  `status` tinyint(1) NOT NULL DEFAULT '1',
  `created_at` timestamp NOT NULL DEFAULT CURRENT_TIMESTAMP,
  PRIMARY KEY (`id`)
) ENGINE=InnoDB AUTO_INCREMENT=46 DEFAULT CHARSET=utf8;

/*Data for the table `department` */

insert  into `department`(`id`,`factory`,`name`,`status`,`created_at`) values 
(34,26,'Dep1',1,'2018-04-28 20:46:11'),
(35,26,'Dep2',1,'2018-04-28 20:46:14'),
(36,28,'Administracion',1,'2018-04-28 20:46:18'),
(37,28,'Accesorio',1,'2018-05-03 20:01:23'),
(38,28,'Tela',1,'2018-05-03 20:01:29'),
(39,28,'Corte',1,'2018-05-03 20:01:34'),
(40,28,'Costura',1,'2018-05-03 20:01:41'),
(41,28,'Plancha',1,'2018-05-03 20:01:52'),
(42,28,'Empaque',1,'2018-05-03 20:02:14'),
(43,28,'Inspeccion',1,'2018-05-03 20:02:22'),
(44,28,'Exportacion',1,'2018-05-03 20:02:32'),
(45,28,'Movimiento',1,'2018-05-03 20:05:20');

/*Table structure for table `fabric` */

DROP TABLE IF EXISTS `fabric`;

CREATE TABLE `fabric` (
  `id` int(10) NOT NULL AUTO_INCREMENT,
  `code` varchar(30) NOT NULL,
  `name` varchar(80) NOT NULL,
  `status` tinyint(1) DEFAULT '1',
  `create_at` timestamp NOT NULL DEFAULT CURRENT_TIMESTAMP,
  PRIMARY KEY (`id`)
) ENGINE=InnoDB AUTO_INCREMENT=1584 DEFAULT CHARSET=utf8;

/*Data for the table `fabric` */

insert  into `fabric`(`id`,`code`,`name`,`status`,`create_at`) values 
(898,'F001','113202 (50/50) Poly/Cotton Single Jersey',1,'2018-05-11 14:04:00'),
(899,'F002','30 SC/Linen 45/55 Single Jersey',1,'2018-05-11 14:04:00'),
(900,'F003','Brush tiger  Rib 2x2',1,'2018-05-11 14:04:00'),
(901,'F004','Brush tiger  Single Jersey',1,'2018-05-11 14:04:00'),
(902,'F005','C/P (87/13) 30/1 Rib',1,'2018-05-11 14:04:00'),
(903,'F006','C/P (87/13) 30/1 Single Jersey',1,'2018-05-11 14:04:00'),
(904,'F007','C/P (90/10) 30/1 Rib',1,'2018-05-11 14:04:00'),
(905,'F008','C/P (90/10) 30/1 Rib 1x1',1,'2018-05-11 14:04:00'),
(906,'F009','C/P (90/10) 30/1 Single Jersey',1,'2018-05-11 14:04:00'),
(907,'F010','C/P (90/10) 40/1 Rib',1,'2018-05-11 14:04:00'),
(908,'F011','C/P (90/10) 40/1 Rib 1x1',1,'2018-05-11 14:04:00'),
(909,'F012','C/P (90/10) 40/1 Single Jersey',1,'2018-05-11 14:04:00'),
(910,'F013','C/P (95/05) 40/1 Rib 1x1',1,'2018-05-11 14:04:00'),
(911,'F014','C/P (95/05) 40/1 Single Jersey',1,'2018-05-11 14:04:00'),
(912,'F015','C/P (99/01) 40/1 Rib',1,'2018-05-11 14:04:00'),
(913,'F016','C/P (99/01) 40/1 Single Jersey',1,'2018-05-11 14:04:00'),
(914,'F017','CD 18/1 Rib 1x1',1,'2018-05-11 14:04:00'),
(915,'F018','CD 18/1 Slub Single',1,'2018-05-11 14:04:00'),
(916,'F019','CD 20/1 (OE) Rib 1x1',1,'2018-05-11 14:04:00'),
(917,'F020','CD 20/1 (OE) Single Jersey',1,'2018-05-11 14:04:00'),
(918,'F021','CD 20/1 Rib',1,'2018-05-11 14:04:00'),
(919,'F022','CD 20/1 Rib 1x1',1,'2018-05-11 14:04:00'),
(920,'F023','CD 20/1 Single Jersey',1,'2018-05-11 14:04:00'),
(921,'F024','CD 24/1 Single Jersey',1,'2018-05-11 14:04:00'),
(922,'F025','CD 24/1 Slub Single',1,'2018-05-11 14:04:00'),
(923,'F026','CD 30/1  Rib 1x1',1,'2018-05-11 14:04:00'),
(924,'F027','CD 30/1  Single Jersey',1,'2018-05-11 14:04:00'),
(925,'F028','CD 30/1  Slub Single',1,'2018-05-11 14:04:00'),
(926,'F029','Cloudy Slub Rib 2x2',1,'2018-05-11 14:04:00'),
(927,'F030','CM (60/40) 26/1 Rib',1,'2018-05-11 14:04:00'),
(928,'F031','CM (60/40) 26/1 Single Jersey',1,'2018-05-11 14:04:00'),
(929,'F032','CM (90/10) 30/1 Pique Single Jersey',1,'2018-05-11 14:04:00'),
(930,'F033','CM 16/1 Rib 1x1',1,'2018-05-11 14:04:00'),
(931,'F034','CM 16/1 Single Jersey',1,'2018-05-11 14:04:00'),
(932,'F035','CM 16/1 Slub Single',1,'2018-05-11 14:04:00'),
(933,'F036','CM 18/1 Single Jersey',1,'2018-05-11 14:04:00'),
(934,'F037','CM 20/1 + CD 20/1 Fleece',1,'2018-05-11 14:04:00'),
(935,'F038','CM 20/1 + CM 20/2 Mini Zurry Rib',1,'2018-05-11 14:04:00'),
(936,'F039','CM 20/1 + CM 20/2 Mini Zurry Single Jersey',1,'2018-05-11 14:04:00'),
(937,'F040','CM 20/1 + CM 26/1 Single Jersey',1,'2018-05-11 14:04:00'),
(938,'F041','CM 20/1 + CVC (50/50) 30/1  Slub Single',1,'2018-05-11 14:04:00'),
(939,'F042','CM 20/1 + PE 30/1 Single Jersey',1,'2018-05-11 14:04:00'),
(940,'F043','CM 20/1 + PE30/1 Slub Single',1,'2018-05-11 14:04:00'),
(941,'F044','CM 20/1 +CD 14/1 Mini Zurry Single Jersey',1,'2018-05-11 14:04:00'),
(942,'F045','CM 20/1 +CM 30/1 +CM 40/1 Slub Single',1,'2018-05-11 14:04:00'),
(943,'F046','CM 20/1 +CM 30/1 Slub Single',1,'2018-05-11 14:04:00'),
(944,'F047','CM 20/1 +CM 40/1 Slub Single',1,'2018-05-11 14:04:00'),
(945,'F048','CM 20/1 2*1 Rib',1,'2018-05-11 14:04:00'),
(946,'F049','CM 20/1 Rib',1,'2018-05-11 14:04:00'),
(947,'F050','CM 20/1 Rib 1x1',1,'2018-05-11 14:04:00'),
(948,'F051','CM 20/1 Rib 2x1',1,'2018-05-11 14:04:00'),
(949,'F052','CM 20/1 Rib 2x2',1,'2018-05-11 14:04:00'),
(950,'F053','CM 20/1 RS + CM 30/1 RS Slub Single',1,'2018-05-11 14:04:00'),
(951,'F054','CM 20/1 Single Jersey',1,'2018-05-11 14:04:00'),
(952,'F055','CM 20/1 Slub Single',1,'2018-05-11 14:04:00'),
(953,'F056','CM 20/1 Thermal Slub Single',1,'2018-05-11 14:04:00'),
(954,'F057','CM 20/2 Rib 1x1',1,'2018-05-11 14:04:00'),
(955,'F058','CM 24/1 Rib 1x1',1,'2018-05-11 14:04:00'),
(956,'F059','CM 24/1 Slub Single',1,'2018-05-11 14:04:00'),
(957,'F060','CM 26/1 + CM 40/1 Single Jersey',1,'2018-05-11 14:04:00'),
(958,'F061','CM 26/1 Single Jersey',1,'2018-05-11 14:04:00'),
(959,'F062','CM 26/1 Slub Single',1,'2018-05-11 14:04:00'),
(960,'F063','CM 26/2 Single Jersey',1,'2018-05-11 14:04:00'),
(961,'F064','CM 30/ + CM 20/1 + CVC 20/1 Mini Zurry',1,'2018-05-11 14:04:00'),
(962,'F065','CM 30/1 (90/10) OXEORD Rib 1x1',1,'2018-05-11 14:04:00'),
(963,'F066','CM 30/1 (HEAVY) Slub Single',1,'2018-05-11 14:04:00'),
(964,'F067','CM 30/1 + CD 14/1 Zurry Single Jersey',1,'2018-05-11 14:04:00'),
(965,'F068','CM 30/1 + CM 30/1 + CD 10 Zurry Single Jersey',1,'2018-05-11 14:04:00'),
(966,'F069','CM 30/1 + CM 30/1 + CVC (50/50) 20/1 Mini Zurry',1,'2018-05-11 14:04:00'),
(967,'F070','CM 30/1 + CM 30/1 + CVC 30/1 FLEECE Single Jersey',1,'2018-05-11 14:04:00'),
(968,'F071','CM 30/1 + CM 30/1 + Spand30 M/Zurry Single Jersey',1,'2018-05-11 14:04:00'),
(969,'F072','CM 30/1 + CVC (50/50) 12/1 Mini Zurry',1,'2018-05-11 14:04:00'),
(970,'F073','CM 30/1 + CVC 30/1 Slub Single',1,'2018-05-11 14:04:00'),
(971,'F074','CM 30/1 + PE 30/1 Single Jersey',1,'2018-05-11 14:04:00'),
(972,'F075','CM 30/1 + PE 30/1 Slub Single',1,'2018-05-11 14:04:00'),
(973,'F076','CM 30/1 + Span20d 1*1 Rib',1,'2018-05-11 14:04:00'),
(974,'F077','CM 30/1 + Span20d 4*2 Rib',1,'2018-05-11 14:04:00'),
(975,'F078','CM 30/1 + Span20d Rib 2x2',1,'2018-05-11 14:04:00'),
(976,'F079','CM 30/1 + Span20d Single Jersey',1,'2018-05-11 14:04:00'),
(977,'F080','CM 30/1 + Span30d French Terry',1,'2018-05-11 14:04:00'),
(978,'F081','CM 30/1 + Span30d Single Jersey',1,'2018-05-11 14:04:00'),
(979,'F082','CM 30/1 + Span30d Slub Single',1,'2018-05-11 14:04:00'),
(980,'F083','CM 30/1 + Span40d  Single Jersey',1,'2018-05-11 14:04:00'),
(981,'F084','CM 30/1 + Span70d Single Jersey',1,'2018-05-11 14:04:00'),
(982,'F085','CM 30/1 1*1 Rib',1,'2018-05-11 14:04:00'),
(983,'F086','CM 30/1 French Terry Single Jersey',1,'2018-05-11 14:04:00'),
(984,'F087','CM 30/1 Rib',1,'2018-05-11 14:04:00'),
(985,'F088','CM 30/1 Rib 1x1',1,'2018-05-11 14:04:00'),
(986,'F089','CM 30/1 Rib 2x1',1,'2018-05-11 14:04:00'),
(987,'F090','CM 30/1 Rib 2x2',1,'2018-05-11 14:04:00'),
(988,'F091','CM 30/1 Sakariba',1,'2018-05-11 14:04:00'),
(989,'F092','CM 30/1 Single Jersey',1,'2018-05-11 14:04:00'),
(990,'F093','CM 30/1 Slub Single',1,'2018-05-11 14:04:00'),
(991,'F094','CM 30/1 Streaky Slub Single',1,'2018-05-11 14:04:00'),
(992,'F095','CM 30/1 Thermal',1,'2018-05-11 14:04:00'),
(993,'F096','CM 30/1 Thermal Slub Single',1,'2018-05-11 14:04:00'),
(994,'F097','CM 30/1 Vitange + Span30d Slub Single',1,'2018-05-11 14:04:00'),
(995,'F098','CM 30/1 Vitange Rib',1,'2018-05-11 14:04:00'),
(996,'F099','CM 30/1Vitange Rib 1x1',1,'2018-05-11 14:04:00'),
(997,'F100','CM 30/1 Vitange Single Jersey',1,'2018-05-11 14:04:00'),
(998,'F101','CM 30/1 Vitange Slub Single',1,'2018-05-11 14:04:00'),
(999,'F102','CM 30/2 + CM 20/1 Mini Zurry Single Jersey',1,'2018-05-11 14:04:00'),
(1000,'F103','CM 30/2 Rib 1x1',1,'2018-05-11 14:04:00'),
(1001,'F104','CM 30/2 Single Jersey',1,'2018-05-11 14:04:00'),
(1002,'F105','CM 36/1 Rib 1x1',1,'2018-05-11 14:04:00'),
(1003,'F106','CM 36/1 Single Jersey',1,'2018-05-11 14:04:00'),
(1004,'F107','CM 40/1 + CM 26/1 Single Jersey',1,'2018-05-11 14:04:00'),
(1005,'F108','CM 40/1 + CM 30/2 Slub Single',1,'2018-05-11 14:04:00'),
(1006,'F109','CM 40/1 + CVC 30/1 Fleece',1,'2018-05-11 14:04:00'),
(1007,'F110','CM 40/1 + Span20d 1*1 Rib',1,'2018-05-11 14:04:00'),
(1008,'F111','CM 40/1 + Span20d 2*1 Rib',1,'2018-05-11 14:04:00'),
(1009,'F112','CM 40/1 + Span20d Rib 1x1',1,'2018-05-11 14:04:00'),
(1010,'F113','CM 40/1 + Span20d Rib 2x2',1,'2018-05-11 14:04:00'),
(1011,'F114','CM 40/1 + Span20d Single Jersey',1,'2018-05-11 14:04:00'),
(1012,'F115','CM 40/1 + Span40d Single Jersey',1,'2018-05-11 14:04:00'),
(1013,'F116','CM 40/1 + Span75d Reversible Single Jersey',1,'2018-05-11 14:04:00'),
(1014,'F117','CM 40/1 +CM 30/1 +CM 20/1 Slub Single',1,'2018-05-11 14:04:00'),
(1015,'F118','CM 40/1 +CM 40/1 + Span40d Single Jersey',1,'2018-05-11 14:04:00'),
(1016,'F119','CM 40/1 Rib',1,'2018-05-11 14:04:00'),
(1017,'F120','CM 40/1 Rib 1x1',1,'2018-05-11 14:04:00'),
(1018,'F121','CM 40/1 Single Jersey',1,'2018-05-11 14:04:00'),
(1019,'F122','CM 40/1 Slub Single',1,'2018-05-11 14:04:00'),
(1020,'F123','CM 40/1 Waffle Single Jersey',1,'2018-05-11 14:04:00'),
(1021,'F124','CM 50/1 + Span20d Rib',1,'2018-05-11 14:04:00'),
(1022,'F125','CM 50/1 + Span20d Rib 1x1',1,'2018-05-11 14:04:00'),
(1023,'F126','CM 50/1 + Span20d Rib 2x2',1,'2018-05-11 14:04:00'),
(1024,'F127','CM 50/1 + Span20d Single Jersey',1,'2018-05-11 14:04:00'),
(1025,'F128','CM 50/1 + Span30d 1*1 Rib',1,'2018-05-11 14:04:00'),
(1026,'F129','CM 50/1 + Span40d Single Jersey',1,'2018-05-11 14:04:00'),
(1027,'F130','CM 50/1 1*1 Rib',1,'2018-05-11 14:04:00'),
(1028,'F131','CM 60/2 Rib 1x1',1,'2018-05-11 14:04:00'),
(1029,'F132','CM 60/2 Single Jersey',1,'2018-05-11 14:04:00'),
(1030,'F133','CM/Modal (50/50) 30/1 Single Jersey',1,'2018-05-11 14:04:00'),
(1031,'F134','CM/Modal (50/50) 40/1 + Span20d Rib 1x1',1,'2018-05-11 14:04:00'),
(1032,'F135','CM/Modal (50/50) 40/1 + Span30d Rib 1x1',1,'2018-05-11 14:04:00'),
(1033,'F136','CM/Modal (50/50) 40/1 + Supima/Modal French Terry Single Jersey',1,'2018-05-11 14:04:00'),
(1034,'F137','CM/Modal (50/50) 40/1 Single Jersey',1,'2018-05-11 14:04:00'),
(1035,'F138','CM/Modal (60/40)  30/1  Single Jersey',1,'2018-05-11 14:04:00'),
(1036,'F139','CM/Modal (60/40) 40/1 + Span20d Rib 1x1',1,'2018-05-11 14:04:00'),
(1037,'F140','CM/Modal (60/40) 40/1 Single Jersey',1,'2018-05-11 14:04:00'),
(1038,'F141','CM/Modal (60/40) 40/1 Slub Single',1,'2018-05-11 14:04:00'),
(1039,'F142','CM/Modal 40/1 + Supima Slub Single',1,'2018-05-11 14:04:00'),
(1040,'F143','Cott/Modal 30/1 (50/50) Siro M. Zurry Single Jersey',1,'2018-05-11 14:04:00'),
(1041,'F144','CTN / TENCEL Single Jersey',1,'2018-05-11 14:04:00'),
(1042,'F145','CTT/Modal (50/50) 30/1  Single Jersey',1,'2018-05-11 14:04:00'),
(1043,'F146','CVC (50/30/20) HTR 20% 30/1 Single Jersey',1,'2018-05-11 14:04:00'),
(1044,'F147','CVC (50/40/40) HTR 20% 30/1 Single Jersey',1,'2018-05-11 14:04:00'),
(1045,'F148','CVC (50/50) 20/1 + CD 20/1 French Terry',1,'2018-05-11 14:04:00'),
(1046,'F149','CVC (50/50) 20/1 + CVC (50/50) 20/1 Single Jersey',1,'2018-05-11 14:04:00'),
(1047,'F150','CVC (50/50) 20/1 + PE 150/96F STRIPE Pique',1,'2018-05-11 14:04:00'),
(1048,'F151','CVC (50/50) 20/1 Mini Zurry',1,'2018-05-11 14:04:00'),
(1049,'F152','CVC (50/50) 20/1 Rib',1,'2018-05-11 14:04:00'),
(1050,'F153','CVC (50/50) 20/1 Rib 1x1',1,'2018-05-11 14:04:00'),
(1051,'F154','CVC (50/50) 20/1 Rib 2x2',1,'2018-05-11 14:04:00'),
(1052,'F155','CVC (50/50) 20/1 Single Jersey',1,'2018-05-11 14:04:00'),
(1053,'F156','CVC (50/50) 20/1 Slub Single',1,'2018-05-11 14:04:00'),
(1054,'F157','CVC (50/50) 20/1 Waffle',1,'2018-05-11 14:04:00'),
(1055,'F158','CVC (50/50) 20/1 Yoko',1,'2018-05-11 14:04:00'),
(1056,'F159','CVC (50/50) 20/1 Zurry Rib 1x1',1,'2018-05-11 14:04:00'),
(1057,'F160','CVC (50/50) 20/1 Zurry Single Jersey',1,'2018-05-11 14:04:00'),
(1058,'F161','CVC (50/50) 20/2 Rib 1x1',1,'2018-05-11 14:04:00'),
(1059,'F162','CVC (50/50) 24/1 Recycle  Single Jersey',1,'2018-05-11 14:04:00'),
(1060,'F163','CVC (50/50) 26/1 Pique',1,'2018-05-11 14:04:00'),
(1061,'F164','CVC (50/50) 26/1 Rib',1,'2018-05-11 14:04:00'),
(1062,'F165','CVC (50/50) 26/1 Single Jersey',1,'2018-05-11 14:04:00'),
(1063,'F166','CVC (50/50) 26/1 Slub Single',1,'2018-05-11 14:04:00'),
(1064,'F167','CVC (50/50) 30/1 + CVC (50/50) 20/1 French Terry',1,'2018-05-11 14:04:00'),
(1065,'F168','CVC (50/50) 30/1 + CVC (50/50) 20/1 Sakariba',1,'2018-05-11 14:04:00'),
(1066,'F169','CVC (50/50) 30/1 + CVC (50/50) 30/1 + CVC (50/50) 20/1 French Terry',1,'2018-05-11 14:04:00'),
(1067,'F170','CVC (50/50) 30/1 + CVC (50/50) 30/1 + CVC (50/50) 20/1 Single Jersey',1,'2018-05-11 14:04:00'),
(1068,'F171','CVC (50/50) 30/1 + CVC (50/50) 30/1 Sakariba',1,'2018-05-11 14:04:00'),
(1069,'F172','CVC (50/50) 30/1 + CVC (55/45) 40/1 Single Jersey',1,'2018-05-11 14:04:00'),
(1070,'F173','CVC (50/50) 30/1 + CVC (60/40) 40/1  Snow  Single Jersey',1,'2018-05-11 14:04:00'),
(1071,'F174','CVC (50/50) 30/1 + PE 100/96F  Single Jersey',1,'2018-05-11 14:04:00'),
(1072,'F175','CVC (50/50) 30/1 + PE 150/96F + PE 150/96F Mini Zurry',1,'2018-05-11 14:04:00'),
(1073,'F176','CVC (50/50) 30/1 + PE 30/1 + CM 30/1 Single Jersey',1,'2018-05-11 14:04:00'),
(1074,'F177','CVC (50/50) 30/1 + PE 30/1 Single Jersey',1,'2018-05-11 14:04:00'),
(1075,'F178','CVC (50/50) 30/1 + PE 30/1 Slub Single',1,'2018-05-11 14:04:00'),
(1076,'F179','CVC (50/50) 30/1 + Span20d Pique Single Jersey',1,'2018-05-11 14:04:00'),
(1077,'F180','CVC (50/50) 30/1 + Span20d Single Jersey',1,'2018-05-11 14:04:00'),
(1078,'F181','CVC (50/50) 30/1 + Span20d Thermal',1,'2018-05-11 14:04:00'),
(1079,'F182','CVC (50/50) 30/1 + Span70d  Rib',1,'2018-05-11 14:04:00'),
(1080,'F183','CVC (50/50) 30/1 + Span70d  Rib 1x1',1,'2018-05-11 14:04:00'),
(1081,'F184','CVC (50/50) 30/1 + Span70d  Rib 2x1',1,'2018-05-11 14:04:00'),
(1082,'F185','CVC (50/50) 30/1 + Spand30 2*1 Rib',1,'2018-05-11 14:04:00'),
(1083,'F186','CVC (50/50) 30/1 + T/C (84/16) 30/1 + PE 30/1 Single Jersey',1,'2018-05-11 14:04:00'),
(1084,'F187','CVC (50/50) 30/1 + T/C (84/16) 30/1 + PE 30/1 Slub Single',1,'2018-05-11 14:04:00'),
(1085,'F188','CVC (50/50) 30/1 +Span20d Pique Single Jersey',1,'2018-05-11 14:04:00'),
(1086,'F189','CVC (50/50) 30/1 +Span70d Rib 1x1',1,'2018-05-11 14:04:00'),
(1087,'F190','CVC (50/50) 30/1 Burnout',1,'2018-05-11 14:04:00'),
(1088,'F191','CVC (50/50) 30/1 French Terry',1,'2018-05-11 14:04:00'),
(1089,'F192','CVC (50/50) 30/1 French Terry Single Jersey',1,'2018-05-11 14:04:00'),
(1090,'F193','CVC (50/50) 30/1 Mini Zurry',1,'2018-05-11 14:04:00'),
(1091,'F194','CVC (50/50) 30/1 Mini Zurry Single Jersey',1,'2018-05-11 14:04:00'),
(1092,'F195','CVC (50/50) 30/1 Mock Twist Rib',1,'2018-05-11 14:04:00'),
(1093,'F196','CVC (50/50) 30/1 Mock Twist Rib 1x1',1,'2018-05-11 14:04:00'),
(1094,'F197','CVC (50/50) 30/1 Mock Twist Single Jersey',1,'2018-05-11 14:04:00'),
(1095,'F198','CVC (50/50) 30/1 Pique Single Jersey',1,'2018-05-11 14:04:00'),
(1096,'F199','CVC (50/50) 30/1 Rib',1,'2018-05-11 14:04:00'),
(1097,'F200','CVC (50/50) 30/1 Rib 1x1',1,'2018-05-11 14:04:00'),
(1098,'F201','CVC (50/50) 30/1 Rib 2x2',1,'2018-05-11 14:04:00'),
(1099,'F202','CVC (50/50) 30/1 Rib 3x3',1,'2018-05-11 14:04:00'),
(1100,'F203','CVC (50/50) 30/1 Rib 4x2',1,'2018-05-11 14:04:00'),
(1101,'F204','CVC (50/50) 30/1 Sakariba',1,'2018-05-11 14:04:00'),
(1102,'F205','CVC (50/50) 30/1 Single Jersey',1,'2018-05-11 14:04:00'),
(1103,'F206','CVC (50/50) 30/1 SIRO + CM 30/1 Slub Single',1,'2018-05-11 14:04:00'),
(1104,'F207','CVC (50/50) 30/1 SIRO + CVC (50/50) 30/1 Rib 1x1',1,'2018-05-11 14:04:00'),
(1105,'F208','CVC (50/50) 30/1 SIRO + CVC (50/50) 30/1 Thermal',1,'2018-05-11 14:04:00'),
(1106,'F209','CVC (50/50) 30/1 SIRO Rib',1,'2018-05-11 14:04:00'),
(1107,'F210','CVC (50/50) 30/1 SIRO Rib 1x1',1,'2018-05-11 14:04:00'),
(1108,'F211','CVC (50/50) 30/1 SIRO Single Jersey',1,'2018-05-11 14:04:00'),
(1109,'F212','CVC (50/50) 30/1 SIRO Thermal',1,'2018-05-11 14:04:00'),
(1110,'F213','CVC (50/50) 30/1 SIRO Waffle',1,'2018-05-11 14:04:00'),
(1111,'F214','CVC (50/50) 30/1 Slub Single',1,'2018-05-11 14:04:00'),
(1112,'F215','CVC (50/50) 30/1 Snow (HTR) Single Jersey',1,'2018-05-11 14:04:00'),
(1113,'F216','CVC (50/50) 30/1 Thermal',1,'2018-05-11 14:04:00'),
(1114,'F217','CVC (50/50) 30/1 Thermal Single Jersey',1,'2018-05-11 14:04:00'),
(1115,'F218','CVC (50/50) 30/1 Waffle',1,'2018-05-11 14:04:00'),
(1116,'F219','CVC (50/50) 30/2 Rib 1x1',1,'2018-05-11 14:04:00'),
(1117,'F220','CVC (50/50) 33/1  Rib 1x1',1,'2018-05-11 14:04:00'),
(1118,'F221','CVC (50/50) 33/1  Rib 2x2',1,'2018-05-11 14:04:00'),
(1119,'F222','CVC (50/50) 33/1  Single Jersey',1,'2018-05-11 14:04:00'),
(1120,'F223','CVC (50/50) 33/1 + Span20d 1*1 Rib',1,'2018-05-11 14:04:00'),
(1121,'F224','CVC (50/50) 34/1 2*2 Rib',1,'2018-05-11 14:04:00'),
(1122,'F225','CVC (50/50) 34/1 Rib 2x2',1,'2018-05-11 14:04:00'),
(1123,'F226','CVC (50/50) 34/1 Slub Single',1,'2018-05-11 14:04:00'),
(1124,'F227','CVC (50/50) 40/1 + Span20d Rib 1x1',1,'2018-05-11 14:04:00'),
(1125,'F228','CVC (50/50) 40/1 + Spand20 2*1 Rib',1,'2018-05-11 14:04:00'),
(1126,'F229','CVC (50/50) 40/1 2*1 Rib',1,'2018-05-11 14:04:00'),
(1127,'F230','CVC (50/50) 40/1 Rib',1,'2018-05-11 14:04:00'),
(1128,'F231','CVC (50/50) 40/1 Rib 1x1',1,'2018-05-11 14:04:00'),
(1129,'F232','CVC (50/50) 40/1 Single Jersey',1,'2018-05-11 14:04:00'),
(1130,'F233','CVC (50/50) 40/1 Slub Single',1,'2018-05-11 14:04:00'),
(1131,'F234','CVC (50/50) 40/1 Thermal Single Jersey',1,'2018-05-11 14:04:00'),
(1132,'F235','CVC (50/50) 40/1 Waffle',1,'2018-05-11 14:04:00'),
(1133,'F236','CVC (55/45) 20/2 Rib 1x1',1,'2018-05-11 14:04:00'),
(1134,'F237','CVC (55/45) 30/1  Single Jersey',1,'2018-05-11 14:04:00'),
(1135,'F238','CVC (55/45) 30/1 + Span20d Single Jersey',1,'2018-05-11 14:04:00'),
(1136,'F239','CVC (55/45) 40/1  Single Jersey',1,'2018-05-11 14:04:00'),
(1137,'F240','CVC (55/45) 40/1 + PE 30/1 Single Jersey',1,'2018-05-11 14:04:00'),
(1138,'F241','CVC (60/40)  30/1 SNOW Rib 2x2',1,'2018-05-11 14:04:00'),
(1139,'F242','CVC (60/40) 26/1 Rib',1,'2018-05-11 14:04:00'),
(1140,'F243','CVC (60/40) 26/1 Rib 1x1',1,'2018-05-11 14:04:00'),
(1141,'F244','CVC (60/40) 26/1 Single Jersey',1,'2018-05-11 14:04:00'),
(1142,'F245','CVC (60/40) 30/1 + CVC (60/40) 40/1 Zurry Single Jersey',1,'2018-05-11 14:04:00'),
(1143,'F246','CVC (60/40) 30/1 Rib',1,'2018-05-11 14:04:00'),
(1144,'F247','CVC (60/40) 30/1 Rib 1x1',1,'2018-05-11 14:04:00'),
(1145,'F248','CVC (60/40) 30/1 Single Jersey',1,'2018-05-11 14:04:00'),
(1146,'F249','CVC (60/40) 30/1 Zurry Single Jersey',1,'2018-05-11 14:04:00'),
(1147,'F250','CVC (60/40) 40/1  Single Jersey',1,'2018-05-11 14:04:00'),
(1148,'F251','CVC (60/40) 40/1 + Span20d Pique Single Jersey',1,'2018-05-11 14:04:00'),
(1149,'F252','CVC (70/30) 30/1 + CVC (70/30) 30/1 Zurry Single Jersey',1,'2018-05-11 14:04:00'),
(1150,'F253','CVC (70/30) 30/1 Rib 1x1',1,'2018-05-11 14:04:00'),
(1151,'F254','CVC (70/30) 30/1 Single Jersey',1,'2018-05-11 14:04:00'),
(1152,'F255','CVC (75/25) 30/1 + Supima/Modal  Single Jersey',1,'2018-05-11 14:04:00'),
(1153,'F256','CVC (75/25) 30/1 Single Jersey',1,'2018-05-11 14:04:00'),
(1154,'F257','CVC (75/25) 30/1 Slub Single',1,'2018-05-11 14:04:00'),
(1155,'F258','CVC (75/25) 40/1 Rib 1x1',1,'2018-05-11 14:04:00'),
(1156,'F259','CVC (75/25) 40/1 Single Jersey',1,'2018-05-11 14:04:00'),
(1157,'F260','CVC (83/17) 30/1 + CVC (50/50) + PE 30/1 Rib',1,'2018-05-11 14:04:00'),
(1158,'F261','CVC (83/17) 30/1 + CVC (50/50) + PE 30/1 Single Jersey',1,'2018-05-11 14:04:00'),
(1159,'F262','CVC (85/15) 30/ RS Single Jersey',1,'2018-05-11 14:04:00'),
(1160,'F263','CVC (85/15) 40/1 + Span20d Rib 1x1',1,'2018-05-11 14:04:00'),
(1161,'F264','CVC (86/14) 30/1 + Span30d Single Jersey',1,'2018-05-11 14:04:00'),
(1162,'F265','CVC (86/14) 30/1 + Supima/Micromodal 30/1 Slub Single',1,'2018-05-11 14:04:00'),
(1163,'F266','CVC (86/14) 30/1 Rib',1,'2018-05-11 14:04:00'),
(1164,'F267','CVC (86/14) 30/1 Rib 1x1',1,'2018-05-11 14:04:00'),
(1165,'F268','CVC (86/14) 30/1 Rib 2x2',1,'2018-05-11 14:04:00'),
(1166,'F269','CVC (86/14) 30/1 Single Jersey',1,'2018-05-11 14:04:00'),
(1167,'F270','CVC (86/14) 30/1 Slub Single',1,'2018-05-11 14:04:00'),
(1168,'F271','CVC (86/14) 40/1 Single Jersey',1,'2018-05-11 14:04:00'),
(1169,'F272','CVC (87/13) 30/1 Injeted  Single Jersey',1,'2018-05-11 14:04:00'),
(1170,'F273','CVC (87/13) 30/1 Injeted Mini Zurry Single Jersey',1,'2018-05-11 14:04:00'),
(1171,'F274','CVC (87/13) 30/1 Injeted Thermal Single Jersey',1,'2018-05-11 14:04:00'),
(1172,'F275','CVC (87/13) 30/1 Rib 1x1',1,'2018-05-11 14:04:00'),
(1173,'F276','CVC (87/13) 30/1 Single Jersey',1,'2018-05-11 14:04:00'),
(1174,'F277','CVC (90/10) 20/1 + CD 20/1 French Terry',1,'2018-05-11 14:04:00'),
(1175,'F278','CVC (90/10) 20/1 + CM 20/1 STRIPE Single Jersey',1,'2018-05-11 14:04:00'),
(1176,'F279','CVC (90/10) 20/1 Rib',1,'2018-05-11 14:04:00'),
(1177,'F280','CVC (90/10) 20/1 Rib 2x2',1,'2018-05-11 14:04:00'),
(1178,'F281','CVC (90/10) 20/1 Single Jersey',1,'2018-05-11 14:04:00'),
(1179,'F282','CVC (90/10) 30/1  French Terry',1,'2018-05-11 14:04:00'),
(1180,'F283','CVC (90/10) 30/1  Rib 1x1',1,'2018-05-11 14:04:00'),
(1181,'F284','CVC (90/10) 30/1  Rib 2x2',1,'2018-05-11 14:04:00'),
(1182,'F285','CVC (90/10) 30/1  Single Jersey',1,'2018-05-11 14:04:00'),
(1183,'F286','CVC (90/10) 30/1 + Span20d Single Jersey',1,'2018-05-11 14:04:00'),
(1184,'F287','CVC (90/10) 40/1 + Span20d Rib 1x1',1,'2018-05-11 14:04:00'),
(1185,'F288','CVC + CM + CM 30/1 Slub Single',1,'2018-05-11 14:04:00'),
(1186,'F289','CVC 18 + CD (50/50) Single Jersey',1,'2018-05-11 14:04:00'),
(1187,'F290','CVC 20/1 French Terry Single Jersey',1,'2018-05-11 14:04:00'),
(1188,'F291','CVC 28/1 (86/14) French Terry Single Jersey',1,'2018-05-11 14:04:00'),
(1189,'F292','CVC 30/1 + CVC (86/14) Single Jersey',1,'2018-05-11 14:04:00'),
(1190,'F293','CVC 30/1 + CVC 28/1 Single Jersey',1,'2018-05-11 14:04:00'),
(1191,'F294','CVC 30/1 + CVC 30/1 Mini Zurry',1,'2018-05-11 14:04:00'),
(1192,'F295','CVC 30/1 + CVC 30/1 Single Jersey',1,'2018-05-11 14:04:00'),
(1193,'F296','CVC 30/1 + CVC 30/1 Slub Single',1,'2018-05-11 14:04:00'),
(1194,'F297','CVC 30/1 + CVC 40/1 French Terry',1,'2018-05-11 14:04:00'),
(1195,'F298','CVC 30/1 + CVC 40/1 Rib',1,'2018-05-11 14:04:00'),
(1196,'F299','CVC 30/1 + CVC 40/1 Rib 1x1',1,'2018-05-11 14:04:00'),
(1197,'F300','CVC 30/1 + PE 70/72F Slub Single',1,'2018-05-11 14:04:00'),
(1198,'F301','CVC 30/1 + Span20d Rib 1x1',1,'2018-05-11 14:04:00'),
(1199,'F302','CVC 30/1 + Span20d Single Jersey',1,'2018-05-11 14:04:00'),
(1200,'F303','CVC 30/1 + Span20d Slub Single',1,'2018-05-11 14:04:00'),
(1201,'F304','CVC 30/1 + Span30d Mini Zurry',1,'2018-05-11 14:04:00'),
(1202,'F305','CVC 30/1 + Span30d Rib 1x1',1,'2018-05-11 14:04:00'),
(1203,'F306','CVC 30/1 + Span30d Single Jersey',1,'2018-05-11 14:04:00'),
(1204,'F307','CVC 30/1 + Span30d Slub Single',1,'2018-05-11 14:04:00'),
(1205,'F308','CVC 30/1 + T/C (85/15) 30/1  Single Jersey',1,'2018-05-11 14:04:00'),
(1206,'F309','CVC 30/1 + T/C (86/14) 30/1 Single Jersey',1,'2018-05-11 14:04:00'),
(1207,'F310','CVC 30/1 +CVC 30/1 +CVC 20/1 Mini Zurry',1,'2018-05-11 14:04:00'),
(1208,'F311','CVC 30/1 +Span30d 2*1 Rib',1,'2018-05-11 14:04:00'),
(1209,'F312','CVC 30/1 2*2 Rib',1,'2018-05-11 14:04:00'),
(1210,'F313','CVC 30/1 Burnout Single Jersey',1,'2018-05-11 14:04:00'),
(1211,'F314','CVC 30/1 French Terry Single Jersey',1,'2018-05-11 14:04:00'),
(1212,'F315','CVC 30/1 SIRO + CVC 30/1 Rib',1,'2018-05-11 14:04:00'),
(1213,'F316','CVC 30/1 SIRO + CVC 30/1 Single Jersey',1,'2018-05-11 14:04:00'),
(1214,'F317','CVC 30/1 SIRO + CVC 30/1 Slub Single',1,'2018-05-11 14:04:00'),
(1215,'F318','CVC 30/1 SIRO + PE 30/1 Rib',1,'2018-05-11 14:04:00'),
(1216,'F319','CVC 30/1 SIRO + PE 30/1 Slub Single',1,'2018-05-11 14:04:00'),
(1217,'F320','CVC 30/1 Vintage Slub Single',1,'2018-05-11 14:04:00'),
(1218,'F321','CVC 30/1 Waffle Single Jersey',1,'2018-05-11 14:04:00'),
(1219,'F322','CVC 40/1  + Span30d Single Jersey',1,'2018-05-11 14:04:00'),
(1220,'F323','CVC 40/1 + CVC 30/1 Zurry Single Jersey',1,'2018-05-11 14:04:00'),
(1221,'F324','CVC 40/1 + PE 20/1 M Zurry Single Jersey',1,'2018-05-11 14:04:00'),
(1222,'F325','CVC 40/1 + Span20d Rib',1,'2018-05-11 14:04:00'),
(1223,'F326','CVC 40/1 + Span20d Rib 1x1',1,'2018-05-11 14:04:00'),
(1224,'F327','CVC 40/1 + Span20d Rib 2x2',1,'2018-05-11 14:04:00'),
(1225,'F328','CVC 40/1 + Span20d Single Jersey',1,'2018-05-11 14:04:00'),
(1226,'F329','CVC 40/1 + Span20d Waffle Single Jersey',1,'2018-05-11 14:04:00'),
(1227,'F330','CVC 40/1 +PE 20/1 Mini Zurry Single Jersey',1,'2018-05-11 14:04:00'),
(1228,'F331','CVC 40/1 +Supima 50/1 DUO Single Jersey',1,'2018-05-11 14:04:00'),
(1229,'F332','CVC 40/1 Mesh Single Jersey',1,'2018-05-11 14:04:00'),
(1230,'F333','CVC 50/1 + Spand20 2*1 Rib',1,'2018-05-11 14:04:00'),
(1231,'F334','Double Betton Stripe Single Jersey',1,'2018-05-11 14:04:00'),
(1232,'F335','Honey Tiger  Rib 2x2',1,'2018-05-11 14:04:00'),
(1233,'F336','Honey Tiger  Single Jersey',1,'2018-05-11 14:04:00'),
(1234,'F337','Hudson Tiger Rib',1,'2018-05-11 14:04:00'),
(1235,'F338','M.Modal 40/1 + CVC 30/1 + Span20d Mini Single Jersey',1,'2018-05-11 14:04:00'),
(1236,'F339','M.Modal 40/1 + CVC 30/1 + Span20d Mini Slub Single',1,'2018-05-11 14:04:00'),
(1237,'F340','M.Modal 40/1 + Span20d Rib 2x2',1,'2018-05-11 14:04:00'),
(1238,'F341','M.Modal 40/1 + Span20d Single Jersey',1,'2018-05-11 14:04:00'),
(1239,'F342','M.Modal 40/1 AIR + CVC 30/1 + Span20d Single Jersey',1,'2018-05-11 14:04:00'),
(1240,'F343','M/Modal 30/1 + M/Modal 30/1 + Spn30d Single Jersey',1,'2018-05-11 14:04:00'),
(1241,'F344','M/Modal 30/1 + M/Modal 30/1 Single Jersey',1,'2018-05-11 14:04:00'),
(1242,'F345','M/Modal 30/1 + M/P 30/1 Single Jersey',1,'2018-05-11 14:04:00'),
(1243,'F346','M/Modal 30/1 + M/T (50/50) 30/1 + Span20d Single Jersey',1,'2018-05-11 14:04:00'),
(1244,'F347','M/Modal 30/1 +CM 30/1 Single Jersey',1,'2018-05-11 14:04:00'),
(1245,'F348','M/P (50/50) 30/1 + M/P (50/50) 30/1 + Span30d Single Jersey',1,'2018-05-11 14:04:00'),
(1246,'F349','M/P (50/50) 30/1 + Modal 30 Single Jersey',1,'2018-05-11 14:04:00'),
(1247,'F350','M/P (50/50) 40/1 + Modal  Rib',1,'2018-05-11 14:04:00'),
(1248,'F351','M/P 30/1 + M/Modal 30/1 Single Jersey',1,'2018-05-11 14:04:00'),
(1249,'F352','M/P 30/1 + M/P 30/1 + Span20d Slub Single',1,'2018-05-11 14:04:00'),
(1250,'F353','M/Poly + P/Modal Single Jersey',1,'2018-05-11 14:04:00'),
(1251,'F354','Micromodal 30/1  Single Jersey',1,'2018-05-11 14:04:00'),
(1252,'F355','Micromodal 30/1 + CM 30/1 Single Jersey',1,'2018-05-11 14:04:00'),
(1253,'F356','Micromodal 30/1 + Span20d Single Jersey',1,'2018-05-11 14:04:00'),
(1254,'F357','Micromodal 30/1 + Span30d  Single Jersey',1,'2018-05-11 14:04:00'),
(1255,'F358','Micromodal 30/1 + Span70d Single Jersey',1,'2018-05-11 14:04:00'),
(1256,'F359','Micromodal 30/1 +PE 30/1 +Span30d Single Jersey',1,'2018-05-11 14:04:00'),
(1257,'F360','Micromodal 30/1 +Pe 30/1 Single Jersey',1,'2018-05-11 14:04:00'),
(1258,'F361','Micromodal 40/1 + Span20d Single Jersey',1,'2018-05-11 14:04:00'),
(1259,'F362','Micromodal 40/1 Airjet Single Jersey',1,'2018-05-11 14:04:00'),
(1260,'F363','Micromodal/Supima (52/48) 40/1 Single Jersey',1,'2018-05-11 14:04:00'),
(1261,'F364','Micromodal/Supima (70/30) 30/1  Single Jersey',1,'2018-05-11 14:04:00'),
(1262,'F365','Micromodal/Supima (70/30) 40/1 Single Jersey',1,'2018-05-11 14:04:00'),
(1263,'F366','Microtencel 20/1 Single Jersey',1,'2018-05-11 14:04:00'),
(1264,'F367','Microtencel 28/1 Single Jersey',1,'2018-05-11 14:04:00'),
(1265,'F368','Microtencel 28/1 Slub Single',1,'2018-05-11 14:04:00'),
(1266,'F369','Microtencel 30/1 + Span20d Pique Single Jersey',1,'2018-05-11 14:04:00'),
(1267,'F370','Microtencel 30/1 + Span30d Single Jersey',1,'2018-05-11 14:04:00'),
(1268,'F371','Microtencel 30/1 Rib',1,'2018-05-11 14:04:00'),
(1269,'F372','Microtencel 30/1 Rib 1x1',1,'2018-05-11 14:04:00'),
(1270,'F373','Microtencel 30/1 Single Jersey',1,'2018-05-11 14:04:00'),
(1271,'F374','Modal + Spander (95/05) Rib 2x1',1,'2018-05-11 14:04:00'),
(1272,'F375','Modal + Spander (95/05) Rib 2x2',1,'2018-05-11 14:04:00'),
(1273,'F376','Modal 24/1 + PE 75/72 + Span40d Damboru',1,'2018-05-11 14:04:00'),
(1274,'F377','Modal 24/1 + Span70d Single Jersey',1,'2018-05-11 14:04:00'),
(1275,'F378','Modal 30/1  Single Jersey',1,'2018-05-11 14:04:00'),
(1276,'F379','Modal 30/1 + Span20d Single Jersey',1,'2018-05-11 14:04:00'),
(1277,'F380','Modal 30/1 + Span30d Single Jersey',1,'2018-05-11 14:04:00'),
(1278,'F381','Modal 30/1 + Span70d Single Jersey',1,'2018-05-11 14:04:00'),
(1279,'F382','Modal 40/1 + Span20d Airjet Single Jersey',1,'2018-05-11 14:04:00'),
(1280,'F383','Modal 40/1 + Span20d Rib 1x1',1,'2018-05-11 14:04:00'),
(1281,'F384','Modal 40/1 + Span20d Single Jersey',1,'2018-05-11 14:04:00'),
(1282,'F385','Modal 40/1 + Span30d Single Jersey',1,'2018-05-11 14:04:00'),
(1283,'F386','Modal/Pima (52/48) 40/1 + Modal/Pima (52/48) 40/1 Single Jersey',1,'2018-05-11 14:04:00'),
(1284,'F387','Modal/Pima (52/48) 40/1 + Span20d Rib 1x1',1,'2018-05-11 14:04:00'),
(1285,'F388','Modal/Pima (52/48) 40/1 + Span20d Single Jersey',1,'2018-05-11 14:04:00'),
(1286,'F389','Modal/Poly (50/50) 30/1 + Span30d French Terry',1,'2018-05-11 14:04:00'),
(1287,'F390','Modal/Poly (50/50) 30/1 + Span30d Single Jersey',1,'2018-05-11 14:04:00'),
(1288,'F391','Modal/Poly (50/50) 40/1 + Span20d Rib',1,'2018-05-11 14:04:00'),
(1289,'F392','Modal/Poly (50/50) 40/1 + Span20d Single Jersey',1,'2018-05-11 14:04:00'),
(1290,'F393','Modal/Poly (70/30) 30/1 + PE 75/72 Single Jersey',1,'2018-05-11 14:04:00'),
(1291,'F394','Modal/Poly (70/30) 30/1 + Span20d Single Jersey',1,'2018-05-11 14:04:00'),
(1292,'F395','Modal/Poly (70/30) 30/1 + Span30d Single Jersey',1,'2018-05-11 14:04:00'),
(1293,'F396','Modal/Poly (70/30) 30/1 Rib 1x1',1,'2018-05-11 14:04:00'),
(1294,'F397','Modal/Poly (70/30) 30/1 Single Jersey',1,'2018-05-11 14:04:00'),
(1295,'F398','Modal/Poly (70/30) 30/1 Slub Single',1,'2018-05-11 14:04:00'),
(1296,'F399','Modal/Poly (95/05) 40/1 + Span30d Single Jersey',1,'2018-05-11 14:04:00'),
(1297,'F400','Modal/Poly (95/05) 40/1 + Span30d Slub Single',1,'2018-05-11 14:04:00'),
(1298,'F401','Modal/Poly (BLack) 40/1 + Span30d Single Jersey',1,'2018-05-11 14:04:00'),
(1299,'F402','Modal/Poly 30/1 + Modal/Poly 30/1 + Span20d Single Jersey',1,'2018-05-11 14:04:00'),
(1300,'F403','Modal/Poly 30/1 + Modal/Poly 30/1 Single Jersey',1,'2018-05-11 14:04:00'),
(1301,'F404','Modal/Poly 30/1 + Modal/Poly 30/1 Slub Single',1,'2018-05-11 14:04:00'),
(1302,'F405','Modal/Poly 30/1 + PE 30/1 Slub Single',1,'2018-05-11 14:04:00'),
(1303,'F406','Modal/Poly 30/1 + Span20d MVS Single Jersey',1,'2018-05-11 14:04:00'),
(1304,'F407','Modal/Poly 30/1 + Span70d Single Jersey',1,'2018-05-11 14:04:00'),
(1305,'F408','Modal/Poly 40/1 + PE 100d/10 Single Jersey',1,'2018-05-11 14:04:00'),
(1306,'F409','Non Brushed Rib 2x2',1,'2018-05-11 14:04:00'),
(1307,'F410','nou Brushed tiger Rib 2x2',1,'2018-05-11 14:04:00'),
(1308,'F411','nou Brushed tiger Single Jersey',1,'2018-05-11 14:04:00'),
(1309,'F412','P/MA/Poly (86/14) 60/2 Rib',1,'2018-05-11 14:04:00'),
(1310,'F413','P/MA/Poly (86/14) 60/2 Single Jersey',1,'2018-05-11 14:04:00'),
(1311,'F414','P/R (50/50) 30/1 Single Jersey',1,'2018-05-11 14:04:00'),
(1312,'F415','P26 + R74 SLUB Rib 2x2',1,'2018-05-11 14:04:00'),
(1313,'F416','PE 100/192 + Span30d Single Jersey',1,'2018-05-11 14:04:00'),
(1314,'F417','PE 150/132 + P/T 40/1 + Span30d Single Jersey',1,'2018-05-11 14:04:00'),
(1315,'F418','PE 150/132F  Single Jersey',1,'2018-05-11 14:04:00'),
(1316,'F419','PE 150/144 + Span70d Single Jersey',1,'2018-05-11 14:04:00'),
(1317,'F420','PE 150/96  Pique',1,'2018-05-11 14:04:00'),
(1318,'F421','PE 150/96  Single Jersey',1,'2018-05-11 14:04:00'),
(1319,'F422','PE 150/96 + Span70d Single Jersey',1,'2018-05-11 14:04:00'),
(1320,'F423','PE 150/96+150/136 Cathionic + Tencel Single Jersey',1,'2018-05-11 14:04:00'),
(1321,'F424','PE 150D/96F + CM 30/1 + CM 30/1  Single Jersey',1,'2018-05-11 14:04:00'),
(1322,'F425','PE 150D/96F + CM 30/1 + CM 30/1  Slub Single',1,'2018-05-11 14:04:00'),
(1323,'F426','PE 150D/96F + CM 30/1 + PE 150D/96F + CM 30/1 Slub Single',1,'2018-05-11 14:04:00'),
(1324,'F427','PE 150D/96F + T/C 30/1 + PE 150D/96F + CVC 30/1 SIRO Single Jersey',1,'2018-05-11 14:04:00'),
(1325,'F428','PE 156/136 Cathionic Single Jersey',1,'2018-05-11 14:04:00'),
(1326,'F429','PE 20/1 Single Jersey',1,'2018-05-11 14:04:00'),
(1327,'F430','PE 200/192  Single Jersey',1,'2018-05-11 14:04:00'),
(1328,'F431','PE 22 + RAYON 78 Single Jersey',1,'2018-05-11 14:04:00'),
(1329,'F432','PE 30/1  Single Jersey',1,'2018-05-11 14:04:00'),
(1330,'F433','PE 30/1  Slub Single',1,'2018-05-11 14:04:00'),
(1331,'F434','PE 30/1 + CVC (55/45) 40/1 Single Jersey',1,'2018-05-11 14:04:00'),
(1332,'F435','PE 30/1 + Triblend 30/1 Single Jersey',1,'2018-05-11 14:04:00'),
(1333,'F436','PE 30/1 + Triblend 30/1 Slub Single',1,'2018-05-11 14:04:00'),
(1334,'F437','PE 30/1 +Span20d Pique',1,'2018-05-11 14:04:00'),
(1335,'F438','PE 30/1 +Span20d Single Jersey',1,'2018-05-11 14:04:00'),
(1336,'F439','PE 30/1 +Span30d Single Jersey',1,'2018-05-11 14:04:00'),
(1337,'F440','PE 40/1 +Span2d Rib 2x2',1,'2018-05-11 14:04:00'),
(1338,'F441','PE 40/1 +Span2d Single Jersey',1,'2018-05-11 14:04:00'),
(1339,'F442','PE 62 + Rayon 33 + Span5d Single Jersey',1,'2018-05-11 14:04:00'),
(1340,'F443','PE 70/72 Baby Pointel',1,'2018-05-11 14:04:00'),
(1341,'F444','PE 70/72 Interlock',1,'2018-05-11 14:04:00'),
(1342,'F445','PE 70/72 Yoko',1,'2018-05-11 14:04:00'),
(1343,'F446','PE 75/72  Baby Pointel',1,'2018-05-11 14:04:00'),
(1344,'F447','PE 75/72  Interlock',1,'2018-05-11 14:04:00'),
(1345,'F448','PE 75/72  Rib 1x1',1,'2018-05-11 14:04:00'),
(1346,'F449','PE 75/72  Single Jersey',1,'2018-05-11 14:04:00'),
(1347,'F450','PE 75/72  Yoko',1,'2018-05-11 14:04:00'),
(1348,'F451','PE 75/72 + CM 40/1 Drop Needle',1,'2018-05-11 14:04:00'),
(1349,'F452','PE 75/72 + CM 40/1 Drop Niddle Single Jersey',1,'2018-05-11 14:04:00'),
(1350,'F453','PE 75/72 + Span30d Rib 1x1',1,'2018-05-11 14:04:00'),
(1351,'F454','PE 75/72 + Span30d Single Jersey',1,'2018-05-11 14:04:00'),
(1352,'F455','PE 75/72 Interlock Rib 1x1',1,'2018-05-11 14:04:00'),
(1353,'F456','PE 75/72 Interlock Single Jersey',1,'2018-05-11 14:04:00'),
(1354,'F457','PE 75/72 MESH Single Jersey',1,'2018-05-11 14:04:00'),
(1355,'F458','PE 75/72F + Span20d Mesh Single Jersey',1,'2018-05-11 14:04:00'),
(1356,'F459','PE/Cathion (50/50) 15/132 Single Jersey',1,'2018-05-11 14:04:00'),
(1357,'F460','PE/RAYON + SPANDEX (Galleta) Thermal',1,'2018-05-11 14:04:00'),
(1358,'F461','PE/RAYON +SPANDEX BRUSH Rib 2x2',1,'2018-05-11 14:04:00'),
(1359,'F462','PE+Rayon Hot Skin Brush  Rib 2x2',1,'2018-05-11 14:04:00'),
(1360,'F463','PE+Rayon Hot Skin Brush  Single Jersey',1,'2018-05-11 14:04:00'),
(1361,'F464','Pima/M.Modal 50/1 Single Jersey',1,'2018-05-11 14:04:00'),
(1362,'F465','Pima/Poly 50/1 Single Jersey',1,'2018-05-11 14:04:00'),
(1363,'F466','Pima/Tencel (50/50) 40/1 + Span30d Single Jersey',1,'2018-05-11 14:04:00'),
(1364,'F467','Pima/Tencel (50/50) 40/1 Single Jersey',1,'2018-05-11 14:04:00'),
(1365,'F468','Poly 150/96 + Poly 30/1 + Span20d Mesh Single Jersey',1,'2018-05-11 14:04:00'),
(1366,'F469','Poly 30/1 + Span30d  Single Jersey',1,'2018-05-11 14:04:00'),
(1367,'F470','Poly/Cott/Modal 30/1 Single Jersey',1,'2018-05-11 14:04:00'),
(1368,'F471','Poly/Modal (70/30) 26/1 Slub Single',1,'2018-05-11 14:04:00'),
(1369,'F472','Poly/Modal (70/30) 28/1 Slub Single',1,'2018-05-11 14:04:00'),
(1370,'F473','Poly/Modal (70/30) 30/1 + Spand20 Slub Single',1,'2018-05-11 14:04:00'),
(1371,'F474','Poly/Modal 28/1 Slub Single',1,'2018-05-11 14:04:00'),
(1372,'F475','Poly/Modal 30/1 Single Jersey',1,'2018-05-11 14:04:00'),
(1373,'F476','Poly/Modal 30/1 Slub Single',1,'2018-05-11 14:04:00'),
(1374,'F477','Poly/Rayon 30/1 Unen Single Jersey',1,'2018-05-11 14:04:00'),
(1375,'F478','Poly/Tencel 40/1 + PE 150 Cathioni Single Jersey',1,'2018-05-11 14:04:00'),
(1376,'F479','Poly/Tencel 40/1 + PE 150 Cathionic Single Jersey',1,'2018-05-11 14:04:00'),
(1377,'F480','R/P (86/14) 30/1 + Span30d Single Jersey',1,'2018-05-11 14:04:00'),
(1378,'F481','R/P + SPANDEX 9*4 Rib',1,'2018-05-11 14:04:00'),
(1379,'F482','R/P + SPANDEX 9*4 Rib 2x2',1,'2018-05-11 14:04:00'),
(1380,'F483','R/T (30/95/05) + Spand20 Single Jersey',1,'2018-05-11 14:04:00'),
(1381,'F484','R/T (75/25) 30/1 + Span30d Single Jersey',1,'2018-05-11 14:04:00'),
(1382,'F485','R/T (86/14) 30/1 + Span20d Single Jersey',1,'2018-05-11 14:04:00'),
(1383,'F486','R/T (86/14) 30/1 + Span30D Single Jersey',1,'2018-05-11 14:04:00'),
(1384,'F487','R/T (86/14) 30/1 + Spand30 Rib 2x1',1,'2018-05-11 14:04:00'),
(1385,'F488','R/T (86/14) 30/1 + Spand30 Single Jersey',1,'2018-05-11 14:04:00'),
(1386,'F489','R/T (95/05) 30/1 + Spand20 Single Jersey',1,'2018-05-11 14:04:00'),
(1387,'F490','R/T (95/5) 30/1 HTR Single Jersey',1,'2018-05-11 14:04:00'),
(1388,'F491','R/T 30/1 (86/14) + Span20d Single Jersey',1,'2018-05-11 14:04:00'),
(1389,'F492','Rayon (86/14) 30/1 + Span30d Single Jersey',1,'2018-05-11 14:04:00'),
(1390,'F493','Rayon (95/05) 30/1 + Span30d Single Jersey',1,'2018-05-11 14:04:00'),
(1391,'F494','Rayon /Poly + spadex Rib',1,'2018-05-11 14:04:00'),
(1392,'F495','Rayon /Poly + spadex Thermal',1,'2018-05-11 14:04:00'),
(1393,'F496','Rayon + PE + Modal Single Jersey',1,'2018-05-11 14:04:00'),
(1394,'F497','Rayon 30 + Span30d Rib 2x1',1,'2018-05-11 14:04:00'),
(1395,'F498','Rayon 30 + Span30d Rib 4x2',1,'2018-05-11 14:04:00'),
(1396,'F499','Rayon 30 + Span30d Single Jersey',1,'2018-05-11 14:04:00'),
(1397,'F500','Rayon 30 + Span30d Slub Single',1,'2018-05-11 14:04:00'),
(1398,'F501','Rayon 30/1 + Span70d Single Jersey',1,'2018-05-11 14:04:00'),
(1399,'F502','Rayon 30/1 + Spand 20d Single Jersey',1,'2018-05-11 14:04:00'),
(1400,'F503','Rayon 30/1 +Poly/Modal 30/1 Single Jersey',1,'2018-05-11 14:04:00'),
(1401,'F504','Rayon 30/1 +Rayon 30/1 + Spand30 Single Jersey',1,'2018-05-11 14:04:00'),
(1402,'F505','Rayon 30/1 Rib 1x1',1,'2018-05-11 14:04:00'),
(1403,'F506','Rayon 30/1 Single Jersey',1,'2018-05-11 14:04:00'),
(1404,'F507','Rayon 40 + Span20d Single Jersey',1,'2018-05-11 14:04:00'),
(1405,'F508','Rayon 40 + Span20d Slub Single',1,'2018-05-11 14:04:00'),
(1406,'F509','Rayon 40/1 + PE 30/1 + Span20d Single Jersey',1,'2018-05-11 14:04:00'),
(1407,'F510','Rayon 40/1 + Span20d 2*1 Rib',1,'2018-05-11 14:04:00'),
(1408,'F511','Rayon 40/1 + Span20d French Terry Single Jersey',1,'2018-05-11 14:04:00'),
(1409,'F512','Rayon 40/1 + Spand 30 Single Jersey',1,'2018-05-11 14:04:00'),
(1410,'F513','Rayon 40/1 Siro + Span20d Single Jersey',1,'2018-05-11 14:04:00'),
(1411,'F514','Rayon/Cotton (80/20) 40/1 + Span20d  Rib 2x2',1,'2018-05-11 14:04:00'),
(1412,'F515','Rayon/Cotton (80/20) 40/1 + Span20d Slub Single',1,'2018-05-11 14:04:00'),
(1413,'F516','Rayon/Cotton 40/1 (80/20) + Span30d 2*1 Rib',1,'2018-05-11 14:04:00'),
(1414,'F517','Rayon/Modal 30/1 Single Jersey',1,'2018-05-11 14:04:00'),
(1415,'F518','Rayon/Poly (75/25) 30/1 + Span30d French Terry',1,'2018-05-11 14:04:00'),
(1416,'F519','Rayon/Poly (86/14) 30/1 + Poly/modal 70/30 30/1 Single Jersey',1,'2018-05-11 14:04:00'),
(1417,'F520','Rayon/Poly (86/14) 30/1 + Span30d Single Jersey',1,'2018-05-11 14:04:00'),
(1418,'F521','Rayon/Poly 30/1 HTR Slub Single',1,'2018-05-11 14:04:00'),
(1419,'F522','Sunset Snit Slub Single',1,'2018-05-11 14:04:00'),
(1420,'F523','Supima 20/1 Single Jersey',1,'2018-05-11 14:04:00'),
(1421,'F524','Supima 30/1 + Rayon 30/1 M/Zurry Single Jersey',1,'2018-05-11 14:04:00'),
(1422,'F525','Supima 30/1 + Span30d Single Jersey',1,'2018-05-11 14:04:00'),
(1423,'F526','Supima 30/1 + Tencel 40/1 + Rayon Single Jersey',1,'2018-05-11 14:04:00'),
(1424,'F527','Supima 30/1 Rib 1x1',1,'2018-05-11 14:04:00'),
(1425,'F528','Supima 30/1 Single Jersey',1,'2018-05-11 14:04:00'),
(1426,'F529','Supima 30/1 Slub Single',1,'2018-05-11 14:04:00'),
(1427,'F530','Supima 40/1 +Span20d Rib 1x1',1,'2018-05-11 14:04:00'),
(1428,'F531','Supima 40/1 +Span20d Single Jersey',1,'2018-05-11 14:04:00'),
(1429,'F532','Supima 40/1 AIR JET + Span30d Single Jersey',1,'2018-05-11 14:04:00'),
(1430,'F533','Supima 40/1 AIR JET Single Jersey',1,'2018-05-11 14:04:00'),
(1431,'F534','Supima 40/1 Interlock Single Jersey',1,'2018-05-11 14:04:00'),
(1432,'F535','Supima 40/1 Rib',1,'2018-05-11 14:04:00'),
(1433,'F536','Supima 40/1 Rib 1x1',1,'2018-05-11 14:04:00'),
(1434,'F537','Supima 40/1 Single Jersey',1,'2018-05-11 14:04:00'),
(1435,'F538','Supima 40/1 Slub Single',1,'2018-05-11 14:04:00'),
(1436,'F539','Supima 40/2  Single Jersey',1,'2018-05-11 14:04:00'),
(1437,'F540','Supima 50/1 Interlock Single Jersey',1,'2018-05-11 14:04:00'),
(1438,'F541','Supima 50/1 Single Jersey',1,'2018-05-11 14:04:00'),
(1439,'F542','Supima 60/1 + Span30d Single Jersey',1,'2018-05-11 14:04:00'),
(1440,'F543','Supima 60/2  Rib',1,'2018-05-11 14:04:00'),
(1441,'F544','Supima 60/2  Single Jersey',1,'2018-05-11 14:04:00'),
(1442,'F545','Supima/Micromodal 30/1 + Span20d Rib 2x2',1,'2018-05-11 14:04:00'),
(1443,'F546','Supima/Micromodal 30/1 + Span20d Single Jersey',1,'2018-05-11 14:04:00'),
(1444,'F547','Supima/Micromodal 30/1 + Span30d Mini Zurry',1,'2018-05-11 14:04:00'),
(1445,'F548','Supima/Micromodal 30/1 + Span30d Single Jersey',1,'2018-05-11 14:04:00'),
(1446,'F549','Supima/Micromodal 40/1 + Span20d 2*1 Rib',1,'2018-05-11 14:04:00'),
(1447,'F550','Supima/Micromodal 40/1 + Span20d French Terry Single Jersey',1,'2018-05-11 14:04:00'),
(1448,'F551','Supima/Micromodal 40/1 + Span20d Rib',1,'2018-05-11 14:04:00'),
(1449,'F552','Supima/Micromodal 40/1 + Span20d Single Jersey',1,'2018-05-11 14:04:00'),
(1450,'F553','Supima/Micromodal 40/1 + Span30d Single Jersey',1,'2018-05-11 14:04:00'),
(1451,'F554','Supima/MModal + CVC (86/14) + Luxex Single Jersey',1,'2018-05-11 14:04:00'),
(1452,'F555','Supima/Modal (50/50) 28/1 Single Jersey',1,'2018-05-11 14:04:00'),
(1453,'F556','Supima/Modal (50/50) 28/1 Slub Single',1,'2018-05-11 14:04:00'),
(1454,'F557','Supima/Modal (50/50) 30/1 + Span70d Zurry Single Jersey',1,'2018-05-11 14:04:00'),
(1455,'F558','Supima/Modal (50/50) 40/1 + Supima/Modal (50/50) 40/1 Single Jersey',1,'2018-05-11 14:04:00'),
(1456,'F559','Supima/Modal (50/50) 40/1 Interlock Single Jersey',1,'2018-05-11 14:04:00'),
(1457,'F560','Supima/Modal (50/50) 40/1 Interlock Slub Single',1,'2018-05-11 14:04:00'),
(1458,'F561','Supima/Modal (52/48) 40/1 Single Jersey',1,'2018-05-11 14:04:00'),
(1459,'F562','Supima/Modal 20/1 Single Jersey',1,'2018-05-11 14:04:00'),
(1460,'F563','Supima/Modal 24/1 Single Jersey',1,'2018-05-11 14:04:00'),
(1461,'F564','Supima/Modal 26/1 + Poly 26/1 Slub Single',1,'2018-05-11 14:04:00'),
(1462,'F565','Supima/Modal 30/1 + PE 30/1 Single Jersey',1,'2018-05-11 14:04:00'),
(1463,'F566','Supima/Modal 30/1 + PE 30/1 Slub Single',1,'2018-05-11 14:04:00'),
(1464,'F567','Supima/Modal 30/1 + Span30d Zurry Single Jersey',1,'2018-05-11 14:04:00'),
(1465,'F568','Supima/Modal 30/1 Rib 1x1',1,'2018-05-11 14:04:00'),
(1466,'F569','Supima/Modal 30/1 Single Jersey',1,'2018-05-11 14:04:00'),
(1467,'F570','Supima/Modal 30/1 Slub Single',1,'2018-05-11 14:04:00'),
(1468,'F571','Supima/modal 34/1 Single Jersey',1,'2018-05-11 14:04:00'),
(1469,'F572','Supima/Modal 40/1 + Span30d French Terry Single Jersey',1,'2018-05-11 14:04:00'),
(1470,'F573','Supima/Modal 40/1 + Span40d  Rib',1,'2018-05-11 14:04:00'),
(1471,'F574','Supima/Modal 40/1 + Supima Rib 2x1',1,'2018-05-11 14:04:00'),
(1472,'F575','Supima/Modal 40/1 + Supima Single Jersey',1,'2018-05-11 14:04:00'),
(1473,'F576','Supima/Modal 40/1 Interlock',1,'2018-05-11 14:04:00'),
(1474,'F577','Supima/Modal 40/1 Rib 1x1',1,'2018-05-11 14:04:00'),
(1475,'F578','Supima/Modal 40/1 Single Jersey',1,'2018-05-11 14:04:00'),
(1476,'F579','Supima/Modal 40/1 Slub Single',1,'2018-05-11 14:04:00'),
(1477,'F580','Supima/Modal30/1 + CM30/1 + PE 100/96D + Span30d Single Jersey',1,'2018-05-11 14:04:00'),
(1478,'F581','T/C (65/35) 40/1 Single Jersey',1,'2018-05-11 14:04:00'),
(1479,'F582','T/C (70/30) 20/1  Rib 1x1',1,'2018-05-11 14:04:00'),
(1480,'F583','T/C (70/30) 20/1  Single Jersey',1,'2018-05-11 14:04:00'),
(1481,'F584','T/C (70/30) 30/1  Rib 1x1',1,'2018-05-11 14:04:00'),
(1482,'F585','T/C (70/30) 30/1  Single Jersey',1,'2018-05-11 14:04:00'),
(1483,'F586','T/C (70/30) 30/1 SHARRY #7427 Rib 1x1',1,'2018-05-11 14:04:00'),
(1484,'F587','T/C (70/30) 30/1 SHARRY #7427 Rib 2x2',1,'2018-05-11 14:04:00'),
(1485,'F588','T/C (75/25) 30/1 + CVC (50/50) 30/1 SIRO Slub Single',1,'2018-05-11 14:04:00'),
(1486,'F589','T/C (75/25) 30/1 + Span30d Thermal',1,'2018-05-11 14:04:00'),
(1487,'F590','T/C (75/25) 30/1 Rib',1,'2018-05-11 14:04:00'),
(1488,'F591','T/C (75/25) 30/1 Single Jersey',1,'2018-05-11 14:04:00'),
(1489,'F592','T/C (75/25) 30/1 Thermal',1,'2018-05-11 14:04:00'),
(1490,'F593','T/C (80/20) 30/1 + PE 30/1 Rib',1,'2018-05-11 14:04:00'),
(1491,'F594','T/C (80/20) 30/1 + PE 30/1 Slub Single',1,'2018-05-11 14:04:00'),
(1492,'F595','T/C (80/20) 30/1 Single Jersey',1,'2018-05-11 14:04:00'),
(1493,'F596','T/C (84/16) 28/1 Single Jersey',1,'2018-05-11 14:04:00'),
(1494,'F597','T/C (85/15) + PE 30/1 Rib 1x1',1,'2018-05-11 14:04:00'),
(1495,'F598','T/C (85/15) + PE 30/1 Single Jersey',1,'2018-05-11 14:04:00'),
(1496,'F599','T/C (85/15) + PE 30/1 Slub Single',1,'2018-05-11 14:04:00'),
(1497,'F600','T/C (85/15) 30/1 + CVC (55/45) 40/1 Single Jersey',1,'2018-05-11 14:04:00'),
(1498,'F601','T/C (85/15) 30/1 Single Jersey',1,'2018-05-11 14:04:00'),
(1499,'F602','T/C (86/14) 28/1 Single Jersey',1,'2018-05-11 14:04:00'),
(1500,'F603','T/C (86/14) 30/1 Single Jersey',1,'2018-05-11 14:04:00'),
(1501,'F604','T/C (90/10) 30/1 + CVC 30/1 Rib',1,'2018-05-11 14:04:00'),
(1502,'F605','T/C (90/10) 30/1 + CVC 30/1 Single Jersey',1,'2018-05-11 14:04:00'),
(1503,'F606','T/C (90/10) 30/1 INJ Rib 1x1',1,'2018-05-11 14:04:00'),
(1504,'F607','T/C (90/10) 30/1 INJ Single Jersey',1,'2018-05-11 14:04:00'),
(1505,'F608','T/C (90/10) 30/1 Rib',1,'2018-05-11 14:04:00'),
(1506,'F609','T/C (90/10) 30/1 Rib 1x1',1,'2018-05-11 14:04:00'),
(1507,'F610','T/C (90/10) 30/1 Single Jersey',1,'2018-05-11 14:04:00'),
(1508,'F611','T/C (94/06) 20/1 Single Jersey',1,'2018-05-11 14:04:00'),
(1509,'F612','T/C (95/05) 30/1 Rib',1,'2018-05-11 14:04:00'),
(1510,'F613','T/C (95/05) 30/1 Single Jersey',1,'2018-05-11 14:04:00'),
(1511,'F614','T/C (97/03) 30/1 Single Jersey',1,'2018-05-11 14:04:00'),
(1512,'F615','T/C 28/1 Single Jersey',1,'2018-05-11 14:04:00'),
(1513,'F616','T/C 30/1 (70/25) Black Nub 2*1 Rib',1,'2018-05-11 14:04:00'),
(1514,'F617','T/C 30/1 + CVC 30/1 Single Jersey',1,'2018-05-11 14:04:00'),
(1515,'F618','T/M/C (50/37/13) 40/1 Vintage Thermal Single Jersey',1,'2018-05-11 14:04:00'),
(1516,'F619','T/R (50/50) 28/1 + T/R (50/50) Single Jersey',1,'2018-05-11 14:04:00'),
(1517,'F620','T/R (50/50) 30/1 Zurry Single Jersey',1,'2018-05-11 14:04:00'),
(1518,'F621','T/R (60/40) 30/1 Single Jersey',1,'2018-05-11 14:04:00'),
(1519,'F622','T/R (65/35) 30/1 Single Jersey',1,'2018-05-11 14:04:00'),
(1520,'F623','T/R (65/35) 40/1 Single Jersey',1,'2018-05-11 14:04:00'),
(1521,'F624','T/R 26/1  Slub Single',1,'2018-05-11 14:04:00'),
(1522,'F625','T/R 28/1 + Rayon + PE Single Jersey',1,'2018-05-11 14:04:00'),
(1523,'F626','T/R 28/1 Rib 1x1',1,'2018-05-11 14:04:00'),
(1524,'F627','T/R 28/1 Single Jersey',1,'2018-05-11 14:04:00'),
(1525,'F628','T/R 30/1 + PE 30/1 Single Jersey',1,'2018-05-11 14:04:00'),
(1526,'F629','T/R 30/1 + Span30d Brushed Single Jersey',1,'2018-05-11 14:04:00'),
(1527,'F630','T/R 30/1 + Span30d Single Jersey',1,'2018-05-11 14:04:00'),
(1528,'F631','T/R 30/1 + Spand 30 4*4 Rib',1,'2018-05-11 14:04:00'),
(1529,'F632','T/R 30/1 + T/R (16/84) 30/1 Single Jersey',1,'2018-05-11 14:04:00'),
(1530,'F633','T/R 30/1 +Span20d French Terry',1,'2018-05-11 14:04:00'),
(1531,'F634','T/R 30/1 +Span20d Mini Zurry',1,'2018-05-11 14:04:00'),
(1532,'F635','T/R 30/1 +Span20d Single Jersey',1,'2018-05-11 14:04:00'),
(1533,'F636','T/R 30/1 2*2 Rib',1,'2018-05-11 14:04:00'),
(1534,'F637','T/R 30/1 Burnout',1,'2018-05-11 14:04:00'),
(1535,'F638','T/R 30/1 Mini Zurry',1,'2018-05-11 14:04:00'),
(1536,'F639','T/R 30/1 Rib 2x2',1,'2018-05-11 14:04:00'),
(1537,'F640','T/R 30/1 Single Jersey',1,'2018-05-11 14:04:00'),
(1538,'F641','T/R 40/1 + Span20d French Terry Single Jersey',1,'2018-05-11 14:04:00'),
(1539,'F642','T/R 40/1 + Span20d Mini Zurry Single Jersey',1,'2018-05-11 14:04:00'),
(1540,'F643','T/R 40/1 + Span40d Single Jersey',1,'2018-05-11 14:04:00'),
(1541,'F644','T/R 40/1 + Spand20 Rib 1x1',1,'2018-05-11 14:04:00'),
(1542,'F645','T/R 40/1 + Spand20 Rib 2x2',1,'2018-05-11 14:04:00'),
(1543,'F646','T/R 40/1 + Spand20 Single Jersey',1,'2018-05-11 14:04:00'),
(1544,'F647','T/R 40/1 + T/R 40/1 + T/R Mini Zurry',1,'2018-05-11 14:04:00'),
(1545,'F648','T/R 40/1 Single Jersey',1,'2018-05-11 14:04:00'),
(1546,'F649','T/R HTR 30 99/1 + Spand 20 Single Jersey',1,'2018-05-11 14:04:00'),
(1547,'F650','TC/M (50/37/13) 40/1 Single Jersey',1,'2018-05-11 14:04:00'),
(1548,'F651','TCR 20/1 Single Jersey',1,'2018-05-11 14:04:00'),
(1549,'F652','Tencel 28/1 Interlock',1,'2018-05-11 14:04:00'),
(1550,'F653','Tencel 28/1 Rib 1x1',1,'2018-05-11 14:04:00'),
(1551,'F654','Tencel 40/1 + Span20d Rib 2x2',1,'2018-05-11 14:04:00'),
(1552,'F655','Tencel 40/1 + Span30d Single Jersey',1,'2018-05-11 14:04:00'),
(1553,'F656','Tencel 40/1 +Tencel 40/1 +Rayon Single Jersey',1,'2018-05-11 14:04:00'),
(1554,'F657','Tencel 40/1 Rib 1x1',1,'2018-05-11 14:04:00'),
(1555,'F658','Tencel/CM (70/30) 30/1 + Rayon 30/1 Single Jersey',1,'2018-05-11 14:04:00'),
(1556,'F659','Tencel/poly 30/1 + Span20d Single Jersey',1,'2018-05-11 14:04:00'),
(1557,'F660','Triblend 20/1 Rib 1x1',1,'2018-05-11 14:04:00'),
(1558,'F661','Triblend 20/1 Single Jersey',1,'2018-05-11 14:04:00'),
(1559,'F662','Triblend 30/1 + CVC (50/50) 10/1 Mini Zurry',1,'2018-05-11 14:04:00'),
(1560,'F663','Triblend 30/1 + CVC 30/1 PQ Single Jersey',1,'2018-05-11 14:04:00'),
(1561,'F664','Triblend 30/1 + PE/Cat 150/136 Single Jersey',1,'2018-05-11 14:04:00'),
(1562,'F665','Triblend 30/1 + Span20d Single Jersey',1,'2018-05-11 14:04:00'),
(1563,'F666','Triblend 30/1 French Terry',1,'2018-05-11 14:04:00'),
(1564,'F667','Triblend 30/1 Mini Zurry',1,'2018-05-11 14:04:00'),
(1565,'F668','Triblend 30/1 Mini Zurry Rib',1,'2018-05-11 14:04:00'),
(1566,'F669','Triblend 30/1 Mini Zurry Rib 1x1',1,'2018-05-11 14:04:00'),
(1567,'F670','Triblend 30/1 Mini Zurry Single Jersey',1,'2018-05-11 14:04:00'),
(1568,'F671','Triblend 30/1 Rib',1,'2018-05-11 14:04:00'),
(1569,'F672','Triblend 30/1 Rib 1x1',1,'2018-05-11 14:04:00'),
(1570,'F673','Triblend 30/1 Rib 2x2',1,'2018-05-11 14:04:00'),
(1571,'F674','Triblend 30/1 Single Jersey',1,'2018-05-11 14:04:00'),
(1572,'F675','Triblend 30/1 Slub Single',1,'2018-05-11 14:04:00'),
(1573,'F676','Triblend 40/1 + CM 30/1 Slub Single',1,'2018-05-11 14:04:00'),
(1574,'F677','Triblend 40/1 + CVC 30/1 Slub Single',1,'2018-05-11 14:04:00'),
(1575,'F678','Triblend 40/1 + Span20d Single Jersey',1,'2018-05-11 14:04:00'),
(1576,'F679','Triblend 40/1 Rib 2x1',1,'2018-05-11 14:04:00'),
(1577,'F680','Triblend 40/1 Single Jersey',1,'2018-05-11 14:04:00'),
(1578,'F681','Triblend NUB #7481 Rib 2x2',1,'2018-05-11 14:04:00'),
(1579,'F682','Triblend NUB #7481 Single Jersey',1,'2018-05-11 14:04:00'),
(1580,'F683','Unbrushed Rib',1,'2018-05-11 14:04:00'),
(1581,'F684','Unbrushed Single Jersey',1,'2018-05-11 14:04:00'),
(1582,'F700','74% RAYON 21% POLYESTER 5% SPANDEX',1,'2018-05-13 06:40:49'),
(1583,'701','CM30S/1 Vintage Slub 1x1 Rib',1,'2018-05-15 08:05:43');

/*Table structure for table `fabricin` */

DROP TABLE IF EXISTS `fabricin`;

CREATE TABLE `fabricin` (
  `id` int(10) NOT NULL AUTO_INCREMENT,
  `po` int(10) DEFAULT NULL,
  `color` varchar(30) DEFAULT NULL,
  `fabrictype` int(10) DEFAULT NULL,
  `fabric` int(10) DEFAULT NULL,
  `rcvd` varchar(30) DEFAULT NULL,
  `kg` varchar(30) DEFAULT NULL,
  `yds` varchar(30) DEFAULT NULL,
  `roll` varchar(30) DEFAULT NULL,
  `lote` varchar(30) DEFAULT NULL,
  `rack` varchar(30) DEFAULT NULL,
  `date` varchar(30) DEFAULT NULL,
  `customer` int(10) DEFAULT NULL,
  `rib` varchar(30) DEFAULT NULL,
  `rechazo` varchar(30) DEFAULT NULL,
  `ret` varchar(30) DEFAULT NULL,
  `bad` varchar(30) DEFAULT NULL,
  `note` varchar(30) DEFAULT NULL,
  PRIMARY KEY (`id`)
) ENGINE=InnoDB AUTO_INCREMENT=77 DEFAULT CHARSET=utf8;

/*Data for the table `fabricin` */

/*Table structure for table `fabricout` */

DROP TABLE IF EXISTS `fabricout`;

CREATE TABLE `fabricout` (
  `id` int(10) NOT NULL AUTO_INCREMENT,
  `po` int(10) DEFAULT NULL,
  `color` varchar(30) DEFAULT NULL,
  `fabrictype` int(10) DEFAULT NULL,
  `fabric` int(10) DEFAULT NULL,
  `rcvd` varchar(30) DEFAULT NULL,
  `kg` varchar(30) DEFAULT NULL,
  `yds` varchar(30) DEFAULT NULL,
  `roll` varchar(30) DEFAULT NULL,
  `date` varchar(30) DEFAULT NULL,
  `customer` int(10) DEFAULT NULL,
  `rib` varchar(30) DEFAULT NULL,
  `rechazo` varchar(30) DEFAULT NULL,
  `ret` varchar(30) DEFAULT NULL,
  `bad` varchar(30) DEFAULT NULL,
  `note` varchar(30) DEFAULT NULL,
  PRIMARY KEY (`id`)
) ENGINE=InnoDB AUTO_INCREMENT=24 DEFAULT CHARSET=utf8;

/*Data for the table `fabricout` */

/*Table structure for table `factory` */

DROP TABLE IF EXISTS `factory`;

CREATE TABLE `factory` (
  `id` int(10) NOT NULL AUTO_INCREMENT,
  `name` varchar(20) NOT NULL,
  `status` smallint(1) NOT NULL DEFAULT '1',
  `created_at` timestamp NOT NULL DEFAULT CURRENT_TIMESTAMP,
  PRIMARY KEY (`id`)
) ENGINE=InnoDB AUTO_INCREMENT=31 DEFAULT CHARSET=utf8;

/*Data for the table `factory` */

insert  into `factory`(`id`,`name`,`status`,`created_at`) values 
(28,'INT Factory',1,'2018-05-03 19:30:14'),
(29,'J S International',1,'2018-05-03 19:30:23'),
(30,'Others',1,'2018-05-03 19:30:34');

/*Table structure for table `finishmaterialgroup` */

DROP TABLE IF EXISTS `finishmaterialgroup`;

CREATE TABLE `finishmaterialgroup` (
  `id` int(10) NOT NULL AUTO_INCREMENT,
  `code` varchar(30) NOT NULL,
  `name` varchar(30) DEFAULT NULL,
  `customer` int(10) DEFAULT NULL,
  `finishmaterial1` int(10) DEFAULT NULL,
  `finishmaterial2` int(10) DEFAULT NULL,
  `finishmaterial3` int(10) DEFAULT NULL,
  `finishmaterial4` int(10) DEFAULT NULL,
  `finishmaterial5` int(10) DEFAULT NULL,
  `finishmaterial6` int(10) DEFAULT NULL,
  `finishmaterial7` int(10) DEFAULT NULL,
  `finishmaterial8` int(10) DEFAULT NULL,
  `finishmaterial9` int(10) DEFAULT NULL,
  `finishmaterial10` int(10) DEFAULT NULL,
  `status` smallint(1) DEFAULT '1',
  `created_at` timestamp NOT NULL DEFAULT CURRENT_TIMESTAMP,
  PRIMARY KEY (`id`)
) ENGINE=InnoDB AUTO_INCREMENT=8 DEFAULT CHARSET=utf8;

/*Data for the table `finishmaterialgroup` */

insert  into `finishmaterialgroup`(`id`,`code`,`name`,`customer`,`finishmaterial1`,`finishmaterial2`,`finishmaterial3`,`finishmaterial4`,`finishmaterial5`,`finishmaterial6`,`finishmaterial7`,`finishmaterial8`,`finishmaterial9`,`finishmaterial10`,`status`,`created_at`) values 
(5,'normal','normal',23,32,35,36,38,39,-1,-1,-1,-1,-1,1,'2018-05-05 11:49:40'),
(6,'NORMAL','NORMAL',25,41,42,32,33,35,36,38,39,-1,-1,1,'2018-05-05 15:36:41'),
(7,'normal','normal',24,32,36,35,35,38,39,-1,-1,-1,-1,1,'2018-05-15 08:18:23');

/*Table structure for table `follower` */

DROP TABLE IF EXISTS `follower`;

CREATE TABLE `follower` (
  `id` int(10) NOT NULL AUTO_INCREMENT,
  `followingid` int(100) DEFAULT NULL,
  `following` varchar(100) DEFAULT NULL,
  `follower` varchar(100) DEFAULT NULL,
  `followername` varchar(100) DEFAULT NULL,
  PRIMARY KEY (`id`)
) ENGINE=InnoDB AUTO_INCREMENT=31 DEFAULT CHARSET=utf8;

/*Data for the table `follower` */

insert  into `follower`(`id`,`followingid`,`following`,`follower`,`followername`) values 
(1,24,'jason.woo@intsa.net','accesorio@intsa.net','BELSI CHAY'),
(2,24,'jason.woo@intsa.net','gerencia@intsa.net','Mayra Patzan'),
(3,24,'jason.woo@intsa.net','produccion@intsa.net','carlos lopreto'),
(4,25,'tom.shin@intsa.net','accesorio@intsa.net','BELSI CHAY'),
(5,25,'tom.shin@intsa.net','gerencia@intsa.net','Mayra Patzan'),
(6,23,'betty.um@intsa.net','accesorio@intsa.net','BELSI CHAY'),
(7,23,'betty.um@intsa.net','gerencia@intsa.net','Mayra Patzan'),
(8,23,'betty.um@intsa.net','neo.pyon@intsa.net','neo pyon'),
(9,23,'betty.um@intsa.net','produccion@intsa.net','carlos lopreto'),
(10,44,'chicos@chicos.com','neo.pyon@intsa.net','neo pyon'),
(12,24,'jason.woo@intsa.net','neo.pyon@intsa.net','neo pyon'),
(14,25,'tom.shin@intsa.net','neo.pyon@intsa.net','neo pyon'),
(19,44,'chicos@chicos.com','bryan.cho@intsa.net','Bryan Cho'),
(20,24,'jason.woo@intsa.net','bryan.cho@intsa.net','Bryan Cho'),
(21,23,'betty.um@intsa.net','bryan.cho@intsa.net','Bryan Cho'),
(22,23,'betty.um@intsa.net','team1b@intsa.net','BETTY UM'),
(23,23,'betty.um@intsa.net','steven.hong@intsa.net','Steven Hong'),
(24,25,'tom.shin@intsa.net','tom.shin@intsa.net','TOM SHIN'),
(25,25,'tom.shin@intsa.net','steven.hong@intsa.net','Steven Hong'),
(26,25,'tom.shin@intsa.net','bryan.cho@intsa.net','Bryan Cho'),
(27,24,'jason.woo@intsa.net','steven.hong@intsa.net','Steven Hong'),
(28,24,'jason.woo@intsa.net','jason.woo@intsa.net','JUNGTAE WOO'),
(29,44,'chicos@chicos.com','steven.hong@intsa.net','Steven Hong'),
(30,44,'chicos@chicos.com','team1b@intsa.net','BETTY UM');

/*Table structure for table `inspection` */

DROP TABLE IF EXISTS `inspection`;

CREATE TABLE `inspection` (
  `id` int(10) NOT NULL AUTO_INCREMENT,
  `orderid` int(10) DEFAULT NULL,
  `style` varchar(30) DEFAULT NULL,
  `color` varchar(30) DEFAULT NULL,
  `colorname` varchar(30) DEFAULT NULL,
  `date` varchar(30) DEFAULT NULL,
  `invoice` varchar(30) DEFAULT NULL,
  `size1` varchar(30) DEFAULT NULL,
  `size2` varchar(30) DEFAULT NULL,
  `size3` varchar(30) DEFAULT NULL,
  `size4` varchar(30) DEFAULT NULL,
  `size5` varchar(30) DEFAULT NULL,
  `size6` varchar(30) DEFAULT NULL,
  `size7` varchar(30) DEFAULT NULL,
  `size8` varchar(30) DEFAULT NULL,
  `size9` varchar(30) DEFAULT NULL,
  `size10` varchar(30) DEFAULT NULL,
  `segundas` varchar(30) DEFAULT NULL,
  `defectos` varchar(30) DEFAULT NULL,
  PRIMARY KEY (`id`)
) ENGINE=InnoDB AUTO_INCREMENT=4 DEFAULT CHARSET=utf8;

/*Data for the table `inspection` */

/*Table structure for table `iron` */

DROP TABLE IF EXISTS `iron`;

CREATE TABLE `iron` (
  `id` int(10) NOT NULL AUTO_INCREMENT,
  `orderid` int(10) DEFAULT NULL,
  `style` varchar(30) DEFAULT NULL,
  `color` varchar(30) DEFAULT NULL,
  `colorname` varchar(30) DEFAULT NULL,
  `date` varchar(30) DEFAULT NULL,
  `invoice` varchar(30) DEFAULT NULL,
  `size1` varchar(30) DEFAULT NULL,
  `size2` varchar(30) DEFAULT NULL,
  `size3` varchar(30) DEFAULT NULL,
  `size4` varchar(30) DEFAULT NULL,
  `size5` varchar(30) DEFAULT NULL,
  `size6` varchar(30) DEFAULT NULL,
  `size7` varchar(30) DEFAULT NULL,
  `size8` varchar(30) DEFAULT NULL,
  `size9` varchar(30) DEFAULT NULL,
  `size10` varchar(30) DEFAULT NULL,
  PRIMARY KEY (`id`)
) ENGINE=InnoDB AUTO_INCREMENT=7 DEFAULT CHARSET=utf8;

/*Data for the table `iron` */

/*Table structure for table `line` */

DROP TABLE IF EXISTS `line`;

CREATE TABLE `line` (
  `id` int(10) NOT NULL AUTO_INCREMENT,
  `factory` int(10) NOT NULL,
  `department` int(10) NOT NULL,
  `name` varchar(20) NOT NULL,
  `status` tinyint(1) NOT NULL DEFAULT '1',
  `created_at` timestamp NOT NULL DEFAULT CURRENT_TIMESTAMP,
  PRIMARY KEY (`id`)
) ENGINE=InnoDB AUTO_INCREMENT=19 DEFAULT CHARSET=utf8;

/*Data for the table `line` */

insert  into `line`(`id`,`factory`,`department`,`name`,`status`,`created_at`) values 
(4,28,40,'Linea 1',1,'2018-05-03 20:06:16'),
(5,28,40,'Linea 2',1,'2018-05-03 20:06:23'),
(6,28,40,'Linea 3',1,'2018-05-03 20:06:29'),
(7,28,40,'Linea 4',1,'2018-05-03 20:06:41'),
(8,28,40,'Linea 5',1,'2018-05-03 20:06:50'),
(9,28,40,'Linea 6',1,'2018-05-03 20:06:57'),
(10,28,40,'Linea 7',1,'2018-05-03 20:07:01'),
(11,28,40,'Linea 8',1,'2018-05-03 20:07:11'),
(12,28,40,'Linea 9',1,'2018-05-03 20:07:21'),
(13,28,40,'Linea 10',1,'2018-05-03 20:07:26'),
(14,28,40,'Linea 11',1,'2018-05-03 20:07:33'),
(15,28,40,'Linea 12',1,'2018-05-03 20:07:37'),
(16,28,40,'Linea 13',1,'2018-05-03 20:07:43'),
(17,28,40,'Linea 14',1,'2018-05-03 20:07:47'),
(18,28,40,'Linea de Ayuda',1,'2018-05-03 20:08:08');

/*Table structure for table `materialin` */

DROP TABLE IF EXISTS `materialin`;

CREATE TABLE `materialin` (
  `id` int(10) NOT NULL AUTO_INCREMENT,
  `po` varchar(30) DEFAULT NULL,
  `material` int(10) DEFAULT NULL,
  `materialtype` tinyint(1) DEFAULT NULL,
  `size` varchar(30) DEFAULT NULL,
  `ordernumber` varchar(10) DEFAULT NULL,
  `loss` varchar(10) DEFAULT NULL,
  `need` varchar(10) DEFAULT NULL,
  `rcvd` varchar(30) DEFAULT NULL,
  `date` varchar(30) DEFAULT NULL,
  `customer` int(10) DEFAULT NULL,
  `invoice` varchar(30) DEFAULT NULL,
  `quantity` int(30) DEFAULT NULL,
  `note` varchar(30) DEFAULT NULL,
  `code` varchar(30) DEFAULT NULL,
  `prepack` varchar(30) DEFAULT NULL,
  `textura` varchar(30) DEFAULT NULL,
  `mts` varchar(30) DEFAULT NULL,
  PRIMARY KEY (`id`)
) ENGINE=InnoDB AUTO_INCREMENT=124 DEFAULT CHARSET=utf8;

/*Data for the table `materialin` */

insert  into `materialin`(`id`,`po`,`material`,`materialtype`,`size`,`ordernumber`,`loss`,`need`,`rcvd`,`date`,`customer`,`invoice`,`quantity`,`note`,`code`,`prepack`,`textura`,`mts`) values 
(13,'26',25,1,'743','20','21','21','1','2018-04-16',30,'65056',99,'','c2','','770','1'),
(14,'TEIDO',25,1,'743','0','0','520','1','2018-04-18',26,'56335',394,'',NULL,NULL,NULL,NULL),
(15,'TEIDO',25,1,'743','','','650','2','2018-04-16',26,'65056',99,'',NULL,NULL,NULL,NULL),
(17,'26',29,1,'743','20','21','31510','1','2018-04-18',43,'4853',33000,'',NULL,NULL,NULL,NULL),
(18,'26',30,1,'743','20','21','21','1','2018-02-12',43,'2535',31510,'SE TOMO DEL FILE 1811037-03',NULL,NULL,NULL,NULL),
(19,'26',31,1,'743','20','21','31510','1','2018-04-18',29,'3979',33000,'',NULL,NULL,NULL,NULL),
(20,'26',28,1,'743','20','21','21','1','2018-04-25',35,'152029',200,'',NULL,NULL,NULL,NULL),
(21,'26',28,1,'63','2719','2854.95','2854.95','1','2018-04-25',35,'152029',2860,'',NULL,NULL,NULL,NULL),
(22,'26',28,1,'64','6066','6369.3','6369.3','1','2018-04-25',35,'152029',3200,'',NULL,NULL,NULL,NULL),
(24,'26',28,1,'65','8700','9135','9135','1','2018-04-25',35,'152029',6400,'',NULL,NULL,NULL,NULL),
(26,'26',28,1,'744','7080','7434','7434','1','2018-04-25',35,'152030',6400,'',NULL,NULL,NULL,NULL),
(28,'26',28,1,'66','3306','3471.3','3471.3','1','2018-04-25',35,'152030',3200,'',NULL,NULL,NULL,NULL),
(30,'26',28,1,'745','1653','1735.65','1735.65','1','2018-04-25',35,'152030',1736,'',NULL,NULL,NULL,NULL),
(31,'26',28,1,'746','466','489.3','489.3','1','2018-04-25',35,'152030',495,'',NULL,NULL,NULL,NULL),
(32,'20',32,0,'63','283','297.15','297.15','1','2018-04-10',43,'4455',300,'',NULL,NULL,NULL,NULL),
(33,'20',32,0,'64','827','868.35','868.35','1','2018-04-10',43,'4455',860,'',NULL,NULL,NULL,NULL),
(34,'20',32,0,'65','1337','1403.85','1403.85','1','2018-04-10',43,'4455',1380,'',NULL,NULL,NULL,NULL),
(35,'20',32,0,'744','1062','1115.1','1115.1','1','2018-04-10',43,'4455',1100,'',NULL,NULL,NULL,NULL),
(36,'20',32,0,'66','494','518.7','518.7','1','2018-04-10',43,'4455',510,'',NULL,NULL,NULL,NULL),
(37,'20',32,0,'745','226','237.3','237.3','1','2018-04-10',43,'4455',240,'',NULL,NULL,NULL,NULL),
(38,'20',32,0,'746','131','137.55','137.55','1','2018-04-10',43,'4455',140,'',NULL,NULL,NULL,NULL),
(39,'22',32,0,'63','408','428.4','428.4','1','2018-04-10',43,'4455',430,'',NULL,NULL,NULL,NULL),
(40,'22',32,0,'64','1193','1252.65','1252.65','1','2018-04-10',43,'4455',1230,'',NULL,NULL,NULL,NULL),
(41,'22',32,0,'65','1929','2025.45','2025.45','1','2018-04-10',43,'4455',1990,'',NULL,NULL,NULL,NULL),
(42,'22',32,0,'744','1062','1115.1','1115.1','1','2018-04-10',43,'4455',1580,'',NULL,NULL,NULL,NULL),
(43,'22',32,0,'66','713','748.65','748.65','1','2018-04-10',43,'4455',740,'',NULL,NULL,NULL,NULL),
(44,'22',32,0,'745','326','342.3','342.3','1','2018-04-10',43,'4455',340,'',NULL,NULL,NULL,NULL),
(45,'22',32,0,'746','189','198.45','198.45','1','2018-04-10',43,'4455',200,'',NULL,NULL,NULL,NULL),
(46,'21',32,0,'743','6','6.3','6.3','1','2018-04-10',43,'4454',50,'',NULL,NULL,NULL,NULL),
(47,'21',32,0,'63','507','532.35','532.35','1','2018-04-10',43,'4454',570,'',NULL,NULL,NULL,NULL),
(48,'21',32,0,'64','925','971.25','971.25','1','2018-04-10',43,'4454',1000,'',NULL,NULL,NULL,NULL),
(49,'21',32,0,'65','1162','1220.1','1220.1','1','2018-04-10',43,'4454',1250,'',NULL,NULL,NULL,NULL),
(50,'21',32,0,'744','975','1023.75','1023.75','1','2018-04-10',43,'4454',1050,'',NULL,NULL,NULL,NULL),
(51,'21',32,0,'66','457','479.85','479.85','1','2018-04-10',43,'4454',520,'',NULL,NULL,NULL,NULL),
(52,'21',32,0,'745','258','270.9','270.9','1','2018-04-10',43,'4454',310,'',NULL,NULL,NULL,NULL),
(53,'23',32,0,'743','7','7.35','7.35','1','2018-04-10',43,'4454',50,'',NULL,NULL,NULL,NULL),
(54,'23',32,0,'63','651','683.55','683.55','1','2018-04-10',43,'4454',720,'',NULL,NULL,NULL,NULL),
(55,'23',32,0,'64','1179','1237.95','1237.95','1','2018-04-10',43,'4454',1250,'',NULL,NULL,NULL,NULL),
(56,'23',32,0,'65','1497','1571.85','1571.85','1','2018-04-10',43,'4454',1560,'',NULL,NULL,NULL,NULL),
(57,'23',32,0,'744','1255','1317.75','1317.75','1','2018-04-10',43,'4454',1310,'',NULL,NULL,NULL,NULL),
(58,'23',32,0,'66','588','617.4','617.4','1','2018-04-10',43,'4454',630,'',NULL,NULL,NULL,NULL),
(59,'23',32,0,'745','313','328.65','328.65','1','2018-04-10',43,'4454',340,'',NULL,NULL,NULL,NULL),
(60,'20',36,0,'63','283','297.15','297.15','1','2018-04-25',33,'3339',297,'',NULL,NULL,NULL,NULL),
(61,'20',36,0,'64','827','868.35','868.35','1','2018-04-25',33,'3339',868,'',NULL,NULL,NULL,NULL),
(62,'20',36,0,'65','1337','1403.85','1403.85','1','2018-04-25',33,'3339',1404,'',NULL,NULL,NULL,NULL),
(63,'20',36,0,'744','1062','1115.1','1115.1','1','2018-04-25',33,'3339',1115,'',NULL,NULL,NULL,NULL),
(64,'20',36,0,'66','494','518.7','518.7','1','2018-04-25',33,'3339',519,'',NULL,NULL,NULL,NULL),
(65,'20',36,0,'745','226','237.3','237.3','1','2018-04-25',33,'3339',237,'',NULL,NULL,NULL,NULL),
(66,'20',36,0,'746','131','137.55','137.55','1','2018-04-25',33,'3339',138,'',NULL,NULL,NULL,NULL),
(67,'22',36,0,'63','408','428.4','428.4','1','2018-04-25',33,'3339',428,'',NULL,NULL,NULL,NULL),
(68,'22',36,0,'64','1193','1252.65','1252.65','1','2018-04-25',33,'3339',1253,'',NULL,NULL,NULL,NULL),
(69,'22',36,0,'65','1929','2025.45','2025.45','1','2018-04-25',33,'3339',2025,'',NULL,NULL,NULL,NULL),
(70,'22',36,0,'744','1532','1608.6','1608.6','1','2018-04-25',33,'3339',1608,'',NULL,NULL,NULL,NULL),
(71,'22',36,0,'66','713','748.65','748.65','1','2018-04-25',33,'3339',749,'',NULL,NULL,NULL,NULL),
(72,'22',36,0,'745','326','342.3','342.3','1','2018-04-25',33,'3339',342,'',NULL,NULL,NULL,NULL),
(73,'22',36,0,'746','189','198.45','198.45','1','2018-04-24',33,'3339',198,'',NULL,NULL,NULL,NULL),
(74,'24',36,0,'63','316','331.8','331.8','1','2018-04-25',33,'3339',332,'',NULL,NULL,NULL,NULL),
(75,'24',36,0,'64','921','967.05','967.05','1','2018-04-25',33,'3339',968,'',NULL,NULL,NULL,NULL),
(76,'24',36,0,'65','1490','1564.5','1564.5','1','2018-04-25',33,'3339',1565,'',NULL,NULL,NULL,NULL),
(77,'24',36,0,'744','1184','1243.2','1243.2','1','2018-04-25',33,'3339',1243,'',NULL,NULL,NULL,NULL),
(78,'24',36,0,'66','551','578.55','578.55','1','2018-04-25',33,'3339',579,'',NULL,NULL,NULL,NULL),
(79,'24',36,0,'745','252','264.6','264.6','1','2018-04-25',33,'3339',265,'',NULL,NULL,NULL,NULL),
(80,'24',36,0,'746','146','153.3','153.3','1','2018-04-25',33,'3339',153,'',NULL,NULL,NULL,NULL),
(81,'21',36,0,'743','6','6.3','6.3','1','2018-04-25',33,'3339',9,'',NULL,NULL,NULL,NULL),
(82,'21',36,0,'63','504','529.2','529.2','1','2018-04-24',33,'3339',300,'218 pcs prepack',NULL,NULL,NULL,NULL),
(83,'21',36,0,'64','921','967.05','967.05','1','2018-04-24',33,'3339',628,'323 pcs prepack',NULL,NULL,NULL,NULL),
(84,'21',36,0,'65','1156','1213.8','1213.8','1','2018-04-24',33,'3339',765,'427 pcs prepack',NULL,NULL,NULL,NULL),
(85,'21',36,0,'744','970','1018.5','1018.5','1','2018-04-24',33,'3339',680,'322 pcs prepack',NULL,NULL,NULL,NULL),
(86,'21',36,0,'66','455','477.75','477.75','1','2018-04-24',33,'3339',249,'218 pcs prepack',NULL,NULL,NULL,NULL),
(87,'21',36,0,'745','256','268.8','268.8','1','2018-04-24',33,'3339',260,'9 pcs prepack',NULL,NULL,NULL,NULL),
(88,'23',36,0,'743','7','7.35','7.35','1','2018-04-24',33,'3339',10,'',NULL,NULL,NULL,NULL),
(89,'23',36,0,'63','647','679.35','679.35','1','2018-04-24',33,'3339',425,'242 pcs prepack',NULL,NULL,NULL,NULL),
(90,'23',36,0,'64','1173','1231.65','1231.65','1','2018-04-24',33,'3339',945,'273 pcs prepack',NULL,NULL,NULL,NULL),
(91,'23',36,0,'65','1489','1563.45','1563.45','1','2018-04-24',33,'3339',1088,'453 pcs prepack',NULL,NULL,NULL,NULL),
(92,'23',36,0,'744','1248','1310.4','1310.4','1','2018-04-24',33,'3339',835,'453 pcs prepack',NULL,NULL,NULL,NULL),
(93,'23',36,0,'66','585','614.25','614.25','1','2018-04-24',33,'3339',385,'218 pcs prepack',NULL,NULL,NULL,NULL),
(94,'23',36,0,'745','311','326.55','326.55','1','2018-04-24',33,'3339',294,'31 pcs prepack',NULL,NULL,NULL,NULL),
(95,'25',36,0,'743','7','7.35','7.35','1','2018-04-24',33,'3339',11,'',NULL,NULL,NULL,NULL),
(96,'25',36,0,'63','551','578.55','578.55','1','2018-04-24',33,'3339',357,'211 pcs prepack',NULL,NULL,NULL,NULL),
(97,'25',36,0,'64','1016','1066.8','1066.8','1','2018-04-24',33,'3339',695,'354 pcs prepack',NULL,NULL,NULL,NULL),
(98,'25',36,0,'65','1278','1341.9','1341.9','1','2018-04-24',33,'3339',880,'440 pcs prepack',NULL,NULL,NULL,NULL),
(99,'25',36,0,'744','1066','1119.3','1119.3','1','2018-04-24',33,'3339',751,'351 pcs prepack',NULL,NULL,NULL,NULL),
(100,'25',36,0,'66','500','525','525','1','2018-04-24',33,'3339',304,'211 pcs prepack',NULL,NULL,NULL,NULL),
(101,'25',36,0,'745','276','289.8','289.8','1','2018-04-24',33,'3339',271,'18 pcs prepack',NULL,NULL,NULL,NULL),
(102,'77',36,0,'63','3','3.15','3.15','1','2018-04-24',33,'3339',9,'',NULL,NULL,NULL,NULL),
(103,'77',36,0,'64','4','4.2','4.2','1','2018-04-24',33,'3339',10,'',NULL,NULL,NULL,NULL),
(104,'77',36,0,'65','6','6.3','6.3','1','2018-04-24',33,'3339',11,'',NULL,NULL,NULL,NULL),
(105,'77',36,0,'744','5','5.25','5.25','1','2018-04-24',33,'3339',8,'',NULL,NULL,NULL,NULL),
(106,'77',36,0,'66','2','2.1','2.1','1','2018-04-24',33,'3339',5,'',NULL,NULL,NULL,NULL),
(107,'77',36,0,'745','2','2.1','2.1','1','2018-04-24',33,'3339',5,'',NULL,NULL,NULL,NULL),
(108,'26',38,0,'743','20','21','795','1','2018-03-09',30,'61198',715,'330*229*110 prepack',NULL,NULL,NULL,NULL),
(109,'26',38,0,'745','1653','1735.65','26499','1','2018-03-13',30,'61279',26499,'7*11.5 bulk',NULL,NULL,NULL,NULL),
(110,'26',25,1,'743','20','21','21','2','2018-04-16',30,'65056',99,'','c2','32','771','4'),
(111,'26',39,0,'745','1653','1735.65','30910','1','2018-03-21',30,'20050',31000,'3 clear',NULL,NULL,NULL,NULL),
(113,'29',25,1,'64','114','119.7','164','1','2018-04-20',27,'4145',91,'ingreso como navy multi',NULL,NULL,NULL,NULL),
(115,'P07Q965200',30,1,'64','','','341','1','2018-04-22',43,'97',375,'',NULL,NULL,NULL,NULL),
(116,'P07Q965200',30,1,'65','','','541','1','2018-03-22',43,'97',575,'',NULL,NULL,NULL,NULL),
(117,'P07Q965200',30,1,'744','','','638','1','2018-03-22',43,'97',675,'',NULL,NULL,NULL,NULL),
(118,'P07Q965200',30,1,'66','','','392','1','2018-03-22',43,'97',425,'',NULL,NULL,NULL,NULL),
(119,'P07Q965200',30,1,'745','','','236','1','2018-03-22',43,'97',275,'',NULL,NULL,NULL,NULL),
(121,'29',30,1,'64','','','342','1','2018-03-22',43,'97',375,'global todos los p.os',NULL,NULL,NULL,NULL),
(122,'29',25,1,'64','114','119.7','','2','2018-04-20',27,'4165',72,'',NULL,NULL,NULL,NULL),
(123,'29',30,1,'65','','','541','1','2018-03-22',43,'97',575,'global todos los p.o',NULL,NULL,NULL,NULL);

/*Table structure for table `materialout` */

DROP TABLE IF EXISTS `materialout`;

CREATE TABLE `materialout` (
  `id` int(10) NOT NULL AUTO_INCREMENT,
  `po` varchar(30) DEFAULT NULL,
  `material` int(10) DEFAULT NULL,
  `materialtype` tinyint(1) DEFAULT NULL,
  `size` varchar(30) DEFAULT NULL,
  `ordernumber` varchar(10) DEFAULT NULL,
  `loss` varchar(10) DEFAULT NULL,
  `need` varchar(10) DEFAULT NULL,
  `rcvd` varchar(30) DEFAULT NULL,
  `date` varchar(30) DEFAULT NULL,
  `department` int(10) DEFAULT NULL,
  `invoice` varchar(30) DEFAULT NULL,
  `quantity` int(30) DEFAULT NULL,
  `note` varchar(30) DEFAULT NULL,
  `code` varchar(30) DEFAULT NULL,
  `prepack` varchar(30) DEFAULT NULL,
  `textura` varchar(30) DEFAULT NULL,
  `mts` varchar(30) DEFAULT NULL,
  PRIMARY KEY (`id`)
) ENGINE=InnoDB AUTO_INCREMENT=6 DEFAULT CHARSET=utf8;

/*Data for the table `materialout` */

insert  into `materialout`(`id`,`po`,`material`,`materialtype`,`size`,`ordernumber`,`loss`,`need`,`rcvd`,`date`,`department`,`invoice`,`quantity`,`note`,`code`,`prepack`,`textura`,`mts`) values 
(5,'46',25,1,'63','0','0','0','1','',37,'',1,'1','c2','2','771','2');

/*Table structure for table `orderdetail` */

DROP TABLE IF EXISTS `orderdetail`;

CREATE TABLE `orderdetail` (
  `id` int(10) NOT NULL AUTO_INCREMENT,
  `orderid` int(10) DEFAULT NULL,
  `style` varchar(30) DEFAULT NULL,
  `po` varchar(30) DEFAULT NULL,
  `shipdate` varchar(30) DEFAULT NULL,
  `color` varchar(30) DEFAULT NULL,
  `colorname` varchar(30) DEFAULT NULL,
  `s1` float DEFAULT NULL,
  `s2` float DEFAULT NULL,
  `s3` float DEFAULT NULL,
  `s4` float DEFAULT NULL,
  `s5` float DEFAULT NULL,
  `s6` float DEFAULT NULL,
  `s7` float DEFAULT NULL,
  `s8` float DEFAULT NULL,
  `s9` float DEFAULT NULL,
  `s10` float DEFAULT NULL,
  `body` varchar(30) DEFAULT '0',
  `trim` varchar(30) DEFAULT NULL,
  `otra1` varchar(10) DEFAULT NULL,
  `otra2` varchar(10) DEFAULT NULL,
  `priority` varchar(30) DEFAULT NULL,
  `priorityname` varchar(30) DEFAULT NULL,
  `work` int(1) DEFAULT '1',
  `unit` varchar(30) DEFAULT NULL,
  `f1` varchar(1) DEFAULT NULL,
  `f2` varchar(1) NOT NULL,
  `f3` varchar(1) DEFAULT NULL,
  `f4` varchar(1) DEFAULT NULL,
  `f5` varchar(1) DEFAULT NULL,
  PRIMARY KEY (`id`)
) ENGINE=InnoDB AUTO_INCREMENT=833 DEFAULT CHARSET=utf8;

/*Data for the table `orderdetail` */

insert  into `orderdetail`(`id`,`orderid`,`style`,`po`,`shipdate`,`color`,`colorname`,`s1`,`s2`,`s3`,`s4`,`s5`,`s6`,`s7`,`s8`,`s9`,`s10`,`body`,`trim`,`otra1`,`otra2`,`priority`,`priorityname`,`work`,`unit`,`f1`,`f2`,`f3`,`f4`,`f5`) values 
(20,8,'J4747','1698898','2018-05-02','C0103','Brillant Peri',0,283,827,1337,1062,494,226,131,0,0,'Body','',NULL,NULL,'N','Normal',1,'','1','','','',''),
(21,8,'J4747','2711897','2018-05-11','C0103','Brillant Peri',6,504,921,1156,970,455,256,0,0,0,'Body','',NULL,NULL,'N','Normal',1,'','1','2','','',''),
(22,8,'J4747','1698898','2018-05-11','C0374','Navy',0,408,1193,1929,1532,713,326,189,0,0,'Body','',NULL,NULL,'N','Normal',1,NULL,NULL,'',NULL,NULL,NULL),
(23,8,'J4747','2711897','2018-05-11','C0374','Navy',7,647,1173,1489,1248,585,311,0,0,0,'Body','',NULL,NULL,'N','Normal',1,NULL,NULL,'',NULL,NULL,NULL),
(24,8,'J4747','1698898','2018-05-11','C0431','Pink',0,316,921,1490,1184,551,252,146,0,0,'Body','',NULL,NULL,'N','Normal',1,NULL,NULL,'',NULL,NULL,NULL),
(25,8,'J4747','2711897','2018-05-11','C0431','Pink',7,551,1016,1278,1066,500,276,0,0,0,'Body','',NULL,NULL,'N','Normal',1,NULL,NULL,'',NULL,NULL,NULL),
(26,8,'J4747','TEIDO','2018-05-11','C0633','White',20,2719,6066,8700,7080,3306,1653,466,0,0,'','',NULL,NULL,'N','Normal',2,NULL,NULL,'',NULL,NULL,NULL),
(29,9,'7W84139','P07Q965200','2018-05-28','C0656','Navy Stripe W/White',114,102,371,162,26,0,0,0,0,0,'','',NULL,NULL,'-1','Not Selected',1,NULL,NULL,'',NULL,NULL,NULL),
(30,9,'7W84139','P07R074600','2018-05-28','C0656','Navy Stripe W/White',183,366,183,183,183,0,0,0,0,0,'','',NULL,NULL,'-1','Not Selected',1,NULL,NULL,'',NULL,NULL,NULL),
(31,9,'7W84139','P07Q965100','2018-05-28','C0656','Navy Stripe W/White',21,34,47,21,8,0,0,0,0,0,'','',NULL,NULL,'-1','Not Selected',1,NULL,NULL,'',NULL,NULL,NULL),
(32,9,'7W84139','P07R074500','2018-05-28','C0656','Navy Stripe W/White',7,14,7,7,7,0,0,0,0,0,'','',NULL,NULL,'-1','Not Selected',1,NULL,NULL,'',NULL,NULL,NULL),
(33,10,'7Q83273','P07Q628100','2018-06-04','C0041','Birch',0,0,0,0,0,0,0,0,0,0,'','',NULL,NULL,'-1','Not Selected',1,NULL,NULL,'',NULL,NULL,NULL),
(34,11,'7Q83273','7Q83273','2018-06-04','C0041','Birch',900,600,300,0,0,0,0,0,0,0,'','',NULL,NULL,'-1','Not Selected',1,NULL,NULL,'',NULL,NULL,NULL),
(39,13,'J1900','2710369','2018-05-04','C0019','Astor Blue',10,423,1126,1915,1721,856,453,0,0,0,'','',NULL,NULL,'-1','Not Selected',1,NULL,NULL,'',NULL,NULL,NULL),
(40,13,'J1900','1697490','2018-05-04','C0019','Astor Blue',0,186,686,1331,1222,631,322,117,175,169,'','',NULL,NULL,'-1','Not Selected',1,NULL,NULL,'',NULL,NULL,NULL),
(41,13,'J1900','0219069','2018-05-04','C0019','Astor Blue',0,13,96,171,169,105,61,13,0,0,'','',NULL,NULL,'-1','Not Selected',1,NULL,NULL,'',NULL,NULL,NULL),
(42,13,'J1900','2710718','2018-05-04','C0019','Astor Blue',0,5,13,23,20,10,5,0,0,0,'','',NULL,NULL,'-1','Not Selected',1,NULL,NULL,'',NULL,NULL,NULL),
(43,13,'J1900','0219730','2018-05-04','C0019','Astor Blue',0,0,3,9,6,4,1,0,0,0,'','',NULL,NULL,'-1','Not Selected',1,NULL,NULL,'',NULL,NULL,NULL),
(44,13,'J1900','0219597','2018-05-04','C0019','Astor Blue',0,0,7,13,19,13,8,0,0,0,'','',NULL,NULL,'-1','Not Selected',1,NULL,NULL,'',NULL,NULL,NULL),
(45,13,'J1900','0220676','2018-06-11','C0139','Cerise',0,21,153,273,268,168,98,19,0,0,'','',NULL,NULL,'-1','Not Selected',1,NULL,NULL,'',NULL,NULL,NULL),
(46,14,'53362','6068358','2018-05-04','C0633','White',0,209,403,1169,1568,593,58,0,0,0,'','',NULL,NULL,'-1','Not Selected',1,'0','0','','','',''),
(47,14,'53362','3518648','2018-05-04','C0633','White',0,0,702,1637,1333,828,0,0,0,0,'','',NULL,NULL,'-1','Not Selected',1,'0',NULL,'',NULL,NULL,NULL),
(48,14,'53362','6068368','2018-05-04','C0043','Black',0,88,364,1287,1436,675,150,0,0,0,'','',NULL,NULL,'-1','Not Selected',1,'0',NULL,'',NULL,NULL,NULL),
(49,14,'53362','3518648','2018-05-04','C0043','Black',0,0,757,1996,2189,1058,0,0,0,0,'','',NULL,NULL,'-1','Not Selected',1,'0',NULL,'',NULL,NULL,NULL),
(50,14,'J1919','6068280','2018-05-04','C0280','Hthr River',0,81,334,1181,1317,619,138,0,0,0,'','',NULL,NULL,'-1','Not Selected',1,'0',NULL,'',NULL,NULL,NULL),
(51,14,'J1919','6068281','2018-05-04','C0280','Hthr River',0,49,205,724,808,380,84,0,0,0,'','',NULL,NULL,'-1','Not Selected',1,'0',NULL,'',NULL,NULL,NULL),
(52,14,'J1919','3518588','2018-05-04','C0280','Hthr River',0,0,1086,3741,3624,1553,0,0,0,0,'','',NULL,NULL,'-1','Not Selected',1,'0',NULL,'',NULL,NULL,NULL),
(53,14,'53362','6068357','2018-05-18','C0181','Deep Grove',0,21,86,303,338,159,35,0,0,0,'','',NULL,NULL,'-1','Not Selected',1,'0',NULL,'',NULL,NULL,NULL),
(54,14,'53362','6068358','2018-05-18','C0181','Deep Grove',0,13,53,186,207,98,22,0,0,0,'','',NULL,NULL,'-1','Not Selected',1,'0',NULL,'',NULL,NULL,NULL),
(55,14,'53362','3518647','2018-05-18','C0181','Deep Grove',0,0,701,2434,2360,1007,0,0,0,0,'','',NULL,NULL,'-1','Not Selected',1,'0',NULL,'',NULL,NULL,NULL),
(66,17,'J1497','1695955','2018-05-04','C0043','Black',0,48,165,257,164,67,24,19,0,0,'','',NULL,NULL,'-1','Not Selected',1,NULL,NULL,'',NULL,NULL,NULL),
(67,17,'J1497','2710509','2018-05-04','C0043','Black',0,2,6,10,7,2,1,0,0,0,'','',NULL,NULL,'-1','Not Selected',1,NULL,NULL,'',NULL,NULL,NULL),
(68,17,'J1497','2709384','2018-05-04','C0043','Black',7,232,480,683,440,238,20,0,0,0,'','',NULL,NULL,'-1','Not Selected',1,NULL,NULL,'',NULL,NULL,NULL),
(69,17,'J1497','1695955','2018-05-04','C0155','Coal Grey',0,37,127,197,126,51,19,15,0,0,'','',NULL,NULL,'-1','Not Selected',1,NULL,NULL,'',NULL,NULL,NULL),
(70,17,'J1497','2710509','2018-05-04','C0155','Coal Grey',0,1,4,7,5,2,1,0,0,0,'','',NULL,NULL,'-1','Not Selected',1,NULL,NULL,'',NULL,NULL,NULL),
(71,17,'J1497','2709384','2018-05-04','C0155','Coal Grey',7,470,960,1360,956,309,118,0,0,0,'','',NULL,NULL,'-1','Not Selected',1,NULL,NULL,'',NULL,NULL,NULL),
(72,17,'J1497','1695955','2018-05-04','C0374','Navy',0,41,139,217,138,56,20,17,0,0,'','',NULL,NULL,'-1','Not Selected',1,NULL,NULL,'',NULL,NULL,NULL),
(73,17,'J1497','2710509','2018-05-04','C0374','Navy',0,2,6,10,7,2,1,0,0,0,'','',NULL,NULL,'-1','Not Selected',1,NULL,NULL,'',NULL,NULL,NULL),
(74,17,'J1497','2709384','2018-05-04','C0374','Navy',7,223,442,495,404,227,14,0,0,0,'','',NULL,NULL,'-1','Not Selected',1,NULL,NULL,'',NULL,NULL,NULL),
(75,17,'J1497','1695955','2018-05-04','C0405','Old Red',0,29,101,157,101,41,15,12,0,0,'','',NULL,NULL,'-1','Not Selected',1,NULL,NULL,'',NULL,NULL,NULL),
(76,17,'J1497','2710509','2018-05-04','C0405','Old Red',0,1,4,6,5,1,1,0,0,0,'','',NULL,NULL,'-1','Not Selected',1,NULL,NULL,'',NULL,NULL,NULL),
(77,8,'J4747','2713497','2018-05-11','C0103','Brillant Peri',0,3,4,6,5,2,2,0,0,0,'','',NULL,NULL,'-1','Not Selected',1,NULL,NULL,'',NULL,NULL,NULL),
(78,17,'J1497','2709384','2018-05-04','C0405','Old Red',7,459,909,1274,904,292,97,0,0,0,'','',NULL,NULL,'-1','Not Selected',1,NULL,NULL,'',NULL,NULL,NULL),
(79,17,'J1497','1695955','2018-05-04','C0517','Shale Blue',0,28,95,148,94,38,14,11,0,0,'','',NULL,NULL,'-1','Not Selected',1,NULL,NULL,'',NULL,NULL,NULL),
(80,17,'J1497','2710509','2018-05-04','C0517','Shale Blue',0,1,4,5,4,1,1,0,0,0,'','',NULL,NULL,'-1','Not Selected',1,NULL,NULL,'',NULL,NULL,NULL),
(81,8,'J4747','2713497','2018-05-11','C0374','Navy',0,4,6,8,7,3,2,0,0,0,'','',NULL,NULL,'-1','Not Selected',1,NULL,NULL,'',NULL,NULL,NULL),
(82,17,'J1497','2709384','2018-05-04','C0517','Shale Blue',7,438,856,1186,856,278,83,0,0,0,'','',NULL,NULL,'-1','Not Selected',1,NULL,NULL,'',NULL,NULL,NULL),
(83,17,'J1497','1695955','2018-05-04','C0633','White',0,65,222,345,220,90,32,26,0,0,'','',NULL,NULL,'-1','Not Selected',1,NULL,NULL,'',NULL,NULL,NULL),
(84,17,'J1497','2710509','2018-05-04','C0633','White',0,4,13,21,15,5,2,0,0,0,'','',NULL,NULL,'-1','Not Selected',1,NULL,NULL,'',NULL,NULL,NULL),
(85,8,'J4747','2713497','2018-05-11','C0431','Pink',0,3,5,7,6,3,2,0,0,0,'','',NULL,NULL,'-1','Not Selected',1,NULL,NULL,'',NULL,NULL,NULL),
(86,17,'J1497','2709384','2018-05-04','C0633','White',15,260,514,739,498,223,11,0,0,0,'','',NULL,NULL,'-1','Not Selected',1,NULL,NULL,'',NULL,NULL,NULL),
(87,17,'J1497','1695956','2018-05-18','C0633','White',0,48,166,259,166,67,24,20,0,0,'','',NULL,NULL,'-1','Not Selected',1,NULL,NULL,'',NULL,NULL,NULL),
(88,17,'J1497','2709385','2018-05-18','C0633','White',0,204,401,559,413,71,92,0,0,0,'','',NULL,NULL,'-1','Not Selected',1,NULL,NULL,'',NULL,NULL,NULL),
(89,17,'J1497','1695956','2018-05-18','C0043','Black',0,36,124,192,123,50,18,15,0,0,'','',NULL,NULL,'-1','Not Selected',1,NULL,NULL,'',NULL,NULL,NULL),
(90,17,'J1497','2709385','2018-05-18','C0043','Black',0,191,370,505,385,60,85,0,0,0,'','',NULL,NULL,'-1','Not Selected',1,NULL,NULL,'',NULL,NULL,NULL),
(91,17,'J1497','1695956','2018-05-18','C0155','Coal Grey',0,28,95,148,95,39,13,11,0,0,'','',NULL,NULL,'-1','Not Selected',1,NULL,NULL,'',NULL,NULL,NULL),
(92,17,'J1497','1695956','2018-05-18','C0374','Navy',0,30,105,162,104,43,15,12,0,0,'','',NULL,NULL,'-1','Not Selected',1,NULL,NULL,'',NULL,NULL,NULL),
(93,17,'J1497','2709385','2018-05-18','C0374','Navy',0,143,303,528,302,39,65,0,0,0,'','',NULL,NULL,'-1','Not Selected',1,NULL,NULL,'',NULL,NULL,NULL),
(94,17,'J1497','1695956','2018-05-18','C0405','Old Red',0,23,76,118,75,30,11,9,0,0,'','',NULL,NULL,'-1','Not Selected',1,NULL,NULL,'',NULL,NULL,NULL),
(95,17,'J1497','1695956','2018-05-18','C0517','Shale Blue',0,21,71,110,71,29,10,9,0,0,'','',NULL,NULL,'-1','Not Selected',1,NULL,NULL,'',NULL,NULL,NULL),
(96,17,'J1497','1695957','2018-06-01','C0043','Black',0,36,124,193,123,50,18,14,0,0,'','',NULL,NULL,'-1','Not Selected',1,NULL,NULL,'',NULL,NULL,NULL),
(97,17,'J1497','2709386','2018-06-01','C0043','Black',0,134,342,482,349,180,109,0,0,0,'','',NULL,NULL,'-1','Not Selected',1,NULL,NULL,'',NULL,NULL,NULL),
(98,17,'J1497','1695957','2018-06-01','C0155','Coal Grey',0,27,95,147,94,38,14,12,0,0,'','',NULL,NULL,'-1','Not Selected',1,NULL,NULL,'',NULL,NULL,NULL),
(99,17,'J1497','1695957','2018-06-01','C0374','Navy',0,30,104,163,104,42,16,12,0,0,'','',NULL,NULL,'-1','Not Selected',1,NULL,NULL,'',NULL,NULL,NULL),
(100,17,'J1497','2709386','2018-06-01','C0374','Navy',0,122,327,432,312,90,97,0,0,0,'','',NULL,NULL,'-1','Not Selected',1,NULL,NULL,'',NULL,NULL,NULL),
(101,17,'J1497','1695957','2018-06-01','C0405','Old Red',0,22,76,118,75,31,11,9,0,0,'','',NULL,NULL,'-1','Not Selected',1,NULL,NULL,'',NULL,NULL,NULL),
(102,17,'J1497','1695957','2018-06-01','C0517','Shale Blue',0,20,71,111,71,29,11,8,0,0,'','',NULL,NULL,'-1','Not Selected',1,NULL,NULL,'',NULL,NULL,NULL),
(103,17,'J1497','1695957','2018-06-01','C0633','White',0,48,167,259,165,67,25,19,0,0,'','',NULL,NULL,'-1','Not Selected',1,NULL,NULL,'',NULL,NULL,NULL),
(104,17,'J1497','2709386','2018-06-01','C0633','White',0,142,372,548,365,202,111,0,0,0,'','',NULL,NULL,'-1','Not Selected',1,NULL,NULL,'',NULL,NULL,NULL),
(105,14,'J4747','1698898','43222','C0103','Brillant Peri',0,283,827,1337,1062,494,226,131,0,0,'7.02','',NULL,NULL,'N','Normal',1,'1.13',NULL,'',NULL,NULL,NULL),
(106,14,'J4747','2711897','43231','C0103','Brillant Peri',6,504,921,1156,970,455,256,0,0,0,'7.02','',NULL,NULL,'N','Normal',1,'1.13',NULL,'',NULL,NULL,NULL),
(107,14,'J4747','1698898','43231','C0374','Navy',0,408,1193,1929,1532,713,326,189,0,0,'7.02','',NULL,NULL,'N','Normal',1,'1.13',NULL,'',NULL,NULL,NULL),
(108,14,'J4747','2711897','43231','C0374','Navy',7,647,1173,1489,1248,585,311,0,0,0,'7.02','',NULL,NULL,'N','Normal',1,'1.13',NULL,'',NULL,NULL,NULL),
(109,14,'J4747','1698898','43231','C0431','Pink',0,316,921,1490,1184,551,252,146,0,0,'7.02','',NULL,NULL,'N','Normal',1,'1.13',NULL,'',NULL,NULL,NULL),
(110,14,'J4747','2711897','43231','C0431','Pink',7,551,1016,1278,1066,500,276,0,0,0,'7.02','',NULL,NULL,'N','Normal',1,'1.13',NULL,'',NULL,NULL,NULL),
(142,19,'264-18C67660','4501926829','43243','CORSICAN BLUE','CORSICAN BLUE',238,471,652,439,0,0,0,0,0,0,'11.68','',NULL,NULL,'','',1,'1',NULL,'',NULL,NULL,NULL),
(143,19,'264-18C67660','4501926829','43243','VIBRANT PINK','VIBRANT PINK',238,471,652,439,0,0,0,0,0,0,'11.68','',NULL,NULL,'','',1,'1',NULL,'',NULL,NULL,NULL),
(163,18,'264-18C67660','4501926829','2018-05-11','CORSICAN BLUE','CORSICAN BLUE',108,211,262,179,0,0,0,0,0,0,'11.68','',NULL,NULL,'','',1,'1',NULL,'',NULL,NULL,NULL),
(164,18,'264-18C67660','4501926829','2018-05-11','CORSICAN BLUE','CORSICAN BLUE',130,260,390,260,0,0,0,0,0,0,'11.68','',NULL,NULL,'','',1,'1',NULL,'',NULL,NULL,NULL),
(165,18,'264-18C67660','4501926829','2018-05-11','VIBRANT PINK','VIBRANT PINK',108,211,262,179,0,0,0,0,0,0,'11.68','',NULL,NULL,'','',1,'1',NULL,'',NULL,NULL,NULL),
(166,18,'264-18C67660','4501926829','2018-05-11','VIBRANT PINK','VIBRANT PINK',130,260,390,260,0,0,0,0,0,0,'11.68','',NULL,NULL,'','',1,'1',NULL,'',NULL,NULL,NULL),
(174,21,'8605044','223336','2018-07-10','C0201','Dusty Pink Grey',29,181,294,270,168,58,0,0,0,0,'7.52','0.76',NULL,NULL,'','',1,'1',NULL,'',NULL,NULL,NULL),
(175,21,'8605044','223336','2018-07-10','C0201','Dusty Pink Grey',29,181,294,270,168,58,0,0,0,0,'7.52','0.76',NULL,NULL,'','',1,'1',NULL,'',NULL,NULL,NULL),
(181,22,'28800082','227194','2018-05-22','C0588','True White',901,1134,1134,577,254,0,0,0,0,0,'6.54','4.81',NULL,NULL,'','',1,'1',NULL,'',NULL,NULL,NULL),
(203,29,'8604918','229172','42151','C0444','Pitch Black',51,255,426,409,245,114,0,0,0,0,'9.64','',NULL,NULL,'','',1,'1',NULL,'',NULL,NULL,NULL),
(210,30,'28600117','225768','43228','C0359','MHG',1090,1534,995,381,0,0,0,0,0,0,'7.38','',NULL,NULL,'','',1,'1',NULL,'',NULL,NULL,NULL),
(211,30,'28600117','226033','43248','C0349','Maroon',934,1466,1116,484,0,0,0,0,0,0,'7.38','',NULL,NULL,'','',1,'1',NULL,'',NULL,NULL,NULL),
(225,23,'8604843','225461','2018-05-29','PITCH BLACK ','PITCH BLACK ',0,12,16,14,8,0,50,0,0,0,'8.11','1.78',NULL,NULL,'','',1,'1','2','',NULL,NULL,NULL),
(226,23,'8604843','225469','2018-05-29','PITCH BLACK ','PITCH BLACK ',0,3039,3842,3397,1731,592,12601,0,0,0,'8.11','1.78',NULL,NULL,'','',1,'1','2','',NULL,NULL,NULL),
(227,23,'8604843','225482','2018-05-29','PITCH BLACK ','PITCH BLACK ',87,542,882,811,505,173,3000,0,0,0,'8.11','1.78',NULL,NULL,'','',1,'1','2','',NULL,NULL,NULL),
(228,23,'8604843','225471','2018-05-29','PITCH BLACK ','PITCH BLACK ',0,27,27,20,10,0,84,0,0,0,'8.11','1.78',NULL,NULL,'','',1,'1','2','',NULL,NULL,NULL),
(229,23,'8604843','225467','2018-05-29','PITCH BLACK ','PITCH BLACK ',0,104,142,129,64,16,455,0,0,0,'8.11','1.78',NULL,NULL,'','',1,'1','2','',NULL,NULL,NULL),
(230,23,'8604843','225479','2018-05-29','PITCH BLACK ','PITCH BLACK ',0,35,33,29,13,0,110,0,0,0,'8.11','1.78',NULL,NULL,'','',1,'1','2','',NULL,NULL,NULL),
(231,23,'8604843','225986','2018-06-12','PITCH BLACK ','PITCH BLACK ',0,1595,1959,1727,839,80,6200,0,0,0,'8.11','1.78',NULL,NULL,'','',1,'1','2','',NULL,NULL,NULL),
(232,23,'8604843','225988','2018-06-12','PITCH BLACK ','PITCH BLACK ',73,451,735,676,421,144,2500,0,0,0,'8.11','1.78',NULL,NULL,'','',1,'1','2','',NULL,NULL,NULL),
(240,24,'8605217','226028','2018-06-05','C0421','Pale Snow Heather',36,203,376,355,187,43,0,0,0,0,'16.68','',NULL,NULL,'','',1,'1',NULL,'',NULL,NULL,NULL),
(241,24,'8604843','226033','2018-06-05','C0421','Pale Snow Heather',36,203,376,355,187,43,0,0,0,0,'16.68','',NULL,NULL,'','',1,'1',NULL,'',NULL,NULL,NULL),
(242,25,'28600131','226408','2018-05-29','C0588','True White',853,1154,1094,537,362,0,0,0,0,0,'11.2','',NULL,NULL,'','',1,'1',NULL,'',NULL,NULL,NULL),
(243,25,'28600131','226408','2018-05-29','C0401','Nouveau Slate',853,1154,1094,537,362,0,0,0,0,0,'11.2','',NULL,NULL,'','',1,'1',NULL,'',NULL,NULL,NULL),
(244,25,'28600131','226408','2018-05-29','C0648','Wild Ginger',853,1154,1094,537,362,0,0,0,0,0,'11.2','',NULL,NULL,'','',1,'1',NULL,'',NULL,NULL,NULL),
(245,25,'28600131','226408','2018-05-29','C0411','Outback',853,1154,1094,537,362,0,0,0,0,0,'11.2','',NULL,NULL,'','',1,'1',NULL,'',NULL,NULL,NULL),
(246,26,'8604306A','225910','2018-05-29','GREEN CAMO','GREEN CAMO',43,199,359,334,185,80,0,0,0,0,'9.15','',NULL,NULL,'','',1,'1',NULL,'',NULL,NULL,NULL),
(247,31,'8604891A','224370','2018-05-22','GREEN CAMO','GREEN CAMO',0,5,7,7,3,2,0,0,0,0,'11.57','',NULL,NULL,'','',1,'1',NULL,'',NULL,NULL,NULL),
(248,31,'8604891A','225695','2018-05-29','GREEN CAMO','GREEN CAMO',0,1808,2212,1940,1000,40,0,0,0,0,'11.57','',NULL,NULL,'','',1,'1',NULL,'',NULL,NULL,NULL),
(249,31,'8604891A','225697','2018-05-29','GREEN CAMO','GREEN CAMO',0,1924,2320,2067,1048,296,0,0,0,0,'11.57','',NULL,NULL,'','',1,'1',NULL,'',NULL,NULL,NULL),
(250,31,'8604891A','225699','2018-05-29','GREEN CAMO','GREEN CAMO',0,20,19,14,7,0,0,0,0,0,'11.57','',NULL,NULL,'','',1,'1',NULL,'',NULL,NULL,NULL),
(251,31,'8604891A','224376','2018-05-29','GREEN CAMO','GREEN CAMO',0,60,81,74,37,8,0,0,0,0,'11.57','',NULL,NULL,'','',1,'1',NULL,'',NULL,NULL,NULL),
(252,31,'8604891A','225703','2018-05-29','GREEN CAMO','GREEN CAMO',29,181,296,262,172,60,0,0,0,0,'11.57','',NULL,NULL,'','',1,'1',NULL,'',NULL,NULL,NULL),
(253,31,'8604891A','225704','2018-05-29','GREEN CAMO','GREEN CAMO',58,362,590,532,341,117,0,0,0,0,'11.57','',NULL,NULL,'','',1,'1',NULL,'',NULL,NULL,NULL),
(254,31,'8604891A','225673','2018-06-12','GREEN CAMO','GREEN CAMO',0,516,617,545,282,40,0,0,0,0,'11.57','',NULL,NULL,'','',1,'1',NULL,'',NULL,NULL,NULL),
(255,31,'8604891A','225674','2018-06-12','GREEN CAMO','GREEN CAMO',15,91,148,132,85,29,0,0,0,0,'11.57','',NULL,NULL,'','',1,'1',NULL,'',NULL,NULL,NULL),
(256,32,'22200085','212182','2018-04-10','C0444','Pitch Black',117,242,456,404,211,70,0,0,0,0,'8.76','0.34',NULL,NULL,'','',1,'1','2','',NULL,NULL,NULL),
(257,32,'8604891A','226381','2018-05-15','C0444','Pitch Black',170,363,693,583,291,100,0,0,0,0,'8.76','0.34',NULL,NULL,'','',1,'1','2','',NULL,NULL,NULL),
(258,32,'8604891A','226381','2018-05-15','C0502','Russian Ruby',154,356,693,604,305,88,0,0,0,0,'8.76','0.34',NULL,NULL,'','',1,'1','2','',NULL,NULL,NULL),
(267,33,'H6734','1702772','2018-06-01','C0043','Black',0,86,475,639,0,0,0,0,0,0,'7.74','',NULL,NULL,'','',1,'1',NULL,'',NULL,NULL,NULL),
(268,33,'H6734','2714797','2018-06-01','C0043','Black',18,282,590,1490,380,20,20,0,0,0,'7.74','',NULL,NULL,'','',1,'1',NULL,'',NULL,NULL,NULL),
(269,33,'H6734','1702772','2018-06-01','PINK LEMONADE','PINK LEMONADE',0,86,377,656,494,181,44,65,68,29,'7.74','',NULL,NULL,'','',1,'1',NULL,'',NULL,NULL,NULL),
(270,33,'H6734','1702772','2018-06-01','C0633','White',0,152,683,1017,148,0,0,0,0,0,'7.74','',NULL,NULL,'','',1,'1',NULL,'',NULL,NULL,NULL),
(271,33,'H6734','2714797','2018-06-01','C0633','White',20,540,890,1620,390,20,20,0,0,0,'7.74','',NULL,NULL,'','',1,'1',NULL,'',NULL,NULL,NULL),
(272,33,'H6734','1702772','2018-06-01','C0243','Golden Straw',0,59,273,544,379,113,14,51,47,20,'7.74','',NULL,NULL,'','',1,'1',NULL,'',NULL,NULL,NULL),
(274,34,'J9770','1704333','42147','C0633','White',91,234,486,434,214,98,0,0,0,0,'7.42','0.32',NULL,NULL,'','',1,'1','2','',NULL,NULL,NULL),
(275,34,'J9770','2715967','42147','C0633','White',235,603,1248,1117,551,251,0,0,0,0,'7.42','0.32',NULL,NULL,'','',1,'1','2','',NULL,NULL,NULL),
(276,34,'J9770','1704944','42156','C0278','Hthr Chrome',124,315,637,580,279,128,0,0,0,0,'7.42','0.32',NULL,NULL,'','',1,'1','2','',NULL,NULL,NULL),
(277,34,'J9770','2716280','42156','C0278','Hthr Chrome',106,267,541,492,236,108,0,0,0,0,'7.42','0.32',NULL,NULL,'','',1,'1','2','',NULL,NULL,NULL),
(278,35,'J1670','2710449','42142','Ivory / Pale Snow Heather','Ivory / Pale Snow Heather',0,3,7,11,10,5,2,0,0,0,'7.68','0.99',NULL,NULL,'','',1,'1','2','',NULL,NULL,NULL),
(279,35,'J1670','1696019','42173','Ivory / Pale Snow Heather','Ivory / Pale Snow Heather',0,83,307,596,547,282,144,52,78,76,'7.68','0.99',NULL,NULL,'','',1,'1','2','',NULL,NULL,NULL),
(280,35,'J1670','2709244','42173','Ivory / Pale Snow Heather','Ivory / Pale Snow Heather',10,267,570,974,878,444,249,0,0,0,'7.68','0.99',NULL,NULL,'','',1,'1','2','',NULL,NULL,NULL),
(281,35,'J1670','0220087','42173','Ivory / Pale Snow Heather','Ivory / Pale Snow Heather',0,7,54,94,90,57,35,7,0,0,'7.68','0.99',NULL,NULL,'','',1,'1','2','',NULL,NULL,NULL),
(282,36,'J4303','1698475','42156','C0294','Ivory',0,141,520,1008,925,477,244,88,132,128,'','',NULL,NULL,'','',1,'1','2','',NULL,NULL,NULL),
(283,36,'J4303','2711948','42156','C0294','Ivory',0,5,12,20,17,8,4,0,0,0,'','',NULL,NULL,'','',1,'1','2','',NULL,NULL,NULL),
(284,36,'J4303','2711827','42156','C0294','Ivory',19,342,849,1444,1311,632,327,0,0,0,'','',NULL,NULL,'','',1,'1','2','',NULL,NULL,NULL),
(326,38,'J1496','1695952','2018-05-18','C0572','Sweet Meadow',0,84,261,413,329,164,95,36,74,71,'8.45','0.36',NULL,NULL,'','',1,'1','2','',NULL,NULL,NULL),
(327,38,'J1496','1695954','2018-05-18','C0633','White',0,177,555,877,698,349,202,76,0,0,'8.45','0.36',NULL,NULL,'','',1,'1','2','',NULL,NULL,NULL),
(328,38,'J1496','1695954','2018-05-18','C0043','Black',0,83,261,411,327,164,95,36,0,0,'8.45','0.36',NULL,NULL,'','',1,'1','2','',NULL,NULL,NULL),
(329,38,'J1496','1695954','2018-05-18','C0374','Navy',0,83,261,411,327,164,95,36,0,0,'8.45','0.36',NULL,NULL,'','',1,'1','2','',NULL,NULL,NULL),
(330,38,'J1496','1695954','2018-05-18','C0517','Shale Blue',0,71,226,356,283,142,82,31,0,0,'8.45','0.36',NULL,NULL,'','',1,'1','2','',NULL,NULL,NULL),
(331,38,'J1496','1695954','2018-05-18','C0405','Old Red',0,58,181,285,227,113,65,25,0,0,'8.45','0.36',NULL,NULL,'','',1,'1','2','',NULL,NULL,NULL),
(332,38,'J1496','1695954','2018-05-18','C0431','Pink',0,52,165,260,207,104,60,22,0,0,'8.45','0.36',NULL,NULL,'','',1,'1','2','',NULL,NULL,NULL),
(333,38,'J1496','1695954','2018-05-18','C0173','Dark Moss',0,51,162,254,202,102,59,22,0,0,'8.45','0.36',NULL,NULL,'','',1,'1','2','',NULL,NULL,NULL),
(334,38,'J1496','1695954','2018-05-18','C0139','Cerise',0,27,83,132,105,53,30,11,0,0,'8.45','0.36',NULL,NULL,'','',1,'1','2','',NULL,NULL,NULL),
(335,38,'J1496','2709381','2018-05-18','C0572','Sweet Meadow',7,375,808,1149,878,351,230,0,0,0,'8.45','0.36',NULL,NULL,'','',1,'1','2','',NULL,NULL,NULL),
(336,38,'J1496','2709383','2018-05-18','C0633','White',0,507,1071,1532,1177,500,238,0,0,0,'8.45','0.36',NULL,NULL,'','',1,'1','2','',NULL,NULL,NULL),
(337,38,'J1496','2709383','2018-05-18','C0043','Black',0,271,588,810,637,262,138,0,0,0,'8.45','0.36',NULL,NULL,'','',1,'1','2','',NULL,NULL,NULL),
(338,38,'J1496','2709383','2018-05-18','C0374','Navy',0,271,588,810,637,262,138,0,0,0,'8.45','0.36',NULL,NULL,'','',1,'1','2','',NULL,NULL,NULL),
(339,38,'J1496','2709383','2018-05-18','C0517','Shale Blue',0,235,540,725,587,237,109,0,0,0,'8.45','0.36',NULL,NULL,'','',1,'1','2','',NULL,NULL,NULL),
(340,38,'J1496','2709383','2018-05-18','C0405','Old Red',0,202,473,660,491,180,70,0,0,0,'8.45','0.36',NULL,NULL,'','',1,'1','2','',NULL,NULL,NULL),
(341,38,'J1496','2709383','2018-05-18','C0431','Pink',0,193,432,613,473,177,65,0,0,0,'8.45','0.36',NULL,NULL,'','',1,'1','2','',NULL,NULL,NULL),
(342,38,'J1496','2709383','2018-05-18','C0173','Dark Moss',0,196,421,608,464,174,63,0,0,0,'8.45','0.36',NULL,NULL,'','',1,'1','2','',NULL,NULL,NULL),
(343,38,'J1496','2710821','2018-05-18','C0572','Sweet Meadow',0,3,7,10,8,3,1,0,0,0,'8.45','0.36',NULL,NULL,'','',1,'1','2','',NULL,NULL,NULL),
(344,38,'J1496','0219661','2018-05-18','C0139','Cerise',0,4,26,68,62,26,10,4,0,0,'8.45','0.36',NULL,NULL,'','',1,'1','2','',NULL,NULL,NULL),
(345,38,'J1496','2711012','2018-05-18','C0628','Warm Canary',0,1,3,5,3,1,1,0,0,0,'8.45','0.36',NULL,NULL,'','',1,'1','2','',NULL,NULL,NULL),
(346,38,'J1496','1697988','2018-05-18','C0628','Warm Canary',0,40,125,197,157,78,46,17,0,0,'8.45','0.36',NULL,NULL,'','',1,'1','2','',NULL,NULL,NULL),
(347,38,'J1496','2710950','2018-05-18','C0628','Warm Canary',0,62,124,124,62,62,0,0,0,0,'8.45','0.36',NULL,NULL,'','',1,'1','2','',NULL,NULL,NULL),
(348,38,'J1496','2710950','2018-05-18','C0628','Warm Canary',7,189,378,597,454,167,120,0,0,0,'8.45','0.36',NULL,NULL,'','',1,'1','2','',NULL,NULL,NULL),
(349,38,'J1496','2711013','2018-06-01','C0194','Dusty Khaki',0,3,7,10,8,3,1,0,0,0,'8.45','0.36',NULL,NULL,'','',1,'1','2','',NULL,NULL,NULL),
(350,38,'J1496','2710949','2018-06-01','C0194','Dusty Khaki',9,363,763,1087,834,326,206,0,0,0,'8.45','0.36',NULL,NULL,'','',1,'1','2','',NULL,NULL,NULL),
(351,38,'J1496','1697987','2018-06-01','C0194','Dusty Khaki',0,87,273,430,342,171,99,38,0,0,'8.45','0.36',NULL,NULL,'','',1,'1','2','',NULL,NULL,NULL),
(364,39,'H8628','2715721','43266','C0294','Ivory',0,1137,1943,2000,1290,500,150,0,0,0,'7.32','',NULL,NULL,'','',1,'1',NULL,'',NULL,NULL,NULL),
(365,39,'H8628','1703765','43266','C0294','Ivory',0,400,735,740,331,144,30,0,0,0,'7.32','',NULL,NULL,'','',1,'1',NULL,'',NULL,NULL,NULL),
(366,39,'H8628','2715721','43266','C0152','Classic Sky',0,303,621,902,690,286,98,0,0,0,'7.32','',NULL,NULL,'','',1,'1',NULL,'',NULL,NULL,NULL),
(367,39,'H8628','2715722','43266','C0152','Classic Sky',15,536,1054,1516,1151,486,204,0,0,0,'7.32','',NULL,NULL,'','',1,'1',NULL,'',NULL,NULL,NULL),
(368,39,'H8628','2716611','43266','C0152','Classic Sky',0,4,8,12,9,4,1,0,0,0,'7.32','',NULL,NULL,'','',1,'1',NULL,'',NULL,NULL,NULL),
(369,39,'H8628','1703765','43266','C0374','Navy',0,249,534,753,584,264,106,10,0,0,'7.32','',NULL,NULL,'','',1,'1',NULL,'',NULL,NULL,NULL),
(370,39,'H8628','1703765','43266','C0035','Bedford Coal',0,345,885,1147,888,310,180,25,0,0,'7.32','',NULL,NULL,'','',1,'1',NULL,'',NULL,NULL,NULL),
(371,39,'H8628','2715720','43266','C0035','Bedford Coal',9,261,542,808,615,230,39,0,0,0,'7.32','',NULL,NULL,'','',1,'1',NULL,'',NULL,NULL,NULL),
(372,39,'H8628','2716610','43266','C0035','Bedford Coal',0,2,3,5,4,1,1,0,0,0,'7.32','',NULL,NULL,'','',1,'1',NULL,'',NULL,NULL,NULL),
(373,39,'H8628','1703765','43266','C0559','Subtle Pink',0,387,983,1312,747,310,93,38,0,0,'7.32','',NULL,NULL,'','',1,'1',NULL,'',NULL,NULL,NULL),
(374,39,'H8628','2715720','43266','C0559','Subtle Pink',18,513,991,1441,1095,445,143,0,0,0,'7.32','',NULL,NULL,'','',1,'1',NULL,'',NULL,NULL,NULL),
(375,39,'H8628','2716610','43266','C0559','Subtle Pink',0,5,10,14,11,4,2,0,0,0,'7.32','',NULL,NULL,'','',1,'1',NULL,'',NULL,NULL,NULL),
(376,40,'','220477','43252','DEEP MOSS','DEEP MOSS',32,139,284,305,220,133,0,0,0,0,'8.39','0.42',NULL,NULL,'','',1,'1',NULL,'',NULL,NULL,NULL),
(377,40,'H1830','220477','43252','C0294','Ivory',112,366,909,944,671,411,0,0,0,0,'8.39','0.42',NULL,NULL,'','',1,'1',NULL,'',NULL,NULL,NULL),
(378,44,'53870','6068432','43245','C0657','Hthr Navy',58,264,791,727,225,0,0,0,0,0,'9.31','0.3',NULL,NULL,'','',1,'1','2','',NULL,NULL,NULL),
(379,44,'53870','6068433','43245','C0657','Hthr Navy',36,162,485,445,138,0,0,0,0,0,'9.31','0.3',NULL,NULL,'','',1,'1','2','',NULL,NULL,NULL),
(380,44,'53870','3518740','43245','C0657','Hthr Navy',0,1088,3738,3621,1550,0,0,0,0,0,'9.31','0.3',NULL,NULL,'','',1,'1','2','',NULL,NULL,NULL),
(381,44,'53623','6068363','43245','C0325','Light Pistachio',25,114,342,314,97,0,0,0,0,0,'9.31','0.3',NULL,NULL,'','',1,'1','2','',NULL,NULL,NULL),
(382,44,'53623','6068364','43245','C0325','Light Pistachio',15,70,210,192,60,0,0,0,0,0,'9.31','0.3',NULL,NULL,'','',1,'1','2','',NULL,NULL,NULL),
(383,44,'53623','3518653','43245','C0325','Light Pistachio',0,694,2424,2345,1004,0,0,0,0,0,'9.31','0.3',NULL,NULL,'','',1,'1','2','',NULL,NULL,NULL),
(384,44,'53623','6068364','43245','C0043','Black',85,384,1149,1056,327,0,0,0,0,0,'9.31','0.3',NULL,NULL,'','',1,'1','2','',NULL,NULL,NULL),
(385,44,'53623','3518654','43245','C0043','Black',0,752,2021,2206,1022,0,0,0,0,0,'9.31','0.3',NULL,NULL,'','',1,'1','2','',NULL,NULL,NULL),
(386,44,'53623','6068364','43245','C0633','White',92,430,1084,394,0,0,0,0,0,0,'9.31','0.3',NULL,NULL,'','',1,'1','2','',NULL,NULL,NULL),
(387,44,'53623','3518654','43245','C0633','White',0,910,1606,2124,1360,0,0,0,0,0,'9.31','0.3',NULL,NULL,'','',1,'1','2','',NULL,NULL,NULL),
(404,46,'28600151','53870','2018-07-17','C0249','Green Cameo',529,776,830,468,197,0,0,0,0,0,'','','','','-1','Not Selected',1,'','','','','',''),
(515,47,'H4465 (SS)','6068292','2018-06-29','NAVY','NAVY',20,195,103,154,175,61,168,54,70,0,'5.39','0.25','','','N','Normal',1,'0.6','1','2','3','4',''),
(516,47,'H4465 (SS)','6068293','2018-07-27','NAVY','NAVY',30,131,183,215,154,81,109,49,48,0,'5.39','0.25','','','N','Normal',1,'0.6','1','2','3','4',''),
(517,47,'J8992 (LS)','6068294','2018-06-29','SHALE BLUE','SHALE BLUE',23,64,146,186,122,71,50,30,18,0,'6.45','0.25','','','N','Normal',1,'0.7','1','2','3','4',''),
(518,47,'J8992 (LS)','9039486','2018-06-29','SHALE BLUE','SHALE BLUE',200,348,632,785,465,337,215,72,0,0,'6.45','0.25','','','N','Normal',1,'0.7','1','2','3','4',''),
(519,47,'J8992 (LS)','9039487','2018-07-27','SHALE BLUE','SHALE BLUE',118,231,418,509,296,220,143,101,0,0,'6.45','0.25','','','N','Normal',1,'0.7','1','2','3','4',''),
(520,47,'J8993 (LS)','6068295','2018-06-29','OLIVE SAND','OLIVE SAND',19,52,119,152,100,58,41,25,14,0,'6.45','0.25','','','N','Normal',1,'0.7','1','2','3','4',''),
(521,47,'J8993 (LS)','9039488','2018-06-29','OLIVE SAND','OLIVE SAND',188,341,618,771,450,330,202,90,0,0,'6.45','0.25','','','N','Normal',1,'0.7','1','2','3','4',''),
(522,47,'J8994 (LS)','6068296','2018-06-29','DARK EVENING','DARK EVENING',35,59,101,118,78,49,38,25,17,0,'6.45','0.25','','','N','Normal',1,'0.7','1','2','3','4',''),
(523,47,'J8994 (LS)','9039489','2018-06-29','DARK EVENING','DARK EVENING',299,386,609,567,348,258,190,113,0,0,'6.45','0.25','','','N','Normal',1,'0.7','1','2','3','4',''),
(524,47,'J8995 (SS)','6068297','2018-06-29','WHITE','WHITE',14,38,86,110,72,42,30,18,10,0,'5.39','0.25','','','N','Normal',1,'0.6','1','2','3','4',''),
(525,47,'J8995 (SS)','9039490','2018-06-29','WHITE','WHITE',142,258,471,575,338,248,161,67,0,0,'5.39','0.25','','','N','Normal',1,'0.6','1','2','3','4',''),
(526,47,'J9006 (SS)','6068298','2018-06-29','HEATHER GREY','HEATHER GREY',13,36,82,105,69,40,28,17,10,0,'5.39','0.25','','','N','Normal',1,'0.6','1','2','3','4',''),
(527,47,'J9006 (SS)','9039491','2018-06-29','HEATHER GREY','HEATHER GREY',141,255,464,568,334,245,157,67,0,0,'5.39','0.25','','','N','Normal',1,'0.6','1','2','3','4',''),
(528,47,'J9007 (LS)','6068299','2018-07-27','FADED BLACK','FADED BLACK',26,73,168,216,140,81,57,34,20,0,'6.45','0.25','','','N','Normal',1,'0.7','1','2','3','4',''),
(529,47,'J9007 (LS)','9039492','2018-08-04','FADED BLACK','FADED BLACK',194,362,657,815,473,347,215,98,0,0,'6.45','0.25','','','N','Normal',1,'0.7','1','2','3','4',''),
(530,47,'J9007 (LS)','6068500','2018-08-24','FADED BLACK','FADED BLACK',26,74,168,211,140,82,58,36,20,0,'6.45','0.25','','','N','Normal',1,'0.7','1','2','3','4',''),
(531,47,'J9007 (LS)','9039493','2018-08-24','FADED BLACK','FADED BLACK',70,133,236,293,179,132,85,51,0,0,'6.45','0.25','','','N','Normal',1,'0.7','1','2','3','4',''),
(532,47,'J9008 (LS)','6068501','2018-08-03','DUSTY BARN','DUSTY BARN',57,97,166,193,127,79,62,41,28,0,'6.45','0.25','','','N','Normal',1,'0.7','1','2','3','4',''),
(533,47,'J9008 (LS)','9039494','2018-08-03','DUSTY BARN','DUSTY BARN',320,414,653,608,374,276,204,121,0,0,'6.45','0.25','','','N','Normal',1,'0.7','1','2','3','4',''),
(534,47,'J9009 (LS)','6068502','2018-08-03','DARK TWILIGHT','DARK TWILIGHT',37,63,107,125,82,51,40,27,18,0,'6.45','0.25','','','N','Normal',1,'0.7','1','2','3','4',''),
(535,47,'J9009 (LS)','9039495','2018-08-03','DARK TWILIGHT','DARK TWILIGHT',271,350,552,514,316,233,172,102,0,0,'6.45','0.25','','','N','Normal',1,'0.7','1','2','3','4',''),
(536,47,'J9010 (LS)','6068503','2018-08-31','VISTA BLUE','VISTA BLUE',15,41,94,119,78,46,32,19,11,0,'6.45','0.25','','','N','Normal',1,'0.7','1','2','3','4',''),
(537,47,'J9010 (LS)','9039496','2018-08-31','VISTA BLUE','VISTA BLUE',171,264,542,682,417,264,203,45,12,0,'6.45','0.25','','','N','Normal',1,'0.7','1','2','3','4',''),
(538,47,'J9010 (LS)','6068444','2018-09-28','VISTA BLUE','VISTA BLUE',9,9,9,18,9,9,0,0,0,0,'6.45','0.25','','','N','Normal',1,'0.7','1','2','3','4',''),
(539,47,'J9010 (LS)','9039780','2018-09-28','VISTA BLUE','VISTA BLUE',0,0,0,0,0,0,0,0,0,0,'6.45','0.25','','','N','Normal',1,'0.7','1','2','3','4',''),
(540,47,'J9011 (LS)','6068504','2018-08-31','SEACREST','SEACREST',22,62,142,181,118,69,49,30,17,0,'6.45','0.25','','','N','Normal',1,'0.7','1','2','3','4',''),
(541,47,'J9011 (LS)','9039497','2018-08-31','SEACREST','SEACREST',191,358,645,805,463,343,209,96,0,0,'6.45','0.25','','','N','Normal',1,'0.7','1','2','3','4',''),
(542,47,'J9012 (LS)','6068505','2018-08-31','DEEP NAVY','DEEP NAVY',18,51,115,147,96,56,39,24,14,0,'6.45','0.25','','','N','Normal',1,'0.7','1','2','3','4',''),
(543,47,'J9012 (LS)','9039498','2018-08-31','DEEP NAVY','DEEP NAVY',175,301,545,685,400,293,184,57,0,0,'6.45','0.25','','','N','Normal',1,'0.7','1','2','3','4',''),
(544,48,'70T3969','229843','2018-06-19','NOUVEAU SLATE','NOUVEAU SLATE',378,601,615,305,101,0,0,0,0,0,'11.99','','','','N','Normal',1,'0.85','1','','','',''),
(545,48,'70T3969','229843','2018-06-19','DAIQUIRI','DAIQUIRI',378,601,615,305,101,0,0,0,0,0,'11.99','','','','N','Normal',1,'0.85','1','','','',''),
(546,49,'J0445','1697726','2018-06-01','CLASSIC SKY','CLASSIC SKY',19,91,299,310,159,40,0,0,0,0,'9.09','0.38','','','N','Normal',1,'0.7','1','2','','',''),
(547,49,'J0445','1697726','2018-06-01','DUSTY KHAKI','DUSTY KHAKI',9,46,151,156,80,20,0,0,0,0,'9.09','0.38','','','N','Normal',1,'0.7','1','2','','',''),
(548,49,'J0466','1697727','2018-06-01','DUSTY KHAKI','DUSTY KHAKI',0,0,0,0,0,0,23,38,28,19,'9.78','0.38','','','N','Normal',1,'0.7','1','2','','',''),
(549,49,'J0466','1697727','2018-06-01','CLASSIC SKY','CLASSIC SKY',0,0,0,0,0,0,44,74,54,38,'9.78','0.38','','','N','Normal',1,'0.7','1','2','','',''),
(550,49,'J0467','1697728','2018-06-01','CLASSIC SKY','CLASSIC SKY',18,59,151,117,33,0,0,0,0,0,'9.09','0.38','','','N','Normal',1,'0.7','1','2','','',''),
(551,49,'J0467','1697728','2018-06-01','DUSTY KHAKI','DUSTY KHAKI',9,30,77,59,17,0,0,0,0,0,'9.09','0.38','','','N','Normal',1,'0.7','1','2','','',''),
(552,49,'J0445','2710266','2018-06-01','CLASSIC SKY','CLASSIC SKY',3,503,1256,1118,471,85,0,0,0,0,'9.09','0.38','','','N','Normal',1,'0.7','1','2','','',''),
(553,49,'J0445','2711752','2018-06-01','CLASSIC SKY','CLASSIC SKY',0,13,31,26,10,0,0,0,0,0,'9.09','0.38','','','N','Normal',1,'0.7','1','2','','',''),
(554,49,'J0445','1697732','2018-06-01','WARM BLACK','WARM BLACK',6,29,97,100,51,13,0,0,0,0,'9.09','0.38','','','N','Normal',1,'0.7','1','2','','',''),
(555,49,'J0445','1697732','2018-06-01','WHITE','WHITE',13,63,207,213,109,28,0,0,0,0,'9.09','0.38','','','N','Normal',1,'0.7','1','2','','',''),
(556,49,'J0445','1697732','2018-06-01','NAVY','NAVY',7,33,106,110,56,14,0,0,0,0,'9.09','0.38','','','N','Normal',1,'0.7','1','2','','',''),
(557,49,'J0466','1697733','2018-06-01','WARM BLACK','WARM BLACK',0,0,0,0,0,0,15,23,18,12,'9.78','0.38','','','N','Normal',1,'0.7','1','2','','',''),
(558,49,'J0466','1697733','2018-06-01','WHITE','WHITE',0,0,0,0,0,0,31,51,37,26,'9.78','0.38','','','N','Normal',1,'0.7','1','2','','',''),
(559,49,'J0466','1697733','2018-06-01','NAVY','NAVY',0,0,0,0,0,0,16,26,19,14,'9.78','0.38','','','N','Normal',1,'0.7','1','2','','',''),
(560,49,'J0467','1697734','2018-06-01','WARM BLACK','WARM BLACK',5,19,49,37,11,0,0,0,0,0,'9.09','0.38','','','N','Normal',1,'0.7','1','2','','',''),
(561,49,'J0467','1697734','2018-06-01','WHITE','WHITE',12,40,104,80,24,0,0,0,0,0,'9.09','0.38','','','N','Normal',1,'0.7','1','2','','',''),
(562,49,'J0467','1697734','2018-06-01','NAVY','NAVY',7,21,53,42,11,0,0,0,0,0,'9.09','0.38','','','N','Normal',1,'0.7','1','2','','',''),
(563,49,'J0445','2710268','2018-06-01','WARM BLACK','WARM BLACK',3,110,280,247,98,3,0,0,0,0,'9.09','0.38','','','N','Normal',1,'0.7','1','2','','',''),
(564,49,'J0445','2710268','2018-06-01','WHITE','WHITE',3,255,644,569,226,8,0,0,0,0,'9.09','0.38','','','N','Normal',1,'0.7','1','2','','',''),
(565,49,'J0445','2710268','2018-06-01','NAVY','NAVY',3,115,295,260,103,4,0,0,0,0,'9.09','0.38','','','N','Normal',1,'0.7','1','2','','',''),
(566,49,'J0467','0219437','2018-06-01','NAVY','NAVY',3,13,11,3,0,0,0,0,0,0,'9.09','0.38','','','N','Normal',1,'0.7','1','2','','',''),
(567,49,'J0467','0219437','2018-06-01','WHITE','WHITE',3,13,11,3,0,0,0,0,0,0,'9.09','0.38','','','N','Normal',1,'0.7','1','2','','',''),
(568,49,'J0466','1697742','2018-06-01','CLASSIC SKY','CLASSIC SKY',0,0,0,0,0,0,29,49,37,25,'9.78','0.38','','','N','Normal',1,'0.7','1','2','','',''),
(569,49,'J0466','1697742','2018-06-01','DUSTY KHAKI','DUSTY KHAKI',0,0,0,0,0,0,14,25,19,14,'9.78','0.38','','','N','Normal',1,'0.7','1','2','','',''),
(650,50,'J1501','1695965','2018-04-06','BLACK','BLACK',0,79,294,561,571,307,155,53,0,0,'7.42','0.32','','','N','Normal',1,'0.7','1','2','','',''),
(651,50,'J1501','1695965','2018-04-06','HTHR GREY','HTHR GREY',0,67,251,479,488,262,132,45,0,0,'7.42','0.32','','','N','Normal',1,'0.7','1','2','','',''),
(652,50,'J1501','1695965','2018-04-06','NAVY','NAVY',0,64,239,455,464,249,126,43,0,0,'7.42','0.32','','','N','Normal',1,'0.7','1','2','','',''),
(653,50,'J1501','1695965','2018-04-06','PINK','PINK',0,55,207,394,402,216,109,37,0,0,'7.42','0.32','','','N','Normal',1,'0.7','1','2','','',''),
(654,50,'J1501','1695965','2018-04-06','DEEP TWILIGHT','DEEP TWILIGHT',0,47,175,333,340,182,92,31,0,0,'7.42','0.32','','','N','Normal',1,'0.7','1','2','','',''),
(655,50,'J1501','2709389','2018-04-06','BLACK','BLACK',0,382,848,1237,1047,452,228,0,0,0,'7.42','0.32','','','N','Normal',1,'0.7','1','2','','',''),
(656,50,'J1501','2709389','2018-04-06','HTHR GREY','HTHR GREY',0,338,750,1094,926,400,202,0,0,0,'7.42','0.32','','','N','Normal',1,'0.7','1','2','','',''),
(657,50,'J1501','2709389','2018-04-06','NAVY','NAVY',0,325,721,1053,890,385,194,0,0,0,'7.42','0.32','','','N','Normal',1,'0.7','1','2','','',''),
(658,50,'J1501','2709389','2018-04-06','PINK','PINK',0,292,649,947,801,346,175,0,0,0,'7.42','0.32','','','N','Normal',1,'0.7','1','2','','',''),
(659,50,'J1501','1695982','2018-04-06','WHITE','WHITE',0,150,561,1069,1089,584,295,100,0,0,'7.42','0.32','','','N','Normal',1,'0.7','1','2','','',''),
(660,50,'J1501','2710338','2018-04-06','BLACK','BLACK',0,6,11,14,12,5,2,0,0,0,'7.42','0.32','','','N','Normal',1,'0.7','1','2','','',''),
(661,50,'J1501','2710338','2018-04-06','HTHR GREY','HTHR GREY',0,5,9,12,10,4,2,0,0,0,'7.42','0.32','','','N','Normal',1,'0.7','1','2','','',''),
(662,50,'J1501','2710338','2018-04-06','NAVY','NAVY',0,5,9,11,9,4,2,0,0,0,'7.42','0.32','','','N','Normal',1,'0.7','1','2','','',''),
(663,50,'J1501','2710338','2018-04-06','PINK','PINK',0,4,7,10,8,3,2,0,0,0,'7.42','0.32','','','N','Normal',1,'0.7','1','2','','',''),
(664,50,'J1501','2710338','2018-04-06','DEEP TWILIGHT','DEEP TWILIGHT',0,3,7,9,7,3,1,0,0,0,'7.42','0.32','','','N','Normal',1,'0.7','1','2','','',''),
(665,50,'J1501','2711011','2018-04-06','DEEP TWILIGHT','DEEP TWILIGHT',0,4,7,9,7,3,2,0,0,0,'7.42','0.32','','','N','Normal',1,'0.7','1','2','','',''),
(666,50,'J1501','2710808','2018-04-06','DEEP TWILIGHT','DEEP TWILIGHT',0,229,229,458,458,229,0,0,0,0,'7.42','0.32','','','N','Normal',1,'0.7','1','2','','',''),
(667,50,'J1501','2709399','2018-04-06','WHITE','WHITE',0,659,1463,2136,1808,780,394,0,0,0,'7.42','0.32','','','N','Normal',1,'0.7','1','2','','',''),
(668,50,'J1501','1695968','2018-04-20','BLACK','BLACK',0,59,221,421,429,230,116,39,0,0,'7.42','0.32','','','N','Normal',1,'0.7','1','2','','',''),
(669,50,'J1501','1695968','2018-04-20','WHITE','WHITE',0,112,420,801,817,439,222,75,0,0,'7.42','0.32','','','N','Normal',1,'0.7','1','2','','',''),
(670,50,'J1501','1695968','2018-04-20','HTHR GREY','HTHR GREY',0,50,189,359,366,196,99,34,0,0,'7.42','0.32','','','N','Normal',1,'0.7','1','2','','',''),
(671,50,'J1501','1695968','2018-04-20','NAVY','NAVY',0,48,179,342,348,187,94,32,0,0,'7.42','0.32','','','N','Normal',1,'0.7','1','2','','',''),
(672,50,'J1501','1695968','2018-04-20','PINK','PINK',0,42,155,296,301,161,82,28,0,0,'7.42','0.32','','','N','Normal',1,'0.7','1','2','','',''),
(673,50,'J1501','1695968','2018-04-20','DEEP TWILIGHT','DEEP TWILIGHT',0,35,131,250,254,137,69,24,0,0,'7.42','0.32','','','N','Normal',1,'0.7','1','2','','',''),
(674,50,'J1501','2709392','2018-04-20','BLACK','BLACK',0,290,643,939,795,343,173,0,0,0,'7.42','0.32','','','N','Normal',1,'0.7','1','2','','',''),
(675,50,'J1501','2709392','2018-04-20','WHITE','WHITE',0,494,1097,1602,1357,585,295,0,0,0,'7.42','0.32','','','N','Normal',1,'0.7','1','2','','',''),
(676,50,'J1501','2709392','2018-04-20','HTHR GREY','HTHR GREY',0,256,569,830,703,303,153,0,0,0,'7.42','0.32','','','N','Normal',1,'0.7','1','2','','',''),
(677,50,'J1501','2709392','2018-04-20','NAVY','NAVY',0,246,547,798,676,292,147,0,0,0,'7.42','0.32','','','N','Normal',1,'0.7','1','2','','',''),
(678,50,'J1501','2709392','2018-04-20','PINK','PINK',0,221,492,718,608,262,132,0,0,0,'7.42','0.32','','','N','Normal',1,'0.7','1','2','','',''),
(679,50,'J1501','2709392','2018-04-20','DEEP TWILIGHT','DEEP TWILIGHT',0,197,437,637,538,233,118,0,0,0,'7.42','0.32','','','N','Normal',1,'0.7','1','2','','',''),
(680,50,'J1501','2711121','2018-03-23','BLACK','BLACK',0,4,8,10,8,4,2,0,0,0,'7.42','0.32','','','N','Normal',1,'0.7','1','2','','',''),
(681,50,'J1501','2711121','2018-03-23','SHALE BLUE','SHALE BLUE',0,4,7,9,7,3,2,0,0,0,'7.42','0.32','','','N','Normal',1,'0.7','1','2','','',''),
(682,50,'J1501','2711121','2018-03-23','NAVY','NAVY',0,5,10,13,10,4,2,0,0,0,'7.42','0.32','','','N','Normal',1,'0.7','1','2','','',''),
(683,50,'J1501','2711121','2018-03-23','LODEN GREEN','LODEN GREEN',0,4,7,9,7,3,2,0,0,0,'7.42','0.32','','','N','Normal',1,'0.7','1','2','','',''),
(684,50,'J1501','2711121','2018-03-23','HTHR GREY','HTHR GREY',0,5,10,13,11,5,2,0,0,0,'7.42','0.32','','','N','Normal',1,'0.7','1','2','','',''),
(685,50,'J1501','2711121','2018-03-23','PINK','PINK',0,4,8,11,9,4,2,0,0,0,'7.42','0.32','','','N','Normal',1,'0.7','1','2','','',''),
(686,50,'J1501','2711121','2018-03-23','WHITE','WHITE',0,7,14,18,14,6,3,0,0,0,'7.42','0.32','','','N','Normal',1,'0.7','1','2','','',''),
(687,50,'J1501','2710620','2018-03-23','BLACK','BLACK',0,66,66,132,132,66,0,0,0,0,'7.42','0.32','','','N','Normal',1,'0.7','1','2','','',''),
(688,50,'J1501','2710620','2018-03-23','SHALE BLUE','SHALE BLUE',0,50,50,100,100,50,0,0,0,0,'7.42','0.32','','','N','Normal',1,'0.7','1','2','','',''),
(689,50,'J1501','2710620','2018-03-23','NAVY','NAVY',0,106,106,212,212,106,0,0,0,0,'7.42','0.32','','','N','Normal',1,'0.7','1','2','','',''),
(690,50,'J1501','2710620','2018-03-23','LODEN GREEN','LODEN GREEN',0,50,50,100,100,50,0,0,0,0,'7.42','0.32','','','N','Normal',1,'0.7','1','2','','',''),
(691,50,'J1501','2710620','2018-03-23','HTHR GREY','HTHR GREY',0,222,222,444,222,222,222,0,0,0,'7.42','0.32','','','N','Normal',1,'0.7','1','2','','',''),
(692,50,'J1501','2710620','2018-03-23','PINK','PINK',0,76,76,152,152,76,0,0,0,0,'7.42','0.32','','','N','Normal',1,'0.7','1','2','','',''),
(693,50,'J1501','2710620','2018-03-23','WHITE','WHITE',0,232,232,464,464,232,0,0,0,0,'7.42','0.32','','','N','Normal',1,'0.7','1','2','','',''),
(694,50,'J1501','1697771','2018-03-23','BLACK','BLACK',0,92,348,664,676,363,184,63,0,0,'7.42','0.32','','','N','Normal',1,'0.7','1','2','','',''),
(695,50,'J1501','1697771','2018-03-23','SHALE BLUE','SHALE BLUE',0,39,145,278,283,152,77,26,0,0,'7.42','0.32','','','N','Normal',1,'0.7','1','2','','',''),
(696,50,'J1501','1697771','2018-03-23','NAVY','NAVY',0,54,204,389,396,213,108,36,0,0,'7.42','0.32','','','N','Normal',1,'0.7','1','2','','',''),
(697,50,'J1501','1697771','2018-03-23','LODEN GREEN','LODEN GREEN',0,47,175,333,340,182,92,31,0,0,'7.42','0.32','','','N','Normal',1,'0.7','1','2','','',''),
(698,50,'J1501','1697771','2018-03-23','HTHR GREY','HTHR GREY',0,45,169,322,329,176,89,30,0,0,'7.42','0.32','','','N','Normal',1,'0.7','1','2','','',''),
(699,50,'J1501','1697771','2018-03-23','PINK','PINK',0,55,204,389,395,213,108,36,0,0,'7.42','0.32','','','N','Normal',1,'0.7','1','2','','',''),
(700,50,'J1501','1697771','2018-03-23','WHITE','WHITE',0,123,464,887,903,485,245,83,0,0,'7.42','0.32','','','N','Normal',1,'0.7','1','2','','',''),
(701,50,'J1501','1695967','2018-05-04','SHALE BLUE','SHALE BLUE',0,137,512,975,993,533,269,91,0,0,'7.42','0.32','','','N','Normal',1,'0.7','1','2','','',''),
(702,50,'J1501','1695967','2018-05-04','BRICK RED','BRICK RED',0,123,460,878,894,480,243,82,0,0,'7.42','0.32','','','N','Normal',1,'0.7','1','2','','',''),
(703,50,'J1501','1695967','2018-05-04','LODEN GREEN','LODEN GREEN',0,109,409,781,795,427,216,73,0,0,'7.42','0.32','','','N','Normal',1,'0.7','1','2','','',''),
(704,50,'J1501','2710339','2018-05-04','SHALE BLUE','SHALE BLUE',0,6,12,15,12,5,2,0,0,0,'7.42','0.32','','','N','Normal',1,'0.7','1','2','','',''),
(705,50,'J1501','2710339','2018-05-04','BRICK RED','BRICK RED',0,5,11,14,11,5,2,0,0,0,'7.42','0.32','','','N','Normal',1,'0.7','1','2','','',''),
(706,50,'J1501','2710780','2018-05-04','BRICK RED','BRICK RED',0,6,12,15,12,5,2,0,0,0,'7.42','0.32','','','N','Normal',1,'0.7','1','2','','',''),
(707,50,'J1501','2710339','2018-05-04','LODEN GREEN','LODEN GREEN',0,5,9,12,10,4,2,0,0,0,'7.42','0.32','','','N','Normal',1,'0.7','1','2','','',''),
(708,50,'J1501','2709391','2018-05-04','SHALE BLUE','SHALE BLUE',0,207,207,414,414,207,0,0,0,0,'7.42','0.32','','','N','Normal',1,'0.7','1','2','','',''),
(709,50,'J1501','2709391','2018-05-04','LODEN GREEN','LODEN GREEN',0,127,127,254,254,127,0,0,0,0,'7.42','0.32','','','N','Normal',1,'0.7','1','2','','',''),
(710,50,'J1501','1695969','2018-05-04','BLACK','BLACK',0,59,221,421,429,230,116,39,0,0,'7.42','0.32','','','N','Normal',1,'0.7','1','2','','',''),
(711,50,'J1501','1695969','2018-05-04','WHITE','WHITE',0,113,421,802,816,438,221,75,0,0,'7.42','0.32','','','N','Normal',1,'0.7','1','2','','',''),
(712,50,'J1501','1695969','2018-05-04','HTHR GREY','HTHR GREY',0,51,188,359,365,197,100,33,0,0,'7.42','0.32','','','N','Normal',1,'0.7','1','2','','',''),
(713,50,'J1501','1695969','2018-05-04','NAVY','NAVY',0,48,179,342,348,187,94,32,0,0,'7.42','0.32','','','N','Normal',1,'0.7','1','2','','',''),
(714,50,'J1501','1695969','2018-05-04','PINK','PINK',0,41,155,296,302,162,81,28,0,0,'7.42','0.32','','','N','Normal',1,'0.7','1','2','','',''),
(715,50,'J1501','1695969','2018-05-04','DEEP TWILIGHT','DEEP TWILIGHT',0,35,131,250,255,137,69,23,0,0,'7.42','0.32','','','N','Normal',1,'0.7','1','2','','',''),
(716,50,'J1501','2710809','2018-05-04','BRICK RED','BRICK RED',0,265,265,530,530,265,0,0,0,0,'7.42','0.32','','','N','Normal',1,'0.7','1','2','','',''),
(717,50,'J1501','2709393','2018-05-04','BLACK','BLACK',0,290,643,939,795,343,173,0,0,0,'7.42','0.32','','','N','Normal',1,'0.7','1','2','','',''),
(718,50,'J1501','2709393','2018-05-04','WHITE','WHITE',0,494,1097,1602,1357,585,295,0,0,0,'7.42','0.32','','','N','Normal',1,'0.7','1','2','','',''),
(719,50,'J1501','2709393','2018-05-04','HTHR GREY','HTHR GREY',0,256,569,830,703,303,153,0,0,0,'7.42','0.32','','','N','Normal',1,'0.7','1','2','','',''),
(720,50,'J1501','2709393','2018-05-04','NAVY','NAVY',0,246,547,798,676,292,147,0,0,0,'7.42','0.32','','','N','Normal',1,'0.7','1','2','','',''),
(721,50,'J1501','2709393','2018-05-04','PINK','PINK',0,221,492,718,608,262,132,0,0,0,'7.42','0.32','','','N','Normal',1,'0.7','1','2','','',''),
(722,50,'J1501','2709393','2018-05-04','DEEP TWILIGHT','DEEP TWILIGHT',0,197,437,637,538,233,118,0,0,0,'7.42','0.32','','','N','Normal',1,'0.7','1','2','','',''),
(723,50,'J1501','1695966','2018-06-01','WARM AQUA','WARM AQUA',0,96,358,683,696,374,189,64,0,0,'7.42','0.32','','','N','Normal',1,'0.7','1','2','','',''),
(724,50,'J1501','1695966','2018-06-01','VINTAGE ROSE','VINTAGE ROSE',0,87,323,617,628,337,170,58,0,0,'7.42','0.32','','','N','Normal',1,'0.7','1','2','','',''),
(725,50,'J1501','1695966','2018-06-01','RICH GOLD','RICH GOLD',0,77,290,553,563,302,153,52,0,0,'7.42','0.32','','','N','Normal',1,'0.7','1','2','','',''),
(726,50,'J1501','2709390','2018-06-01','WARM AQUA','WARM AQUA',26,525,1153,1656,1393,590,309,0,0,0,'7.42','0.32','','','N','Normal',1,'0.7','1','2','','',''),
(727,50,'J1501','2709390','2018-06-01','VINTAGE ROSE','VINTAGE ROSE',23,507,1067,1519,1285,551,288,0,0,0,'7.42','0.32','','','N','Normal',1,'0.7','1','2','','',''),
(728,50,'J1501','2709390','2018-06-01','RICH GOLD','RICH GOLD',20,463,977,1416,1183,502,265,0,0,0,'7.42','0.32','','','N','Normal',1,'0.7','1','2','','',''),
(729,50,'J1501','2713915','2018-06-01','WARM AQUA','WARM AQUA',0,8,15,19,16,7,3,0,0,0,'7.42','0.32','','','N','Normal',1,'0.7','1','2','','',''),
(730,50,'J1501','2713915','2018-06-01','VINTAGE ROSE','VINTAGE ROSE',0,7,13,17,14,6,3,0,0,0,'7.42','0.32','','','N','Normal',1,'0.7','1','2','','',''),
(731,50,'J1501','2713915','2018-06-01','RICH GOLD','RICH GOLD',0,6,12,15,13,5,3,0,0,0,'7.42','0.32','','','N','Normal',1,'0.7','1','2','','',''),
(732,51,'70T3741','229837','2018-06-19','CHARCOAL HEATHER GREY','CHARCOAL HEATHER GREY',737,1086,1154,661,362,0,0,0,0,0,'13.26','','','','N','Normal',1,'0.9','1','','','',''),
(733,51,'70T3741','229837','2018-06-19','PALE SNOW HEATHER','PALE SNOW HEATHER',737,1084,1156,661,362,0,0,0,0,0,'13.26','','','','N','Normal',1,'0.9','1','','','',''),
(754,52,'8604891A','224370','NaN-NaN-NaN','GREEN CAMO','GREEN CAMO',0,5,7,7,3,2,0,0,0,0,'11.57','','','','N','Normal',1,'1.1','1','','','',''),
(755,52,'8604891A','225695','NaN-NaN-NaN','GREEN CAMO','GREEN CAMO',0,1808,2212,1940,1000,40,0,0,0,0,'11.57','','','','N','Normal',1,'1.1','1','','','',''),
(756,52,'8604891A','225697','NaN-NaN-NaN','GREEN CAMO','GREEN CAMO',0,1924,2320,2067,1048,296,0,0,0,0,'11.57','','','','N','Normal',1,'1.1','1','','','',''),
(757,52,'8604891A','225699','NaN-NaN-NaN','GREEN CAMO','GREEN CAMO',0,20,19,14,7,0,0,0,0,0,'11.57','','','','N','Normal',1,'1.1','1','','','',''),
(758,52,'8604891A','224376','NaN-NaN-NaN','GREEN CAMO','GREEN CAMO',0,60,81,14,37,8,0,0,0,0,'11.57','','','','N','Normal',1,'1.1','1','','','',''),
(759,52,'8604891A','225703','NaN-NaN-NaN','GREEN CAMO','GREEN CAMO',29,181,296,14,172,60,0,0,0,0,'11.57','','','','N','Normal',1,'1.1','1','','','',''),
(760,52,'8604891A','225704','NaN-NaN-NaN','GREEN CAMO','GREEN CAMO',58,362,590,14,341,117,0,0,0,0,'11.57','','','','N','Normal',1,'1.1','1','','','',''),
(761,52,'8604891A','225673','NaN-NaN-NaN','GREEN CAMO','GREEN CAMO',0,516,617,14,282,40,0,0,0,0,'11.57','','','','N','Normal',1,'1.1','1','','','',''),
(762,52,'8604891A','225674','NaN-NaN-NaN','GREEN CAMO','GREEN CAMO',15,91,148,14,85,29,0,0,0,0,'11.57','','','','N','Normal',1,'1.1','1','','','',''),
(763,16,'40993','6068360','2018-05-04','BLACK','BLACK',21,84,185,157,55,0,0,0,0,0,'9.18','0.38','','','N','Normal',1,'0.7','1','2','','',''),
(764,16,'40993','3518650','2018-05-04','BLACK','BLACK',0,262,616,728,394,0,0,0,0,0,'9.18','0.38','','','N','Normal',1,'0.7','1','2','','',''),
(765,16,'40993','6068360','2018-05-04','WHITE','WHITE',41,43,213,168,35,0,0,0,0,0,'9.18','0.38','','','N','Normal',1,'0.7','1','2','','',''),
(766,16,'40993','3518650','2018-05-04','WHITE','WHITE',0,360,642,684,314,0,0,0,0,0,'9.18','0.38','','','N','Normal',1,'0.7','1','2','','',''),
(767,16,'40993','6068359','2018-05-18','DEEP GROVE','DEEP GROVE',56,213,525,444,137,0,0,0,0,0,'9.18','0.38','','','N','Normal',1,'0.7','1','2','','',''),
(768,16,'40993','6068360','2018-05-18','DEEP GROVE','DEEP GROVE',34,131,322,273,84,0,0,0,0,0,'9.18','0.38','','','N','Normal',1,'0.7','1','2','','',''),
(769,16,'40993','3518649','2018-05-18','DEEP GROVE','DEEP GROVE',0,596,2057,1994,853,0,0,0,0,0,'9.18','0.38','','','N','Normal',1,'0.7','1','2','','',''),
(770,16,'J1781','6068365','2018-05-18','HTHR NAVY','HTHR NAVY',91,346,852,721,222,0,0,0,0,0,'9.18','0.38','','','N','Normal',1,'0.7','1','2','','',''),
(771,16,'J1781','6068366','2018-05-18','HTHR NAVY','HTHR NAVY',56,212,522,442,136,0,0,0,0,0,'9.18','0.38','','','N','Normal',1,'0.7','1','2','','',''),
(772,16,'J1781','3518655','2018-05-18','HTHR NAVY','HTHR NAVY',0,868,2986,2904,1239,0,0,0,0,0,'9.18','0.38','','','N','Normal',1,'0.7','1','2','','',''),
(777,12,'7W84166','P07Q965600','NaN-NaN-NaN','STEEL HEATHER GREY','STEEL HEATHER GREY',128,113,425,184,27,0,0,0,0,0,'7.43','','','','N','Normal',1,'0.85','1','','','',''),
(778,12,'7W84166','P07R074800','NaN-NaN-NaN','STEEL HEATHER GREY','STEEL HEATHER GREY',213,426,213,213,213,0,0,0,0,0,'7.43','','','','N','Normal',1,'0.85','1','','','',''),
(779,12,'7W84166','P07Q965300','NaN-NaN-NaN','STEEL HEATHER GREY','STEEL HEATHER GREY',22,36,52,23,7,0,0,0,0,0,'7.43','','','','N','Normal',1,'0.85','1','','','',''),
(780,12,'7W84166','P07R074700','NaN-NaN-NaN','STEEL HEATHER GREY','STEEL HEATHER GREY',10,20,10,10,10,0,0,0,0,0,'7.43','','','','N','Normal',1,'0.85','1','','','',''),
(781,53,'28600095','2305070','2018-07-17','GREEN CAMO','GREEN CAMO',384,547,539,351,179,0,0,0,0,0,'11.93','','','','N','Normal',1,'','','','','',''),
(782,54,'28600151','229852','2018-06-19','GREEN CAMO','GREEN CAMO',809,1192,1264,731,314,0,0,0,0,0,'10.50','','','','N','Normal',1,'','','','','',''),
(783,55,'7WDG811','P07Q965800','2018-05-21','LUCKY BLACK','LUCKY BLACK',186,164,615,267,40,0,0,0,0,0,'9.58','0.14','','','N','Normal',1,'1.2','1','2','','',''),
(784,55,'7WDG811','P07R075000','2018-05-21','LUCKY BLACK','LUCKY BLACK',308,616,308,308,308,0,0,0,0,0,'9.58','0.14','','','N','Normal',1,'1.2','1','2','','',''),
(785,55,'7WDG811','P07Q965700','2018-05-21','LUCKY BLACK','LUCKY BLACK',32,51,76,33,9,0,0,0,0,0,'9.58','0.14','','','N','Normal',1,'1.2','1','2','','',''),
(786,55,'7WDG811','P07R074900','2018-05-21','LUCKY BLACK','LUCKY BLACK',16,32,16,16,16,0,0,0,0,0,'9.58','0.14','','','N','Normal',1,'1.2','1','2','','',''),
(787,56,'H6734','1695929','2018-04-06','BLACK','BLACK',0,27,98,191,175,90,46,16,108,105,'7.41','','','','N','Normal',1,'0.6','1','','','',''),
(788,56,'H6734','1695929','2018-04-06','WHITE','WHITE',0,18,66,129,119,61,31,12,73,71,'7.41','','','','N','Normal',1,'0.6','1','','','',''),
(789,56,'H6734','1695929','2018-04-06','HTHR GREY','HTHR GREY',0,25,92,178,164,84,43,15,101,98,'7.41','','','','N','Normal',1,'0.6','1','','','',''),
(790,56,'H6734','1695929','2018-04-06','NAVY','NAVY',0,25,89,175,160,82,42,15,99,96,'7.41','','','','N','Normal',1,'0.6','1','','','',''),
(791,56,'H6734','1695930','2018-04-06','FADED LAVENDER','FADED LAVENDER',0,20,75,147,134,70,36,14,27,26,'7.41','','','','N','Normal',1,'0.6','1','','','',''),
(792,56,'H6734','1695930','2018-04-06','CRIMSON MAPLE','CRIMSON MAPLE',0,27,100,193,177,92,46,16,35,34,'7.41','','','','N','Normal',1,'0.6','1','','','',''),
(793,56,'H6734','2709364','2018-04-06','BLACK','BLACK',4,134,350,600,549,272,143,0,0,0,'7.41','','','','N','Normal',1,'0.6','1','','','',''),
(794,56,'H6734','2709364','2018-04-06','WHITE','WHITE',4,130,338,580,531,263,138,0,0,0,'7.41','','','','N','Normal',1,'0.6','1','','','',''),
(795,56,'H6734','2709364','2018-04-06','HTHR GREY','HTHR GREY',4,104,272,466,428,211,111,0,0,0,'7.41','','','','N','Normal',1,'0.6','1','','','',''),
(796,56,'H6734','2709364','2018-04-06','NAVY','NAVY',4,95,249,426,391,193,102,0,0,0,'7.41','','','','N','Normal',1,'0.6','1','','','',''),
(797,56,'H6734','2709365','2018-04-06','FADED LAVENDER','FADED LAVENDER',7,248,610,1036,939,485,241,0,0,0,'7.41','','','','N','Normal',1,'0.6','1','','','',''),
(798,56,'H6734','2709365','2018-04-06','CRIMSON MAPLE','CRIMSON MAPLE',7,277,733,1261,1158,549,279,0,0,0,'7.41','','','','N','Normal',1,'0.6','1','','','',''),
(799,56,'H6734','2710547','2018-04-06','FADED LAVENDER','FADED LAVENDER',0,1,2,4,4,2,1,0,0,0,'7.41','','','','N','Normal',1,'0.6','1','','','',''),
(800,56,'H6734','2710547','2018-04-06','CRIMSON MAPLE','CRIMSON MAPLE',0,1,3,5,4,2,1,0,0,0,'7.41','','','','N','Normal',1,'0.6','1','','','',''),
(801,56,'H6734','1695932','2018-04-20','BLACK','BLACK',0,28,105,205,187,97,50,18,0,0,'7.41','','','','N','Normal',1,'0.6','1','','','',''),
(802,56,'H6734','1695932','2018-04-20','WHITE','WHITE',0,19,71,138,126,65,34,12,0,0,'7.41','','','','N','Normal',1,'0.6','1','','','',''),
(803,56,'H6734','1695932','2018-04-20','HTHR GREY','HTHR GREY',0,26,98,191,176,91,46,17,0,0,'7.41','','','','N','Normal',1,'0.6','1','','','',''),
(804,56,'H6734','1695932','2018-04-20','NAVY','NAVY',0,26,96,187,171,89,45,16,0,0,'7.41','','','','N','Normal',1,'0.6','1','','','',''),
(805,56,'H6734','1695933','2018-04-20','FADED LAVENDER','FADED LAVENDER',0,10,39,75,69,36,18,7,66,64,'7.41','','','','N','Normal',1,'0.6','1','','','',''),
(806,56,'H6734','1695933','2018-04-20','CRIMSON MAPLE','CRIMSON MAPLE',0,14,51,98,91,46,24,9,87,84,'7.41','','','','N','Normal',1,'0.6','1','','','',''),
(807,56,'H6734','2709367','2018-04-20','BLACK','BLACK',4,100,262,449,413,204,107,0,0,0,'7.41','','','','N','Normal',1,'0.6','1','','','',''),
(808,56,'H6734','2709367','2018-04-20','WHITE','WHITE',4,97,254,434,398,197,104,0,0,0,'7.41','','','','N','Normal',1,'0.6','1','','','',''),
(809,56,'H6734','2709367','2018-04-20','HTHR GREY','HTHR GREY',4,78,204,348,320,159,84,0,0,0,'7.41','','','','N','Normal',1,'0.6','1','','','',''),
(810,56,'H6734','2709367','2018-04-20','NAVY','NAVY',4,72,187,318,293,145,76,0,0,0,'7.41','','','','N','Normal',1,'0.6','1','','','',''),
(811,56,'H6734','1695691','2018-05-04','WARM CEDAR','WARM CEDAR',0,41,150,290,267,138,71,25,52,51,'7.41','','','','N','Normal',1,'0.6','1','','','',''),
(812,56,'H6734','1695691','2018-05-04','LODEN GREEN','LODEN GREEN',0,27,101,196,181,85,48,17,35,34,'7.41','','','','N','Normal',1,'0.6','1','','','',''),
(813,56,'H6734','1695934','2018-05-04','BLACK','BLACK',0,29,105,204,188,97,49,18,0,0,'7.41','','','','N','Normal',1,'0.6','1','','','',''),
(814,56,'H6734','1695934','2018-05-04','WHITE','WHITE',0,19,71,137,127,66,33,12,0,0,'7.41','','','','N','Normal',1,'0.6','1','','','',''),
(815,56,'H6734','1695934','2018-05-04','HTHR GREY','HTHR GREY',0,27,99,192,175,90,46,16,0,0,'7.41','','','','N','Normal',1,'0.6','1','','','',''),
(816,56,'H6734','1695934','2018-05-04','NAVY','NAVY',0,26,97,186,171,88,45,17,0,0,'7.41','','','','N','Normal',1,'0.6','1','','','',''),
(817,56,'H6734','1695935','2018-05-04','FADED LAVENDER','FADED LAVENDER',0,17,64,126,115,60,30,11,0,0,'7.41','','','','N','Normal',1,'0.6','1','','','',''),
(818,56,'H6734','1695935','2018-05-04','CRIMSON MAPLE','CRIMSON MAPLE',0,23,84,165,151,78,40,14,0,0,'7.41','','','','N','Normal',1,'0.6','1','','','',''),
(819,56,'H6734','2709526','2018-05-25','WARM CEDAR','WARM CEDAR',7,238,510,886,778,415,232,0,0,0,'7.41','','','','N','Normal',1,'0.6','1','','','',''),
(820,56,'H6734','2709526','2018-05-04','LODEN GREEN','LODEN GREEN',7,199,421,694,661,304,218,0,0,0,'7.41','','','','N','Normal',1,'0.6','1','','','',''),
(821,56,'H6734','2709368','2018-05-04','BLACK','BLACK',4,100,262,450,412,204,107,0,0,0,'7.41','','','','N','Normal',1,'0.6','1','','','',''),
(822,56,'H6734','2709368','2018-05-04','WHITE','WHITE',4,97,254,434,398,197,104,0,0,0,'7.41','','','','N','Normal',1,'0.6','1','','','',''),
(823,56,'H6734','2709368','2018-05-04','HTHR GREY','HTHR GREY',4,78,204,348,320,159,84,0,0,0,'7.41','','','','N','Normal',1,'0.6','1','','','',''),
(824,56,'H6734','2709368','2018-05-04','NAVY','NAVY',4,72,187,318,293,145,76,0,0,0,'7.41','','','','N','Normal',1,'0.6','1','','','',''),
(825,56,'H6734','2711039','2018-05-04','WARM CEDAR','WARM CEDAR',0,2,4,7,6,3,2,0,0,0,'7.41','','','','N','Normal',1,'0.6','1','','','',''),
(826,56,'H6734','2711039','2018-05-04','LODEN GREEN','LODEN GREEN',0,1,3,5,4,2,1,0,0,0,'7.41','','','','N','Normal',1,'0.6','1','','','',''),
(827,56,'H6734','1695931','2018-06-01','RICH GOLD','RICH GOLD',0,20,74,143,131,68,35,13,26,25,'7.41','','','','N','Normal',1,'0.6','1','','','',''),
(828,56,'H6734','1695931','2018-06-01','SEACOAST BLUE','SEACOAST BLUE',0,22,81,156,143,73,38,15,28,28,'7.41','','','','N','Normal',1,'0.6','1','','','',''),
(829,56,'H6734','2709366','2018-06-01','RICH GOLD','RICH GOLD',2,176,391,633,615,244,215,0,0,0,'7.41','','','','N','Normal',1,'0.6','1','','','',''),
(830,56,'H6734','2709366','2018-06-01','SEACOAST BLUE','SEACOAST BLUE',2,174,373,621,570,229,207,0,0,0,'7.41','','','','N','Normal',1,'0.6','1','','','',''),
(831,56,'H6734','2710548','2018-06-01','SEACOAST BLUE','SEACOAST BLUE',0,1,2,4,4,2,1,0,0,0,'7.41','','','','N','Normal',1,'0.6','1','','','',''),
(832,56,'H6734','2710548','2018-06-01','RICH GOLD','RICH GOLD',0,1,2,4,4,2,1,0,0,0,'7.41','','','','N','Normal',1,'0.6','1','','','','');

/*Table structure for table `orderfabric` */

DROP TABLE IF EXISTS `orderfabric`;

CREATE TABLE `orderfabric` (
  `id` int(10) NOT NULL AUTO_INCREMENT,
  `orderid` int(10) DEFAULT NULL,
  `yarncode` varchar(30) DEFAULT NULL,
  `fabrictypecode` varchar(30) DEFAULT NULL,
  `fabriccode` varchar(30) DEFAULT NULL,
  `width` varchar(30) DEFAULT NULL,
  `weight` varchar(30) DEFAULT NULL,
  `created_at` datetime DEFAULT CURRENT_TIMESTAMP,
  PRIMARY KEY (`id`)
) ENGINE=InnoDB AUTO_INCREMENT=84 DEFAULT CHARSET=utf8;

/*Data for the table `orderfabric` */

insert  into `orderfabric`(`id`,`orderid`,`yarncode`,`fabrictypecode`,`fabriccode`,`width`,`weight`,`created_at`) values 
(38,8,NULL,'61','902','72','125','2018-05-11 03:35:25'),
(39,8,NULL,'62','902','72','125','2018-05-11 21:58:27'),
(40,19,NULL,'61','979','66/68','170','2018-05-11 22:29:19'),
(41,21,NULL,'61','1571','70/72','155','2018-05-12 14:32:32'),
(42,21,NULL,'62','1569','72','210','2018-05-12 14:32:57'),
(43,22,NULL,'61','1571','64-66','150','2018-05-12 14:42:00'),
(44,22,NULL,'767','1571','64-66','150','2018-05-12 14:43:18'),
(45,23,NULL,'61','1291','72-74','160','2018-05-12 14:58:47'),
(46,23,NULL,'766','1291','72-74','160','2018-05-12 14:59:14'),
(47,24,NULL,'61','1306','54-56','200','2018-05-12 15:19:29'),
(48,25,NULL,'61','1571','70/72','155','2018-05-12 15:44:11'),
(49,26,NULL,'61','1571','70/72','155','2018-05-12 15:54:57'),
(50,29,NULL,'61','1291','72-74','160','2018-05-12 16:17:10'),
(51,30,NULL,'61','-1','52-54','200','2018-05-12 16:35:49'),
(52,30,NULL,'61','1582','52-54','200','2018-05-12 16:42:10'),
(53,31,NULL,'61','1571','64-66','155','2018-05-12 17:36:18'),
(54,32,NULL,'61','1571','70/72','150','2018-05-12 17:47:18'),
(55,32,NULL,'62','1569','70-72','200','2018-05-12 17:47:45'),
(56,33,NULL,'61','975','52-54','265','2018-05-14 14:00:06'),
(57,34,NULL,'61','989','62-64','145','2018-05-14 20:13:36'),
(58,34,NULL,'62','-1','66/68','170','2018-05-14 20:16:11'),
(59,34,NULL,'62','984','66/68','170','2018-05-14 20:17:29'),
(60,35,NULL,'61','998','62-64','150','2018-05-14 20:53:43'),
(61,35,NULL,'62','1583','60-62','210','2018-05-14 21:14:47'),
(62,36,NULL,'61','998','59-61','150','2018-05-14 21:51:52'),
(63,36,NULL,'62','1583','72-74','200','2018-05-14 21:52:25'),
(64,38,NULL,'61','1434','62-64','125','2018-05-14 22:17:48'),
(65,39,NULL,'61','1270','66-68','160','2018-05-15 15:57:32'),
(66,40,NULL,'61','998','62-64','150','2018-05-15 17:02:16'),
(67,40,NULL,'62','1583','60-62','200','2018-05-15 17:02:45'),
(68,44,NULL,'61','989','71-73','145','2018-05-15 20:39:40'),
(69,44,NULL,'61','1102','71-73','145','2018-05-15 20:41:21'),
(70,44,NULL,'62','1096','70-72','200','2018-05-15 20:42:28'),
(71,44,NULL,'62','982','70-72','200','2018-05-15 20:43:06'),
(72,47,NULL,'61','989','70-72','145','2018-05-17 14:54:10'),
(73,47,NULL,'62','985','70-72','200','2018-05-17 14:55:00'),
(74,47,NULL,'61','1182','70-72','145','2018-05-17 14:59:44'),
(75,47,NULL,'62','1180','70-72','200','2018-05-17 15:00:10'),
(76,50,NULL,'61','989','62-64','145','2018-05-17 22:20:42'),
(77,50,NULL,'62','985','66-68','170','2018-05-17 22:21:03'),
(78,52,NULL,'61','1571','64-66','155','2018-05-17 22:54:51'),
(79,16,NULL,'61','989','71-73','145','2018-05-18 00:15:15'),
(80,16,NULL,'62','985','70-72','200','2018-05-18 00:15:33'),
(81,12,NULL,'61','1571','72-74','150','2018-05-18 00:30:41'),
(82,53,NULL,'61','1571','64-66','155','2018-05-18 20:16:49'),
(83,54,NULL,'61','1571','70-72','155','2018-05-18 20:37:13');

/*Table structure for table `orders` */

DROP TABLE IF EXISTS `orders`;

CREATE TABLE `orders` (
  `id` int(10) NOT NULL AUTO_INCREMENT,
  `date` datetime DEFAULT CURRENT_TIMESTAMP,
  `handler` varchar(100) NOT NULL,
  `handlername` varchar(100) DEFAULT NULL,
  `name` varchar(100) NOT NULL,
  `buyer` varchar(100) NOT NULL,
  `buyername` varchar(100) DEFAULT NULL,
  `style` varchar(100) NOT NULL,
  `product` varchar(100) NOT NULL,
  `sizegroup` varchar(30) DEFAULT NULL,
  `sizegroupname` varchar(30) DEFAULT NULL,
  `productgroup` varchar(30) DEFAULT NULL,
  `productgroupname` varchar(30) DEFAULT NULL,
  `finishgroup` varchar(30) DEFAULT NULL,
  `finishgroupname` varchar(30) DEFAULT NULL,
  `season` varchar(30) DEFAULT NULL,
  `quantity` varchar(30) DEFAULT NULL,
  `amount` varchar(30) DEFAULT NULL,
  `price` varchar(30) DEFAULT NULL,
  `fabricmargin` varchar(30) DEFAULT '5',
  `materialmargin` varchar(30) DEFAULT '5',
  `sewmargin` varchar(30) DEFAULT '0',
  `files` varchar(300) DEFAULT NULL,
  `created_at` datetime DEFAULT CURRENT_TIMESTAMP,
  PRIMARY KEY (`id`)
) ENGINE=InnoDB AUTO_INCREMENT=57 DEFAULT CHARSET=utf8;

/*Data for the table `orders` */

insert  into `orders`(`id`,`date`,`handler`,`handlername`,`name`,`buyer`,`buyername`,`style`,`product`,`sizegroup`,`sizegroupname`,`productgroup`,`productgroupname`,`finishgroup`,`finishgroupname`,`season`,`quantity`,`amount`,`price`,`fabricmargin`,`materialmargin`,`sewmargin`,`files`,`created_at`) values 
(8,'2018-04-16 00:00:00','9c818869-52ad-46c0-8687-ed2f8f90d520','Mayra Patzan','1811193-01','23','JCREW','J4747','T Shirt Dress in Garment Dye','8','JCREW-01','7','1','5','2','SU18','30010','39013','1.3','5','5','0',NULL,'2018-05-02 22:41:56'),
(9,'2018-05-04 00:00:00','9c818869-52ad-46c0-8687-ed2f8f90d520','Mayra Patzan','1811184-01','25','LUCKY BRAND','7W84139','Striped Scoop Neck Tank','10','1','8','normal','6','NORMAL','','2046','2046','1.0','5','5','0',NULL,'2018-05-04 16:55:53'),
(11,'2018-05-04 00:00:00','9c818869-52ad-46c0-8687-ed2f8f90d520','Mayra Patzan','1811120-01','25','LUCKY BRAND','7Q83273','Morrocan Tile Tee','11','1X-3X','8','normal','6','NORMAL','','1800','2160','1.2','5','5','0',NULL,'2018-05-04 17:30:34'),
(12,'2018-05-04 00:00:00','9c818869-52ad-46c0-8687-ed2f8f90d520','Mayra Patzan','1811187-01','25','LUCKY BRAND','7W84166','Danger Im a Hugger','10','XS-XL','8','normal','6','NORMAL','','2355','2001.75','0.85','5','5','0',NULL,'2018-05-04 17:33:35'),
(13,'2018-04-17 00:00:00','9c818869-52ad-46c0-8687-ed2f8f90d520','Mayra Patzan','1811094-01','23','JCREW','J1900','Summer Friday Tee','13','XXXS-3X','7','1','5','2','','13130','10504','0.8','5','5','0',NULL,'2018-05-04 17:45:12'),
(14,'2018-04-12 00:00:00','9c818869-52ad-46c0-8687-ed2f8f90d520','Mayra Patzan','1811038-09','23','JCREW','53362/J1919','Broken Jersey in C Neck','12','XXS-XXL','7','normal','5','normal','SU18','42447','25468.2','0.6','5','5','0',NULL,'2018-05-04 19:24:19'),
(16,'2018-04-17 00:00:00','9c818869-52ad-46c0-8687-ed2f8f90d520','Mayra Patzan','1811038-10','23','JCREW','40993/J1781','Broken Jersey in V Neck','12','XXS-XXL','7','normal','5','normal','SU18','24318','17022.60','.7','5','5','0',NULL,'2018-05-04 20:14:08'),
(17,'2018-04-12 00:00:00','9c818869-52ad-46c0-8687-ed2f8f90d520','Mayra Patzan','1811065-01','23','JCREW','J1497','Broken Jersey in V Neck Tank','8','XXXS-XXL','7','normal','5','normal','SU18','37170','37170','1.0','5','5','1',NULL,'2018-05-04 20:30:16'),
(18,'2018-04-25 00:00:00','9c818869-52ad-46c0-8687-ed2f8f90d520','Mayra Patzan','1811235-01','23','JCREW','J8711','A Real Firecracker','8','XXXS-XXL','7','normal','5','normal','SU18','10000','8000','0.80','5','5','5',NULL,'2018-05-07 17:35:17'),
(19,'2018-05-07 00:00:00','9c818869-52ad-46c0-8687-ed2f8f90d520','Mayra Patzan','1811256-01','44','Chicos','264-18C67660','Julia SS','14','Chicos-01','-1','Not Selected','-1','Not Selected','SU18','3600','3060','0.85','5','5','5',NULL,'2018-05-11 22:22:29'),
(21,'2018-05-12 00:00:00','9c818869-52ad-46c0-8687-ed2f8f90d520','Mayra Patzan','1811307-01','24','EXPRESS','8605044','Ex-111-BO Open Back Tank','16','Express-307-01','-1','Not Selected','-1','Not Selected','Fall 2018','2000','2000','1.00','5','5','5',NULL,'2018-05-12 14:27:03'),
(22,'2018-05-12 00:00:00','9c818869-52ad-46c0-8687-ed2f8f90d520','Mayra Patzan','1811302-01','24','EXPRESS','28800082','3/4  Sleeve Graphic Baseball Tee','17','Express-302-01','9','normal','7','normal','Fall 2018','4000','3600','0.90','5','5','5',NULL,'2018-05-12 14:37:54'),
(23,'2018-05-11 00:00:00','9c818869-52ad-46c0-8687-ed2f8f90d520','Mayra Patzan','1811306-01','24','EXPRESS','8604843','111 Sporty Cld Shoulder','18','Express-306-01','-1','Not Selected','-1','Not Selected','SU18','25000','30000','1.20','5','5','5',NULL,'2018-05-12 14:56:50'),
(24,'2018-05-11 00:00:00','9c818869-52ad-46c0-8687-ed2f8f90d520','Mayra Patzan','1811315-01','24','EXPRESS','8605217','Ex-111 Ribtie Surplc','19','Express-315-01','-1','Not Selected','-1','Not Selected','Fall 2018','2400','3840','1.60','5','5','5',NULL,'2018-05-12 15:18:09'),
(25,'2018-05-07 00:00:00','9c818869-52ad-46c0-8687-ed2f8f90d520','Mayra Patzan','1811294-01','24','EXPRESS','28600131','Sharp Vee Cold Shoulder','20','Express-294-01','-1','Not Selected','-1','Not Selected','Holiday 2018','16000','20800','1.30','5','5','5',NULL,'2018-05-12 15:42:23'),
(26,'2018-05-03 00:00:00','9c818869-52ad-46c0-8687-ed2f8f90d520','Mayra Patzan','1811301-01','24','EXPRESS','8604306A','Ex-111 Camo B/O V Slim','21','Express-301','-1','Not Selected','-1','Not Selected','Fall 2018','1200','960','0.80','5','5','5',NULL,'2018-05-12 15:54:16'),
(29,'2018-04-27 00:00:00','9c818869-52ad-46c0-8687-ed2f8f90d520','Mayra Patzan','1811326-01','24','EXPRESS','8604918','Ex-111 Slice Dolman','22','Express-326','-1','Not Selected','-1','Not Selected','Holiday 2018','1500','1350','0.90','5','5','5',NULL,'2018-05-12 16:10:21'),
(30,'2018-04-26 00:00:00','9c818869-52ad-46c0-8687-ed2f8f90d520','Mayra Patzan','1811265-01','24','EXPRESS','28600117','Criss Cross Choker','23','Express-265','9','normal','7','normal','Fall 2018','8000','14400','1.80','5','5','5',NULL,'2018-05-12 16:27:15'),
(32,'2018-04-15 18:00:00','9c818869-52ad-46c0-8687-ed2f8f90d520','Mayra Patzan','1811254-01','24','EXPRESS','22200085','S/S Maried Large Lion V Neck','25','Express-254','-1','Not Selected','-1','Not Selected','Fall 2018','5900','5310','0.90','5','5','5',NULL,'2018-05-12 17:46:39'),
(33,'2018-05-11 18:00:00','9c818869-52ad-46c0-8687-ed2f8f90d520','Mayra Patzan','1811324-01','23','JCREW','H6734','New Favorite Tank','26','JCREW-324','-1','Not Selected','-1','Not Selected','SU18','13000','7800','0.60','5','5','5',NULL,'2018-05-14 13:50:29'),
(34,'2018-05-11 18:00:00','9c818869-52ad-46c0-8687-ed2f8f90d520','Mayra Patzan','1811397-02','23','JCREW','J9770',' Broken in Crew  Neck','27','JCREW-397-02','-1','Not Selected','-1','Not Selected','SU18','9375','5625','0.60','5','5','5',NULL,'2018-05-14 20:03:58'),
(35,'2018-05-09 18:00:00','9c818869-52ad-46c0-8687-ed2f8f90d520','Mayra Patzan','1811091-01','23','JCREW','J1670','Aloha Tee','13','XXXS-3X','-1','Not Selected','-1','Not Selected','SU18','5939','5642.05','0.95','5','5','5',NULL,'2018-05-14 20:52:28'),
(36,'2018-05-09 18:00:00','9c818869-52ad-46c0-8687-ed2f8f90d520','Mayra Patzan','1811191-01','23','JCREW','J4303','Independence Tee','13','XXXS-3X','-1','Not Selected','-1','Not Selected','SU18','8653','6922.40','0.80','5','5','5',NULL,'2018-05-14 21:50:23'),
(38,'2018-02-13 18:00:00','9c818869-52ad-46c0-8687-ed2f8f90d520','Mayra Patzan','1811063-01 B','23','JCREW','J1496','Broken in Crew Neck','13','XXXS-3X','-1','Not Selected','-1','Not Selected','SU18','42458','48826.70','1.15','5','5','5',NULL,'2018-05-14 22:15:10'),
(39,'2018-05-13 18:00:00','9c818869-52ad-46c0-8687-ed2f8f90d520','Mayra Patzan','1811334-01','23','JCREW','H8628','Supersoft Tencel Tank','8','XXXS-XXL','-1','Not Selected','-1','Not Selected','Fall 2018','41862','25117.20','0.60','5','5','5',NULL,'2018-05-15 15:55:17'),
(40,'2018-05-13 18:00:00','9c818869-52ad-46c0-8687-ed2f8f90d520','Mayra Patzan','1811234-01','23','JCREW','H1830','Treschic','28','XXS-XL','-1','Not Selected','-1','Not Selected','SU18','4526','3847.10','0.85','5','5','5',NULL,'2018-05-15 16:59:39'),
(42,'2018-05-14 18:00:00','9c818869-52ad-46c0-8687-ed2f8f90d520','Mayra Patzan','1811343-01','24','EXPRESS','8605321','T-111 Vnk Sprt Slim','30','XXS-XL','-1','Not Selected','-1','Not Selected','Holiday 2018','1080','2656.80','2.46','5','5','5',NULL,'2018-05-15 17:56:09'),
(44,'2018-04-18 18:00:00','9c818869-52ad-46c0-8687-ed2f8f90d520','Mayra Patzan','1811038-11','23','JCREW','53870-53623','Washed Jersey Pocket Crew Neck','31','XS-XL','-1','Not Selected','-1','Not Selected','SU18','38236','36324.20','0.95','5','5','5',NULL,'2018-05-15 20:37:13'),
(46,'2018-05-16 18:00:00','9c818869-52ad-46c0-8687-ed2f8f90d520','Mayra Patzan','1811330-01','24','EXPRESS','28600151','3/4  Sleeve Camo Print London','32','XS-XL','-1','Not Selected','-1','Not Selected','Fall 2018','2800','2520','0.90','5','5','5',NULL,'2018-05-17 13:31:54'),
(47,'2018-05-14 18:00:00','9c818869-52ad-46c0-8687-ed2f8f90d520','Mayra Patzan','1811038-16','23','JCREW','H4465-J8992-J8993-J8994-J8995-J9006-J9007-J9008-J9009-J10910-J9011-J9012','ss crab graphic tee','33','XS (2) - XXXXXL (16)','-1','Not Selected','-1','Not Selected','Fall 2018','42939','29326.20','0.60  Y  0.70','5','5','5',NULL,'2018-05-17 14:40:02'),
(48,'2018-05-16 18:00:00','9c818869-52ad-46c0-8687-ed2f8f90d520','Mayra Patzan','1811297-01','24','EXPRESS','70T3969','Burnout Short Sleeve London Tee','32','XS-XL','-1','Not Selected','-1','Not Selected','SU18','4000','3400','0.85','5','5','5',NULL,'2018-05-17 19:42:48'),
(49,'2018-02-14 18:00:00','9c818869-52ad-46c0-8687-ed2f8f90d520','Mayra Patzan','1811037-05 D','23','JCREW','J0445-J0446-J0447-J1764-J1765-J1776-J1778-J1780-J1781','Washed Jersey Crew','34','XS-XXL-T','-1','Not Selected','-1','Not Selected','SU18','24461','17122.70','0.70','5','5','5',NULL,'2018-05-17 21:34:33'),
(50,'2018-05-01 18:00:00','9c818869-52ad-46c0-8687-ed2f8f90d520','Mayra Patzan','1811037-01','23','JCREW','J1501','Broken in Crew Neck','8','XXXS-XXL','-1','Not Selected','-1','Not Selected','SU18','180140','108084.00','0.60','5','5','5',NULL,'2018-05-17 22:19:05'),
(51,'2018-05-15 18:00:00','9c818869-52ad-46c0-8687-ed2f8f90d520','Mayra Patzan','1811295-01','24','EXPRESS','70T3741','Brushed Tiger 3/4 Sleeve London','32','XS-XL','-1','Not Selected','-1','Not Selected','Holiday 2018','8000','7200','0.90','5','5','5',NULL,'2018-05-17 22:41:23'),
(52,'2018-04-25 18:00:00','9c818869-52ad-46c0-8687-ed2f8f90d520','Mayra Patzan','1811316-01','24','EXPRESS','8604891A','T-111 Leopard Dbl V','24','Express-316','-1','Not Selected','-1','Not Selected','Fall 2018','18499','20348.90','1.10','5','5','5',NULL,'2018-05-17 22:52:21'),
(53,'2018-05-17 18:00:00','9c818869-52ad-46c0-8687-ed2f8f90d520','Mayra Patzan','1811336-01','24','EXPRESS','28600095','Camo Prt Short Sleeve  London Tee','32','XS-XL','-1','Not Selected','-1','Not Selected','SPRING 2018','2000','1700','0.85','5','5','5',NULL,'2018-05-18 20:14:01'),
(54,'2018-05-17 18:00:00','9c818869-52ad-46c0-8687-ed2f8f90d520','Mayra Patzan','1811320-01','24','EXPRESS','28600151','3/4  Sleeve Camo Print London','32','XS-XL','-1','Not Selected','-1','Not Selected','Fall 2018','4310','3879','0.90','5','5','5',NULL,'2018-05-18 20:34:27'),
(55,'2018-05-08 18:00:00','9c818869-52ad-46c0-8687-ed2f8f90d520','Mayra Patzan','1811181-01','25','LUCKY BRAND','7WDG811','Janis Joplin','35','XS-XL','-1','Not Selected','-1','Not Selected','Fall 2018','3417','4100.40','1.20','5','5','5',NULL,'2018-05-18 21:40:46'),
(56,'2018-02-15 18:00:00','9c818869-52ad-46c0-8687-ed2f8f90d520','Mayra Patzan','1811062-01','23','JCREW','H6734','New Favorite Tank','13','XXXS-3X','-1','Not Selected','-1','Not Selected','SU18','49622','29773.20','0.60','5','5','5',NULL,'2018-05-18 22:50:29');

/*Table structure for table `other` */

DROP TABLE IF EXISTS `other`;

CREATE TABLE `other` (
  `id` int(10) NOT NULL AUTO_INCREMENT,
  `code` varchar(30) NOT NULL,
  `name` varchar(30) NOT NULL,
  `type1` varchar(30) DEFAULT NULL,
  `type2` varchar(30) DEFAULT NULL,
  `status` tinyint(1) NOT NULL DEFAULT '1',
  `created_at` timestamp NOT NULL DEFAULT CURRENT_TIMESTAMP,
  PRIMARY KEY (`id`)
) ENGINE=InnoDB AUTO_INCREMENT=831 DEFAULT CHARSET=utf8;

/*Data for the table `other` */

insert  into `other`(`id`,`code`,`name`,`type1`,`type2`,`status`,`created_at`) values 
(56,'R','Red','Color','Red',1,'2018-04-27 21:48:27'),
(58,'Y','Yellow','Color','Yellow',1,'2018-04-27 21:48:59'),
(59,'S','Seller','Customer Type','Seller',1,'2018-04-27 21:49:19'),
(60,'B','Buyer','Customer Type','Buyer',1,'2018-04-27 21:49:39'),
(61,'1','BODY','Fabric Type','',1,'2018-04-27 21:50:13'),
(62,'2','RIB','Fabric Type','',1,'2018-04-27 21:50:28'),
(63,'XXS','XXS','Size','XXS',1,'2018-04-27 21:53:24'),
(64,'XS','XS','Size','XS',1,'2018-04-27 21:53:31'),
(65,'S','S','Size','S',1,'2018-04-27 21:53:38'),
(66,'L','L','Size','L',1,'2018-04-27 21:53:46'),
(67,'P 1','Customer Manager','Position','P 1',1,'2018-04-27 22:00:03'),
(68,'P 2','System Manager','Position','P 2',1,'2018-04-27 22:00:20'),
(69,'N','Normal','Priority','Normal',1,'2018-04-27 22:07:08'),
(70,'H','High','Priority','H',1,'2018-04-27 22:07:20'),
(71,'L','Low','Priority','L',1,'2018-04-27 22:07:29'),
(74,'C','Canceled','Priority',' ',1,'2018-04-28 06:51:55'),
(75,'cc','Completed','Priority',' ',1,'2018-04-28 06:52:05'),
(76,'F','Fabric','Customer Type','Fabric',1,'2018-04-29 15:34:54'),
(77,'M','Material','Customer Type','M',1,'2018-04-29 16:08:06'),
(78,'K','Kg','Unit','',1,'2018-04-29 17:07:49'),
(103,'C0001','Acid Yellow','Color','',1,'2018-04-29 20:11:00'),
(104,'C0002','Allure Blue','Color','',1,'2018-04-30 20:11:00'),
(105,'C0003','Alsbaster - Ivory','Color','',1,'2018-05-01 20:11:00'),
(106,'C0005','Amazone','Color','',1,'2018-05-02 20:11:00'),
(107,'C0006','Amazonian Clay','Color','',1,'2018-05-03 20:11:00'),
(108,'C0007','America Bandana','Color','',1,'2018-05-04 20:11:00'),
(109,'C0008','American Navy','Color','',1,'2018-05-05 20:11:00'),
(110,'C0009','Amethyst','Color','',1,'2018-05-06 20:11:00'),
(111,'C0010','Any Med','Color','',1,'2018-05-07 20:11:00'),
(112,'C0011','Any White','Color','',1,'2018-05-08 20:11:00'),
(113,'C0012','Apricot Brandy','Color','',1,'2018-05-09 20:11:00'),
(114,'C0013','Apricot Sorbet','Color','',1,'2018-05-10 20:11:00'),
(115,'C0014','Aqua','Color','',1,'2018-05-11 20:11:00'),
(116,'C0015','Arbor','Color','',1,'2018-05-12 20:11:00'),
(117,'C0017','Artic Dusk','Color','',1,'2018-05-13 20:11:00'),
(118,'C0018','Artichoke','Color','',1,'2018-05-14 20:11:00'),
(119,'C0019','Astor Blue','Color','',1,'2018-05-15 20:11:00'),
(120,'C0020','Athletic Grey','Color','',1,'2018-05-16 20:11:00'),
(121,'C0021','Athletic Grey - White','Color','',1,'2018-05-17 20:11:00'),
(122,'C0022','Athletic Heather','Color','',1,'2018-05-18 20:11:00'),
(123,'C0023','Atlas New Wave','Color','',1,'2018-05-19 20:11:00'),
(124,'C0024','Aurora Red','Color','',1,'2018-05-20 20:11:00'),
(125,'C0025','Autumm Fig','Color','',1,'2018-05-21 20:11:00'),
(126,'C0026','Autumnal Blue','Color','',1,'2018-05-22 20:11:00'),
(127,'C0027','Autumnal Blush','Color','',1,'2018-05-23 20:11:00'),
(128,'C0028','Azure Blue','Color','',1,'2018-05-24 20:11:00'),
(129,'C0029','Bahama Coral','Color','',1,'2018-05-25 20:11:00'),
(130,'C0030','Banana','Color','',1,'2018-05-26 20:11:00'),
(131,'C0031','Barley','Color','',1,'2018-05-27 20:11:00'),
(132,'C0032','Barn Red','Color','',1,'2018-05-28 20:11:00'),
(133,'C0033','Bayswater Blue','Color','',1,'2018-05-29 20:11:00'),
(134,'C0035','Bedford Coal','Color','',1,'2018-05-30 20:11:00'),
(135,'C0036','Beet','Color','',1,'2018-05-31 20:11:00'),
(136,'C0037','Beige Htr','Color','',1,'2018-06-01 20:11:00'),
(137,'C0038','Berry','Color','',1,'2018-06-02 20:11:00'),
(138,'C0039','Berry Blush','Color','',1,'2018-06-03 20:11:00'),
(139,'C0040','Biking Red','Color','',1,'2018-06-04 20:11:00'),
(140,'C0041','Birch','Color','',1,'2018-06-05 20:11:00'),
(141,'C0042','Bisque','Color','',1,'2018-06-06 20:11:00'),
(142,'C0043','Black','Color','',1,'2018-06-07 20:11:00'),
(143,'C0044','Black - Autumnal Blush','Color','',1,'2018-06-08 20:11:00'),
(144,'C0046','Black - Blue Diamond','Color','',1,'2018-06-09 20:11:00'),
(145,'C0047','Black - Carlton','Color','',1,'2018-06-10 20:11:00'),
(146,'C0048','Black - Casual New Olive','Color','',1,'2018-06-11 20:11:00'),
(147,'C0049','Black - Currant','Color','',1,'2018-06-12 20:11:00'),
(148,'C0050','Black - Festive Green','Color','',1,'2018-06-13 20:11:00'),
(149,'C0051','Black - New Olive','Color','',1,'2018-06-14 20:11:00'),
(150,'C0052','Black - Savage Rose','Color','',1,'2018-06-15 20:11:00'),
(151,'C0053','Black - Twilight Blue','Color','',1,'2018-06-16 20:11:00'),
(152,'C0054','Black / Artillery','Color','',1,'2018-06-17 20:11:00'),
(153,'C0055','Black / Berry','Color','',1,'2018-06-18 20:11:00'),
(154,'C0056','Black / Blue Diamond','Color','',1,'2018-06-19 20:11:00'),
(155,'C0057','Black / Dusty Olive','Color','',1,'2018-06-20 20:11:00'),
(156,'C0058','Black / Kale','Color','',1,'2018-06-21 20:11:00'),
(157,'C0059','Black / Plum Passion','Color','',1,'2018-06-22 20:11:00'),
(158,'C0060','Black / Savage Rose','Color','',1,'2018-06-23 20:11:00'),
(159,'C0061','Black / Viena Turquoise','Color','',1,'2018-06-24 20:11:00'),
(160,'C0062','Black / White','Color','',1,'2018-06-25 20:11:00'),
(161,'C0063','Black /Bright Berry','Color','',1,'2018-06-26 20:11:00'),
(162,'C0064','Black /Eucalyptus','Color','',1,'2018-06-27 20:11:00'),
(163,'C0065','Black Mountain','Color','',1,'2018-06-28 20:11:00'),
(164,'C0066','Black Multi','Color','',1,'2018-06-29 20:11:00'),
(165,'C0067','Black Soot','Color','',1,'2018-06-30 20:11:00'),
(166,'C0068','Blue / True White','Color','',1,'2018-07-01 20:11:00'),
(167,'C0069','Blue Dazzle','Color','',1,'2018-07-02 20:11:00'),
(168,'C0070','Blue Diamond','Color','',1,'2018-07-03 20:11:00'),
(169,'C0071','Blue Diamond - Black','Color','',1,'2018-07-04 20:11:00'),
(170,'C0072','Blue Eggshell','Color','',1,'2018-07-05 20:11:00'),
(171,'C0073','Blue Heather','Color','',1,'2018-07-06 20:11:00'),
(172,'C0074','Blue Lavander','Color','',1,'2018-07-07 20:11:00'),
(173,'C0075','Blue Lock','Color','',1,'2018-07-08 20:11:00'),
(174,'C0076','Blue Multi','Color','',1,'2018-07-09 20:11:00'),
(175,'C0077','Blue Night','Color','',1,'2018-07-10 20:11:00'),
(176,'C0078','Blue Ribbon','Color','',1,'2018-07-11 20:11:00'),
(177,'C0079','Blue Rock Black','Color','',1,'2018-07-12 20:11:00'),
(178,'C0080','Blue Romance','Color','',1,'2018-07-13 20:11:00'),
(179,'C0081','Blue Stone','Color','',1,'2018-07-14 20:11:00'),
(180,'C0082','Bluestone Marl','Color','',1,'2018-07-15 20:11:00'),
(181,'C0083','Blush','Color','',1,'2018-07-16 20:11:00'),
(182,'C0084','Bold Lime','Color','',1,'2018-07-17 20:11:00'),
(183,'C0085','Bombay Red','Color','',1,'2018-07-18 20:11:00'),
(184,'C0086','Bone White','Color','',1,'2018-07-19 20:11:00'),
(185,'C0087','Bossa Nova','Color','',1,'2018-07-20 20:11:00'),
(186,'C0088','Brick Red','Color','',1,'2018-07-21 20:11:00'),
(187,'C0089','Brigh Red','Color','',1,'2018-07-22 20:11:00'),
(188,'C0090','Bright Berry','Color','',1,'2018-07-23 20:11:00'),
(189,'C0091','Bright Cobalt','Color','',1,'2018-07-24 20:11:00'),
(190,'C0092','Bright Grotto','Color','',1,'2018-07-25 20:11:00'),
(191,'C0093','Bright Hearth','Color','',1,'2018-07-26 20:11:00'),
(192,'C0094','Bright Papaya','Color','',1,'2018-07-27 20:11:00'),
(193,'C0095','Bright Patina','Color','',1,'2018-07-28 20:11:00'),
(194,'C0096','Bright Peri','Color','',1,'2018-07-29 20:11:00'),
(195,'C0097','Bright Red','Color','',1,'2018-07-30 20:11:00'),
(196,'C0098','Bright River','Color','',1,'2018-07-31 20:11:00'),
(197,'C0099','Bright Salmon','Color','',1,'2018-08-01 20:11:00'),
(198,'C0100','Bright Tamale','Color','',1,'2018-08-02 20:11:00'),
(199,'C0101','Bright White','Color','',1,'2018-08-03 20:11:00'),
(200,'C0102','Bright Yellow','Color','',1,'2018-08-04 20:11:00'),
(201,'C0103','Brillant Peri','Color','',1,'2018-08-05 20:11:00'),
(202,'C0104','Brillant Sapphire','Color','',1,'2018-08-06 20:11:00'),
(203,'C0105','Brown Comb Duffel','Color','',1,'2018-08-07 20:11:00'),
(204,'C0106','BRT-Royal','Color','',1,'2018-08-08 20:11:00'),
(205,'C0107','Brush Burgundy','Color','',1,'2018-08-09 20:11:00'),
(206,'C0108','Bubble Gum','Color','',1,'2018-08-10 20:11:00'),
(207,'C0109','Bubble Gum Pink','Color','',1,'2018-08-11 20:11:00'),
(208,'C0110','Bubble Gum Pop','Color','',1,'2018-08-12 20:11:00'),
(209,'C0111','Bubblegum','Color','',1,'2018-08-13 20:11:00'),
(210,'C0112','Bubbleum Pop','Color','',1,'2018-08-14 20:11:00'),
(211,'C0113','Bunker','Color','',1,'2018-08-15 20:11:00'),
(212,'C0114','Burgundy','Color','',1,'2018-08-16 20:11:00'),
(213,'C0115','Burgundy Wine','Color','',1,'2018-08-17 20:11:00'),
(214,'C0116','Burlwood','Color','',1,'2018-08-18 20:11:00'),
(215,'C0118','C. Oatmeal - Yellow','Color','',1,'2018-08-19 20:11:00'),
(216,'C0119','Calypso','Color','',1,'2018-08-20 20:11:00'),
(217,'C0120','Camo','Color','',1,'2018-08-21 20:11:00'),
(218,'C0121','Camo Duffel','Color','',1,'2018-08-22 20:11:00'),
(219,'C0122','Camo Duffel Green','Color','',1,'2018-08-23 20:11:00'),
(220,'C0123','Camo Green','Color','',1,'2018-08-24 20:11:00'),
(221,'C0124','Camo Grey','Color','',1,'2018-08-25 20:11:00'),
(222,'C0125','Camo Pink','Color','',1,'2018-08-26 20:11:00'),
(223,'C0126','Camo Print','Color','',1,'2018-08-27 20:11:00'),
(224,'C0127','Camo Silver Screen','Color','',1,'2018-08-28 20:11:00'),
(225,'C0128','Caneel Bay','Color','',1,'2018-08-29 20:11:00'),
(226,'C0129','Capers','Color','',1,'2018-08-30 20:11:00'),
(227,'C0130','Capers - Ivory','Color','',1,'2018-08-31 20:11:00'),
(228,'C0131','Carlton Grey','Color','',1,'2018-09-01 20:11:00'),
(229,'C0132','Castle Rock','Color','',1,'2018-09-02 20:11:00'),
(230,'C0133','Casual New Olive','Color','',1,'2018-09-03 20:11:00'),
(231,'C0134','Casual New Olive (Stardust)','Color','',1,'2018-09-04 20:11:00'),
(232,'C0135','Casual Oatmeal','Color','',1,'2018-09-05 20:11:00'),
(233,'C0136','Casual oatmeal / Stardust','Color','',1,'2018-09-06 20:11:00'),
(234,'C0137','Cedar','Color','',1,'2018-09-07 20:11:00'),
(235,'C0138','Celestial Blue','Color','',1,'2018-09-08 20:11:00'),
(236,'C0139','Cerise','Color','',1,'2018-09-09 20:11:00'),
(237,'C0140','Cerulean','Color','',1,'2018-09-10 20:11:00'),
(238,'C0141','Charcoal','Color','',1,'2018-09-11 20:11:00'),
(239,'C0142','Charcoal Heather','Color','',1,'2018-09-12 20:11:00'),
(240,'C0144','Chateau Blue','Color','',1,'2018-09-13 20:11:00'),
(241,'C0145','Chateau Olive','Color','',1,'2018-09-14 20:11:00'),
(242,'C0146','Chianti','Color','',1,'2018-09-15 20:11:00'),
(243,'C0147','Chili Pepper','Color','',1,'2018-09-16 20:11:00'),
(244,'C0148','Chrome Yellow','Color','',1,'2018-09-17 20:11:00'),
(245,'C0149','Clasic Blue','Color','',1,'2018-09-18 20:11:00'),
(246,'C0150','Classic Navy','Color','',1,'2018-09-19 20:11:00'),
(247,'C0151','Classic Plaster','Color','',1,'2018-09-20 20:11:00'),
(248,'C0152','Classic Sky','Color','',1,'2018-09-21 20:11:00'),
(249,'C0153','Climbing Ivy','Color','',1,'2018-09-22 20:11:00'),
(250,'C0154','Cloudy Blue','Color','',1,'2018-09-23 20:11:00'),
(251,'C0155','Coal Grey','Color','',1,'2018-09-24 20:11:00'),
(252,'C0156','Cobalt','Color','',1,'2018-09-25 20:11:00'),
(253,'C0157','Columbia Blue','Color','',1,'2018-09-26 20:11:00'),
(254,'C0158','Copper Rose','Color','',1,'2018-09-27 20:11:00'),
(255,'C0159','Cosmetic Pink','Color','',1,'2018-09-28 20:11:00'),
(256,'C0160','Cosmo Pink','Color','',1,'2018-09-29 20:11:00'),
(257,'C0161','Cranberry','Color','',1,'2018-09-30 20:11:00'),
(258,'C0162','Crimson Maple','Color','',1,'2018-10-01 20:11:00'),
(259,'C0163','Crisp Azure','Color','',1,'2018-10-02 20:11:00'),
(260,'C0164','Crystal Grey','Color','',1,'2018-10-03 20:11:00'),
(261,'C0165','Crystalline','Color','',1,'2018-10-04 20:11:00'),
(262,'C0166','Currant','Color','',1,'2018-10-05 20:11:00'),
(263,'C0167','Daiquiri','Color','',1,'2018-10-06 20:11:00'),
(264,'C0168','Dark American Navy','Color','',1,'2018-10-07 20:11:00'),
(265,'C0169','Dark Charcoal Heather','Color','',1,'2018-10-08 20:11:00'),
(266,'C0170','Dark Coral','Color','',1,'2018-10-09 20:11:00'),
(267,'C0171','Dark Evening','Color','',1,'2018-10-10 20:11:00'),
(268,'C0172','Dark Grey Marl','Color','',1,'2018-10-11 20:11:00'),
(269,'C0173','Dark Moss','Color','',1,'2018-10-12 20:11:00'),
(270,'C0174','Dark Olive','Color','',1,'2018-10-13 20:11:00'),
(271,'C0175','Dark Sea','Color','',1,'2018-10-14 20:11:00'),
(272,'C0176','Dark Seaweed','Color','',1,'2018-10-15 20:11:00'),
(273,'C0177','Dark Shadow','Color','',1,'2018-10-16 20:11:00'),
(274,'C0178','Dazzling Blue','Color','',1,'2018-10-17 20:11:00'),
(275,'C0179','Deep Baltic','Color','',1,'2018-10-18 20:11:00'),
(276,'C0180','Deep Fort','Color','',1,'2018-10-19 20:11:00'),
(277,'C0181','Deep Grove','Color','',1,'2018-10-20 20:11:00'),
(278,'C0182','Deep Twilight','Color','',1,'2018-10-21 20:11:00'),
(279,'C0183','Deepest Navy','Color','',1,'2018-10-22 20:11:00'),
(280,'C0184','Delphinium Blue','Color','',1,'2018-10-23 20:11:00'),
(281,'C0185','Desire','Color','',1,'2018-10-24 20:11:00'),
(282,'C0186','DK- Festive','Color','',1,'2018-10-25 20:11:00'),
(283,'C0187','Dk Pink','Color','',1,'2018-10-26 20:11:00'),
(284,'C0188','Dodger Blue','Color','',1,'2018-10-27 20:11:00'),
(285,'C0189','Dream Blue','Color','',1,'2018-10-28 20:11:00'),
(286,'C0190','Dublin Green','Color','',1,'2018-10-29 20:11:00'),
(287,'C0191','Duffel','Color','',1,'2018-10-30 20:11:00'),
(288,'C0192','Dusty Barn','Color','',1,'2018-10-31 20:11:00'),
(289,'C0193','Dusty Coal','Color','',1,'2018-11-01 20:11:00'),
(290,'C0194','Dusty Khaki','Color','',1,'2018-11-02 20:11:00'),
(291,'C0195','Dusty Mauve','Color','',1,'2018-11-03 20:11:00'),
(292,'C0196','Dusty Olive','Color','',1,'2018-11-04 19:11:00'),
(293,'C0197','Dusty Olive / Black','Color','',1,'2018-11-05 19:11:00'),
(294,'C0198','Dusty Orchid','Color','',1,'2018-11-06 19:11:00'),
(295,'C0199','Dusty Petal','Color','',1,'2018-11-07 19:11:00'),
(296,'C0200','Dusty Pink','Color','',1,'2018-11-08 19:11:00'),
(297,'C0201','Dusty Pink Grey','Color','',1,'2018-11-09 19:11:00'),
(298,'C0202','Dusty Sage','Color','',1,'2018-11-10 19:11:00'),
(299,'C0203','Dusy Shell','Color','',1,'2018-11-11 19:11:00'),
(300,'C0204','Dynasty','Color','',1,'2018-11-12 19:11:00'),
(301,'C0205','Egg Shell','Color','',1,'2018-11-13 19:11:00'),
(302,'C0206','Egg Shell Blue','Color','',1,'2018-11-14 19:11:00'),
(303,'C0207','Egg Shell Red','Color','',1,'2018-11-15 19:11:00'),
(304,'C0208','Elmwood','Color','',1,'2018-11-16 19:11:00'),
(305,'C0209','Enchanted Rose','Color','',1,'2018-11-17 19:11:00'),
(306,'C0210','Engine','Color','',1,'2018-11-18 19:11:00'),
(307,'C0211','Engine Red','Color','',1,'2018-11-19 19:11:00'),
(308,'C0212','Everglade','Color','',1,'2018-11-20 19:11:00'),
(309,'C0213','Exotic Teal','Color','',1,'2018-11-21 19:11:00'),
(310,'C0214','Faded Avocado','Color','',1,'2018-11-22 19:11:00'),
(311,'C0215','Faded Lavender','Color','',1,'2018-11-23 19:11:00'),
(312,'C0216','Faded Rose','Color','',1,'2018-11-24 19:11:00'),
(313,'C0217','Faded Sky','Color','',1,'2018-11-25 19:11:00'),
(314,'C0218','Fandango Pink','Color','',1,'2018-11-26 19:11:00'),
(315,'C0219','Fantasy Blue','Color','',1,'2018-11-27 19:11:00'),
(316,'C0220','Federal Blue','Color','',1,'2018-11-28 19:11:00'),
(317,'C0221','Fern','Color','',1,'2018-11-29 19:11:00'),
(318,'C0222','Festive Green','Color','',1,'2018-11-30 19:11:00'),
(319,'C0223','Flamingo','Color','',1,'2018-12-01 19:11:00'),
(320,'C0224','Flamingo Pink','Color','',1,'2018-12-02 19:11:00'),
(321,'C0225','Fluro Guava','Color','',1,'2018-12-03 19:11:00'),
(322,'C0226','Fluro Pink','Color','',1,'2018-12-04 19:11:00'),
(323,'C0227','Frame On','Color','',1,'2018-12-05 19:11:00'),
(324,'C0228','Freeze','Color','',1,'2018-12-06 19:11:00'),
(325,'C0229','French Lilac','Color','',1,'2018-12-07 19:11:00'),
(326,'C0230','Fresh Apricot','Color','',1,'2018-12-08 19:11:00'),
(327,'C0231','Fresh Kiwi','Color','',1,'2018-12-09 19:11:00'),
(328,'C0232','Fresh Mint','Color','',1,'2018-12-10 19:11:00'),
(329,'C0233','Frosted Gray','Color','',1,'2018-12-11 19:11:00'),
(330,'C0234','Frosted Sage','Color','',1,'2018-12-12 19:11:00'),
(331,'C0235','Frosty Olive','Color','',1,'2018-12-13 19:11:00'),
(332,'C0236','Gargoyle','Color','',1,'2018-12-14 19:11:00'),
(333,'C0237','Garnet Rose','Color','',1,'2018-12-15 19:11:00'),
(334,'C0238','Ginger','Color','',1,'2018-12-16 19:11:00'),
(335,'C0239','Glacier Grey','Color','',1,'2018-12-17 19:11:00'),
(336,'C0240','Glacier Grey - Ivory','Color','',1,'2018-12-18 19:11:00'),
(337,'C0241','Golden Poppy','Color','',1,'2018-12-19 19:11:00'),
(338,'C0242','Golden Rod','Color','',1,'2018-12-20 19:11:00'),
(339,'C0243','Golden Straw','Color','',1,'2018-12-21 19:11:00'),
(340,'C0244','Golden Yellow','Color','',1,'2018-12-22 19:11:00'),
(341,'C0245','Grape Leaf','Color','',1,'2018-12-23 19:11:00'),
(342,'C0246','Gray Blue','Color','',1,'2018-12-24 19:11:00'),
(343,'C0247','Greeen Lily','Color','',1,'2018-12-25 19:11:00'),
(344,'C0248','Green','Color','',1,'2018-12-26 19:11:00'),
(345,'C0249','Green Cameo','Color','',1,'2018-12-27 19:11:00'),
(346,'C0250','Green Multi','Color','',1,'2018-12-28 19:11:00'),
(347,'C0251','Grey','Color','',1,'2018-12-29 19:11:00'),
(348,'C0252','Grey Cameo','Color','',1,'2018-12-30 19:11:00'),
(349,'C0253','Grey Combo','Color','',1,'2018-12-31 19:11:00'),
(350,'C0254','Grey Heather','Color','',1,'2019-01-01 19:11:00'),
(351,'C0255','Grey Marl','Color','',1,'2019-01-02 19:11:00'),
(352,'C0256','Grey Violet','Color','',1,'2019-01-03 19:11:00'),
(353,'C0257','Gris','Color','',1,'2019-01-04 19:11:00'),
(354,'C0258','Harbour Sky','Color','',1,'2019-01-05 19:11:00'),
(355,'C0259','Haute Red','Color','',1,'2019-01-06 19:11:00'),
(356,'C0260','Heather Black','Color','',1,'2019-01-07 19:11:00'),
(357,'C0261','Heather Blush','Color','',1,'2019-01-08 19:11:00'),
(358,'C0262','Heather Burgundy','Color','',1,'2019-01-09 19:11:00'),
(359,'C0263','Heather Deep Pewter','Color','',1,'2019-01-10 19:11:00'),
(360,'C0264','Heather Grey','Color','',1,'2019-01-11 19:11:00'),
(361,'C0265','Heather Grey / Bisque','Color','',1,'2019-01-12 19:11:00'),
(362,'C0266','Heather Navy','Color','',1,'2019-01-13 19:11:00'),
(363,'C0267','Heather Oatmeal','Color','',1,'2019-01-14 19:11:00'),
(364,'C0268','Heather Olive','Color','',1,'2019-01-15 19:11:00'),
(365,'C0269','Heather Pale Indigo','Color','',1,'2019-01-16 19:11:00'),
(366,'C0270','Heather Pink','Color','',1,'2019-01-17 19:11:00'),
(367,'C0271','Heather Red','Color','',1,'2019-01-18 19:11:00'),
(368,'C0272','Heather Twilight Fog','Color','',1,'2019-01-19 19:11:00'),
(369,'C0273','Hibiscus','Color','',1,'2019-01-20 19:11:00'),
(370,'C0274','Honey Blush','Color','',1,'2019-01-21 19:11:00'),
(371,'C0275','Honey Brown','Color','',1,'2019-01-22 19:11:00'),
(372,'C0276','Hot Magenta','Color','',1,'2019-01-23 19:11:00'),
(373,'C0277','Hot Pink','Color','',1,'2019-01-24 19:11:00'),
(374,'C0278','Hthr Chrome','Color','',1,'2019-01-25 19:11:00'),
(375,'C0279','Hthr Old Red','Color','',1,'2019-01-26 19:11:00'),
(376,'C0280','Hthr River','Color','',1,'2019-01-27 19:11:00'),
(377,'C0281','Hthr Soft Grey','Color','',1,'2019-01-28 19:11:00'),
(378,'C0282','Hydro','Color','',1,'2019-01-29 19:11:00'),
(379,'C0283','Hydro Pt','Color','',1,'2019-01-30 19:11:00'),
(380,'C0284','Impala','Color','',1,'2019-01-31 19:11:00'),
(381,'C0285','Impala - Ivory','Color','',1,'2019-02-01 19:11:00'),
(382,'C0286','Impala - White','Color','',1,'2019-02-02 19:11:00'),
(383,'C0287','India Blue','Color','',1,'2019-02-03 19:11:00'),
(384,'C0288','Indian Sienna','Color','',1,'2019-02-04 19:11:00'),
(385,'C0289','Indian Teal','Color','',1,'2019-02-05 19:11:00'),
(386,'C0290','Indigo Star','Color','',1,'2019-02-06 19:11:00'),
(387,'C0291','Ink Blue','Color','',1,'2019-02-07 19:11:00'),
(388,'C0292','Int Grey','Color','',1,'2019-02-08 19:11:00'),
(389,'C0293','Intoxicating Coral','Color','',1,'2019-02-09 19:11:00'),
(390,'C0294','Ivory','Color','',1,'2019-02-10 19:11:00'),
(391,'C0295','Ivory - Rabbit','Color','',1,'2019-02-11 19:11:00'),
(392,'C0296','Ivory - Razzberry','Color','',1,'2019-02-12 19:11:00'),
(393,'C0298','Jade','Color','',1,'2019-02-13 19:11:00'),
(394,'C0299','Jade Green','Color','',1,'2019-02-14 19:11:00'),
(395,'C0300','Jamaica Blue','Color','',1,'2019-02-15 19:11:00'),
(396,'C0301','Jet Black','Color','',1,'2019-02-16 19:11:00'),
(397,'C0302','Jet Black - True White','Color','',1,'2019-02-17 19:11:00'),
(398,'C0303','Keepsake Lilac','Color','',1,'2019-02-18 19:11:00'),
(399,'C0304','Ketchup','Color','',1,'2019-02-19 19:11:00'),
(400,'C0305','Kilm/Im','Color','',1,'2019-02-20 19:11:00'),
(401,'C0306','Kiss Kiss Red','Color','',1,'2019-02-21 19:11:00'),
(402,'C0307','Kiss Red','Color','',1,'2019-02-22 19:11:00'),
(403,'C0308','Lacquer','Color','',1,'2019-02-23 19:11:00'),
(404,'C0309','Lake','Color','',1,'2019-02-24 19:11:00'),
(405,'C0310','Laurel Wreath','Color','',1,'2019-02-25 19:11:00'),
(406,'C0311','Lavendar','Color','',1,'2019-02-26 19:11:00'),
(407,'C0312','Lavendar Crystal','Color','',1,'2019-02-27 19:11:00'),
(408,'C0313','Lavender','Color','',1,'2019-02-28 19:11:00'),
(409,'C0314','Lavender Powder','Color','',1,'2019-03-01 19:11:00'),
(410,'C0315','Lead','Color','',1,'2019-03-02 19:11:00'),
(411,'C0316','Lejeune','Color','',1,'2019-03-03 19:11:00'),
(412,'C0317','Lemon Grass','Color','',1,'2019-03-04 19:11:00'),
(413,'C0318','Lemon Sorbet','Color','',1,'2019-03-05 19:11:00'),
(414,'C0319','Lemonade','Color','',1,'2019-03-06 19:11:00'),
(415,'C0320','Licorice Grey','Color','',1,'2019-03-07 19:11:00'),
(416,'C0321','Light Blue','Color','',1,'2019-03-08 19:11:00'),
(417,'C0322','Light Heather Grey','Color','',1,'2019-03-09 19:11:00'),
(418,'C0323','Light Mink','Color','',1,'2019-03-10 20:11:00'),
(419,'C0324','Light Pink Gin','Color','',1,'2019-03-11 20:11:00'),
(420,'C0325','Light Pistachio','Color','',1,'2019-03-12 20:11:00'),
(421,'C0326','Light Shell','Color','',1,'2019-03-13 20:11:00'),
(422,'C0327','Light Sky','Color','',1,'2019-03-14 20:11:00'),
(423,'C0328','Lime','Color','',1,'2019-03-15 20:11:00'),
(424,'C0329','Lipstick','Color','',1,'2019-03-16 20:11:00'),
(425,'C0330','Lobster Bisque','Color','',1,'2019-03-17 20:11:00'),
(426,'C0331','Loden Green','Color','',1,'2019-03-18 20:11:00'),
(427,'C0333','Lollipop','Color','',1,'2019-03-19 20:11:00'),
(428,'C0334','Lt Grey','Color','',1,'2019-03-20 20:11:00'),
(429,'C0335','LT Mint','Color','',1,'2019-03-21 20:11:00'),
(430,'C0336','Lt Pink','Color','',1,'2019-03-22 20:11:00'),
(431,'C0337','Lucky Black','Color','',1,'2019-03-23 20:11:00'),
(432,'C0338','Lucky White','Color','',1,'2019-03-24 20:11:00'),
(433,'C0339','Lucky White - Grey','Color','',1,'2019-03-25 20:11:00'),
(434,'C0340','Luminary','Color','',1,'2019-03-26 20:11:00'),
(435,'C0341','Lusty Coco','Color','',1,'2019-03-27 20:11:00'),
(436,'C0342','Macadamia','Color','',1,'2019-03-28 20:11:00'),
(437,'C0343','Mahogany','Color','',1,'2019-03-29 20:11:00'),
(438,'C0344','Mahogany Rose','Color','',1,'2019-03-30 20:11:00'),
(439,'C0345','Maize','Color','',1,'2019-03-31 20:11:00'),
(440,'C0346','Mako','Color','',1,'2019-04-01 20:11:00'),
(441,'C0347','Malaga','Color','',1,'2019-04-02 20:11:00'),
(442,'C0348','Marlo Olive','Color','',1,'2019-04-03 20:11:00'),
(443,'C0349','Maroon','Color','',1,'2019-04-04 20:11:00'),
(444,'C0350','Maroon 311','Color','',1,'2019-04-05 20:11:00'),
(445,'C0351','Mars','Color','',1,'2019-04-06 20:11:00'),
(446,'C0352','Marsh / Red','Color','',1,'2019-04-07 20:11:00'),
(447,'C0353','Marshmallor + Red Stripe','Color','',1,'2019-04-08 20:11:00'),
(448,'C0354','Marshmallow','Color','',1,'2019-04-09 20:11:00'),
(449,'C0355','Med Htr Grey','Color','',1,'2019-04-10 20:11:00'),
(450,'C0356','Medieval','Color','',1,'2019-04-11 20:11:00'),
(451,'C0357','Medieval Blue','Color','',1,'2019-04-12 20:11:00'),
(452,'C0358','Mellow Yellow','Color','',1,'2019-04-13 20:11:00'),
(453,'C0359','MHG','Color','',1,'2019-04-14 20:11:00'),
(454,'C0360','Miami','Color','',1,'2019-04-15 20:11:00'),
(455,'C0361','Midnight','Color','',1,'2019-04-16 20:11:00'),
(456,'C0362','Midnight Navy','Color','',1,'2019-04-17 20:11:00'),
(457,'C0363','Midnt Rust','Color','',1,'2019-04-18 20:11:00'),
(458,'C0364','Military Olive','Color','',1,'2019-04-19 20:11:00'),
(459,'C0365','Mineral','Color','',1,'2019-04-20 20:11:00'),
(460,'C0366','Mint Ice','Color','',1,'2019-04-21 20:11:00'),
(461,'C0367','Mointain White - Astor Blue','Color','',1,'2019-04-22 20:11:00'),
(462,'C0368','Molten Red','Color','',1,'2019-04-23 20:11:00'),
(463,'C0369','Monaco Blue','Color','',1,'2019-04-24 20:11:00'),
(464,'C0370','Moonless Night','Color','',1,'2019-04-25 20:11:00'),
(465,'C0371','Morganite','Color','',1,'2019-04-26 20:11:00'),
(466,'C0372','Mountain White','Color','',1,'2019-04-27 20:11:00'),
(467,'C0373','Museum Blue','Color','',1,'2019-04-28 20:11:00'),
(468,'C0374','Navy','Color','',1,'2019-04-29 20:11:00'),
(469,'C0375','Navy - Ivory','Color','',1,'2019-04-30 20:11:00'),
(470,'C0376','Navy - White','Color','',1,'2019-05-01 20:11:00'),
(471,'C0377','Navy Blazer','Color','',1,'2019-05-02 20:11:00'),
(472,'C0378','Navy Heather','Color','',1,'2019-05-03 20:11:00'),
(473,'C0379','Nectar','Color','',1,'2019-05-04 20:11:00'),
(474,'C0380','Neon Berry','Color','',1,'2019-05-05 20:11:00'),
(475,'C0381','Neon Blosson (Te?ido)','Color','',1,'2019-05-06 20:11:00'),
(476,'C0382','Neon Cantalopue','Color','',1,'2019-05-07 20:11:00'),
(477,'C0383','Neon Coral','Color','',1,'2019-05-08 20:11:00'),
(478,'C0384','Neon Green','Color','',1,'2019-05-09 20:11:00'),
(479,'C0385','Neon Lemon','Color','',1,'2019-05-10 20:11:00'),
(480,'C0386','New Albany Navy','Color','',1,'2019-05-11 20:11:00'),
(481,'C0387','New Emerald','Color','',1,'2019-05-12 20:11:00'),
(482,'C0388','New Indian Sienna','Color','',1,'2019-05-13 20:11:00'),
(483,'C0389','New Indigo','Color','',1,'2019-05-14 20:11:00'),
(484,'C0390','New Mint','Color','',1,'2019-05-15 20:11:00'),
(485,'C0391','New Morocan Blue','Color','',1,'2019-05-16 20:11:00'),
(486,'C0392','New Powder','Color','',1,'2019-05-17 20:11:00'),
(487,'C0393','New sangria','Color','',1,'2019-05-18 20:11:00'),
(488,'C0394','New Tomato','Color','',1,'2019-05-19 20:11:00'),
(489,'C0395','New Vint Pink','Color','',1,'2019-05-20 20:11:00'),
(490,'C0396','New Vintage','Color','',1,'2019-05-21 20:11:00'),
(491,'C0397','New Vintage Indigo','Color','',1,'2019-05-22 20:11:00'),
(492,'C0398','New Vintage Pink - Ivory','Color','',1,'2019-05-23 20:11:00'),
(493,'C0399','Night Blue (estampado)','Color','',1,'2019-05-24 20:11:00'),
(494,'C0400','Nigori','Color','',1,'2019-05-25 20:11:00'),
(495,'C0401','Nouveau Slate','Color','',1,'2019-05-26 20:11:00'),
(496,'C0402','Nugget Gold','Color','',1,'2019-05-27 20:11:00'),
(497,'C0403','Oatmeal','Color','',1,'2019-05-28 20:11:00'),
(498,'C0404','Obsession','Color','',1,'2019-05-29 20:11:00'),
(499,'C0405','Old Red','Color','',1,'2019-05-30 20:11:00'),
(500,'C0406','Old Rose','Color','',1,'2019-05-31 20:11:00'),
(501,'C0407','Olive Green','Color','',1,'2019-06-01 20:11:00'),
(502,'C0408','Op Royal Blue','Color','',1,'2019-06-02 20:11:00'),
(503,'C0409','Optical White','Color','',1,'2019-06-03 20:11:00'),
(504,'C0410','Ornamental Red','Color','',1,'2019-06-04 20:11:00'),
(505,'C0411','Outback','Color','',1,'2019-06-05 20:11:00'),
(506,'C0412','Pacific','Color','',1,'2019-06-06 20:11:00'),
(507,'C0413','Pale Burgundy','Color','',1,'2019-06-07 20:11:00'),
(508,'C0414','Pale Citrus','Color','',1,'2019-06-08 20:11:00'),
(509,'C0415','Pale Indigo','Color','',1,'2019-06-09 20:11:00'),
(510,'C0416','Pale Mauve','Color','',1,'2019-06-10 20:11:00'),
(511,'C0417','Pale Mint','Color','',1,'2019-06-11 20:11:00'),
(512,'C0418','Pale Rose','Color','',1,'2019-06-12 20:11:00'),
(513,'C0419','Pale Sepia - Ivory','Color','',1,'2019-06-13 20:11:00'),
(514,'C0421','Pale Snow Heather','Color','',1,'2019-06-14 20:11:00'),
(515,'C0422','Pale Stone','Color','',1,'2019-06-15 20:11:00'),
(516,'C0423','Paradise','Color','',1,'2019-06-16 20:11:00'),
(517,'C0424','Paste White','Color','',1,'2019-06-17 20:11:00'),
(518,'C0425','Patriot','Color','',1,'2019-06-18 20:11:00'),
(519,'C0426','Peach Sorbet','Color','',1,'2019-06-19 20:11:00'),
(520,'C0427','Peppermint Ice','Color','',1,'2019-06-20 20:11:00'),
(521,'C0428','Periwinkle','Color','',1,'2019-06-21 20:11:00'),
(522,'C0429','Persian Jewel','Color','',1,'2019-06-22 20:11:00'),
(523,'C0430','PFD','Color','',1,'2019-06-23 20:11:00'),
(524,'C0431','Pink','Color','',1,'2019-06-24 20:11:00'),
(525,'C0432','Pink Berry','Color','',1,'2019-06-25 20:11:00'),
(526,'C0433','Pink Cameo','Color','',1,'2019-06-26 20:11:00'),
(527,'C0434','Pink Combo','Color','',1,'2019-06-27 20:11:00'),
(528,'C0435','Pink Grape Fruit','Color','',1,'2019-06-28 20:11:00'),
(529,'C0437','Pink Ice','Color','',1,'2019-06-29 20:11:00'),
(530,'C0438','Pink Limonada','Color','',1,'2019-06-30 20:11:00'),
(531,'C0439','Pink Multi','Color','',1,'2019-07-01 20:11:00'),
(532,'C0440','Pink Petal','Color','',1,'2019-07-02 20:11:00'),
(533,'C0441','Pink Soda','Color','',1,'2019-07-03 20:11:00'),
(534,'C0442','Pink Tint','Color','',1,'2019-07-04 20:11:00'),
(535,'C0443','Pirate Black','Color','',1,'2019-07-05 20:11:00'),
(536,'C0444','Pitch Black','Color','',1,'2019-07-06 20:11:00'),
(537,'C0445','Pitch Black - Dusty Olive','Color','',1,'2019-07-07 20:11:00'),
(538,'C0446','Pitch Black - True White','Color','',1,'2019-07-08 20:11:00'),
(539,'C0447','Plum Passion','Color','',1,'2019-07-09 20:11:00'),
(540,'C0448','Plum Passion - Black','Color','',1,'2019-07-10 20:11:00'),
(541,'C0449','Pompein Red','Color','',1,'2019-07-11 20:11:00'),
(542,'C0450','Ponderosa Pine - Lucky Black','Color','',1,'2019-07-12 20:11:00'),
(543,'C0451','Ponderosa Pine (P/C)','Color','',1,'2019-07-13 20:11:00'),
(544,'C0452','Ponte Grey','Color','',1,'2019-07-14 20:11:00'),
(545,'C0453','Poppy Neon Pink','Color','',1,'2019-07-15 20:11:00'),
(546,'C0454','Poppy Red','Color','',1,'2019-07-16 20:11:00'),
(547,'C0455','Port Royal','Color','',1,'2019-07-17 20:11:00'),
(548,'C0456','Primrose','Color','',1,'2019-07-18 20:11:00'),
(549,'C0457','Print Multi','Color','',1,'2019-07-19 20:11:00'),
(550,'C0458','Print Pink','Color','',1,'2019-07-20 20:11:00'),
(551,'C0459','pure White','Color','',1,'2019-07-21 20:11:00'),
(552,'C0460','Purple','Color','',1,'2019-07-22 20:11:00'),
(553,'C0461','Purple Hebe','Color','',1,'2019-07-23 20:11:00'),
(554,'C0462','Purple Veil','Color','',1,'2019-07-24 20:11:00'),
(555,'C0463','Quarry','Color','',1,'2019-07-25 20:11:00'),
(556,'C0464','Quartz','Color','',1,'2019-07-26 20:11:00'),
(557,'C0465','Quiet Shade','Color','',1,'2019-07-27 20:11:00'),
(558,'C0466','Rabbit','Color','',1,'2019-07-28 20:11:00'),
(559,'C0467','Racing Red','Color','',1,'2019-07-29 20:11:00'),
(560,'C0468','Rainshower','Color','',1,'2019-07-30 20:11:00'),
(561,'C0469','Raspberry / White','Color','',1,'2019-07-31 20:11:00'),
(562,'C0470','Razzleberry','Color','',1,'2019-08-01 20:11:00'),
(563,'C0471','Red','Color','',1,'2019-08-02 20:11:00'),
(564,'C0472','Red / True White','Color','',1,'2019-08-03 20:11:00'),
(565,'C0473','Red Alert','Color','',1,'2019-08-04 20:11:00'),
(566,'C0474','Red Multi','Color','',1,'2019-08-05 20:11:00'),
(567,'C0475','Red Wine','Color','',1,'2019-08-06 20:11:00'),
(568,'C0476','Rerbor Sky','Color','',1,'2019-08-07 20:11:00'),
(569,'C0477','Retro Lemon','Color','',1,'2019-08-08 20:11:00'),
(570,'C0478','Rhubard','Color','',1,'2019-08-09 20:11:00'),
(571,'C0479','Rich Gold','Color','',1,'2019-08-10 20:11:00'),
(572,'C0480','Rich Saffron','Color','',1,'2019-08-11 20:11:00'),
(573,'C0481','Ricken backer Red - White','Color','',1,'2019-08-12 20:11:00'),
(574,'C0482','Rickendbacker Red','Color','',1,'2019-08-13 20:11:00'),
(575,'C0483','Rio Red','Color','',1,'2019-08-14 20:11:00'),
(576,'C0484','Roma','Color','',1,'2019-08-15 20:11:00'),
(577,'C0485','Roma - White','Color','',1,'2019-08-16 20:11:00'),
(578,'C0486','Roma (solido)','Color','',1,'2019-08-17 20:11:00'),
(579,'C0487','Roma / True White','Color','',1,'2019-08-18 20:11:00'),
(580,'C0488','Romance','Color','',1,'2019-08-19 20:11:00'),
(581,'C0489','Romance - True White','Color','',1,'2019-08-20 20:11:00'),
(582,'C0490','Rosa Nova','Color','',1,'2019-08-21 20:11:00'),
(583,'C0491','Rose Blush','Color','',1,'2019-08-22 20:11:00'),
(584,'C0492','Rose Crystal','Color','',1,'2019-08-23 20:11:00'),
(585,'C0494','Rose Wine','Color','',1,'2019-08-24 20:11:00'),
(586,'C0495','Royal','Color','',1,'2019-08-25 20:11:00'),
(587,'C0496','Royal Berry','Color','',1,'2019-08-26 20:11:00'),
(588,'C0497','Royal Blue','Color','',1,'2019-08-27 20:11:00'),
(589,'C0498','Royal Turquoise','Color','',1,'2019-08-28 20:11:00'),
(590,'C0499','Rugby Green','Color','',1,'2019-08-29 20:11:00'),
(591,'C0500','Russet Brown','Color','',1,'2019-08-30 20:11:00'),
(592,'C0501','Russian','Color','',1,'2019-08-31 20:11:00'),
(593,'C0502','Russian Ruby','Color','',1,'2019-09-01 20:11:00'),
(594,'C0503','Russian Rugby','Color','',1,'2019-09-02 20:11:00'),
(595,'C0504','Rusty Barn','Color','',1,'2019-09-03 20:11:00'),
(596,'C0505','Rusty Sage','Color','',1,'2019-09-04 20:11:00'),
(597,'C0506','Saddle','Color','',1,'2019-09-05 20:11:00'),
(598,'C0507','Safari','Color','',1,'2019-09-06 20:11:00'),
(599,'C0508','Saltwater Blue','Color','',1,'2019-09-07 20:11:00'),
(600,'C0509','Salvage Rose - Black','Color','',1,'2019-09-08 20:11:00'),
(601,'C0510','Sanddle','Color','',1,'2019-09-09 20:11:00'),
(602,'C0511','Savage Rose','Color','',1,'2019-09-10 20:11:00'),
(603,'C0512','Sea Fog','Color','',1,'2019-09-11 20:11:00'),
(604,'C0513','Sea Glass','Color','',1,'2019-09-12 20:11:00'),
(605,'C0514','Sea Spray','Color','',1,'2019-09-13 20:11:00'),
(606,'C0515','Seacoast Blue','Color','',1,'2019-09-14 20:11:00'),
(607,'C0516','Shadow Grey','Color','',1,'2019-09-15 20:11:00'),
(608,'C0517','Shale Blue','Color','',1,'2019-09-16 20:11:00'),
(609,'C0518','Shark','Color','',1,'2019-09-17 20:11:00'),
(610,'C0519','Shark Grey','Color','',1,'2019-09-18 20:11:00'),
(611,'C0520','Shark Skin','Color','',1,'2019-09-19 20:11:00'),
(612,'C0521','Silver Grey','Color','',1,'2019-09-20 20:11:00'),
(613,'C0523','Silver Haze','Color','',1,'2019-09-21 20:11:00'),
(614,'C0524','Silver Heather','Color','',1,'2019-09-22 20:11:00'),
(615,'C0526','Silver Pink','Color','',1,'2019-09-23 20:11:00'),
(616,'C0527','Silver Screen','Color','',1,'2019-09-24 20:11:00'),
(617,'C0528','Simple Green','Color','',1,'2019-09-25 20:11:00'),
(618,'C0529','Sky Blue','Color','',1,'2019-09-26 20:11:00'),
(619,'C0530','Skylight','Color','',1,'2019-09-27 20:11:00'),
(620,'C0531','Smokey Grey','Color','',1,'2019-09-28 20:11:00'),
(621,'C0532','Smokey Grey - White','Color','',1,'2019-09-29 20:11:00'),
(622,'C0533','Smoky Olive','Color','',1,'2019-09-30 20:11:00'),
(623,'C0534','Snow Heather','Color','',1,'2019-10-01 20:11:00'),
(624,'C0535','Snow White','Color','',1,'2019-10-02 20:11:00'),
(625,'C0536','Soft Alabaster','Color','',1,'2019-10-03 20:11:00'),
(626,'C0537','Soft Alabaster - Ivory','Color','',1,'2019-10-04 20:11:00'),
(627,'C0538','Soft Alabaster / White','Color','',1,'2019-10-05 20:11:00'),
(628,'C0539','Soft Crystal','Color','',1,'2019-10-06 20:11:00'),
(629,'C0540','Soft Ivory','Color','',1,'2019-10-07 20:11:00'),
(630,'C0541','Soft Ivory - Soft Alabaster','Color','',1,'2019-10-08 20:11:00'),
(631,'C0542','Soft Lilac','Color','',1,'2019-10-09 20:11:00'),
(632,'C0543','Soft Pink','Color','',1,'2019-10-10 20:11:00'),
(633,'C0544','Soot','Color','',1,'2019-10-11 20:11:00'),
(634,'C0545','Sorento','Color','',1,'2019-10-12 20:11:00'),
(635,'C0546','Sour Cherry','Color','',1,'2019-10-13 20:11:00'),
(636,'C0547','Spanish Clay','Color','',1,'2019-10-14 20:11:00'),
(637,'C0548','Sparkling sea','Color','',1,'2019-10-15 20:11:00'),
(638,'C0549','Stardust','Color','',1,'2019-10-16 20:11:00'),
(639,'C0550','Stargazing Pink','Color','',1,'2019-10-17 20:11:00'),
(640,'C0553','Steel Heather Grey','Color','',1,'2019-10-18 20:11:00'),
(641,'C0554','Sterling - Rose Blush','Color','',1,'2019-10-19 20:11:00'),
(642,'C0555','Sterling / Freeze','Color','',1,'2019-10-20 20:11:00'),
(643,'C0556','Stone','Color','',1,'2019-10-21 20:11:00'),
(644,'C0557','Strawberry','Color','',1,'2019-10-22 20:11:00'),
(645,'C0558','Stripe - Neutral (True Whte)','Color','',1,'2019-10-23 20:11:00'),
(646,'C0559','Subtle Pink','Color','',1,'2019-10-24 20:11:00'),
(647,'C0560','Sugar Coral','Color','',1,'2019-10-25 20:11:00'),
(648,'C0561','Summer Sky','Color','',1,'2019-10-26 20:11:00'),
(649,'C0562','Summer Sky Blue','Color','',1,'2019-10-27 20:11:00'),
(650,'C0563','Sunset Blush','Color','',1,'2019-10-28 20:11:00'),
(651,'C0564','Suntan','Color','',1,'2019-10-29 20:11:00'),
(652,'C0565','Surf Blue','Color','',1,'2019-10-30 20:11:00'),
(653,'C0566','Surf Spray','Color','',1,'2019-10-31 20:11:00'),
(654,'C0567','Surf The Web','Color','',1,'2019-11-01 20:11:00'),
(655,'C0568','Swan','Color','',1,'2019-11-02 20:11:00'),
(656,'C0569','Sweet Cantaloupe','Color','',1,'2019-11-03 19:11:00'),
(657,'C0570','Sweet Lavender','Color','',1,'2019-11-04 19:11:00'),
(658,'C0571','Sweet Lilac','Color','',1,'2019-11-05 19:11:00'),
(659,'C0572','Sweet Meadow','Color','',1,'2019-11-06 19:11:00'),
(660,'C0573','Sweet Moss','Color','',1,'2019-11-07 19:11:00'),
(661,'C0574','Sweetwater Blue','Color','',1,'2019-11-08 19:11:00'),
(662,'C0575','Tango Red','Color','',1,'2019-11-09 19:11:00'),
(663,'C0576','Tartan Green','Color','',1,'2019-11-10 19:11:00'),
(664,'C0577','Taupe Navy','Color','',1,'2019-11-11 19:11:00'),
(665,'C0578','Tawny','Color','',1,'2019-11-12 19:11:00'),
(666,'C0579','Tawny / White','Color','',1,'2019-11-13 19:11:00'),
(667,'C0580','Teal Drop','Color','',1,'2019-11-14 19:11:00'),
(668,'C0581','Tempest','Color','',1,'2019-11-15 19:11:00'),
(669,'C0582','Tempest - Ivory','Color','',1,'2019-11-16 19:11:00'),
(670,'C0583','Tibetan Red','Color','',1,'2019-11-17 19:11:00'),
(671,'C0584','Tomato','Color','',1,'2019-11-18 19:11:00'),
(672,'C0585','Torch Pink','Color','',1,'2019-11-19 19:11:00'),
(673,'C0586','Tropical Send','Color','',1,'2019-11-20 19:11:00'),
(674,'C0587','Tropical Turquoise','Color','',1,'2019-11-21 19:11:00'),
(675,'C0588','True White','Color','',1,'2019-11-22 19:11:00'),
(676,'C0589','True White - Atlas New','Color','',1,'2019-11-23 19:11:00'),
(677,'C0590','True White - Cobalt','Color','',1,'2019-11-24 19:11:00'),
(678,'C0591','True White - Fantango Pink','Color','',1,'2019-11-25 19:11:00'),
(679,'C0592','True White - Golden Red','Color','',1,'2019-11-26 19:11:00'),
(680,'C0593','True White - Ink','Color','',1,'2019-11-27 19:11:00'),
(681,'C0594','True White - Op Royal Blue','Color','',1,'2019-11-28 19:11:00'),
(682,'C0595','True White - Roma','Color','',1,'2019-11-29 19:11:00'),
(683,'C0596','True White - Ultra Violet','Color','',1,'2019-11-30 19:11:00'),
(684,'C0597','True White - Vibrant Green','Color','',1,'2019-12-01 19:11:00'),
(685,'C0598','True White - Vibrant Violet','Color','',1,'2019-12-02 19:11:00'),
(686,'C0599','True White - Vibrant Yellow','Color','',1,'2019-12-03 19:11:00'),
(687,'C0600','True White (Celestial Blue)','Color','',1,'2019-12-04 19:11:00'),
(688,'C0601','True White (Miami Pink)','Color','',1,'2019-12-05 19:11:00'),
(689,'C0602','True White (Peachy Sorbet)','Color','',1,'2019-12-06 19:11:00'),
(690,'C0603','True White -Fandango','Color','',1,'2019-12-07 19:11:00'),
(691,'C0604','Turquoise','Color','',1,'2019-12-08 19:11:00'),
(692,'C0605','Tuscan Olive','Color','',1,'2019-12-09 19:11:00'),
(693,'C0606','Twilight Blue','Color','',1,'2019-12-10 19:11:00'),
(694,'C0607','Twilight Fog','Color','',1,'2019-12-11 19:11:00'),
(695,'C0608','Ultra Pink','Color','',1,'2019-12-12 19:11:00'),
(696,'C0609','Ultra Violet','Color','',1,'2019-12-13 19:11:00'),
(697,'C0610','Vapor','Color','',1,'2019-12-14 19:11:00'),
(698,'C0611','Venetian Green','Color','',1,'2019-12-15 19:11:00'),
(699,'C0612','Very Berry','Color','',1,'2019-12-16 19:11:00'),
(700,'C0613','Vetiver','Color','',1,'2019-12-17 19:11:00'),
(701,'C0614','Vibrant Fuschia','Color','',1,'2019-12-18 19:11:00'),
(702,'C0615','Vibrant Yellow','Color','',1,'2019-12-19 19:11:00'),
(703,'C0616','Vice Berry','Color','',1,'2019-12-20 19:11:00'),
(704,'C0617','Viena Turquoise','Color','',1,'2019-12-21 19:11:00'),
(705,'C0618','Viena Turquoise - Black','Color','',1,'2019-12-22 19:11:00'),
(706,'C0619','Vintage Indigo','Color','',1,'2019-12-23 19:11:00'),
(707,'C0620','Vintage Rose','Color','',1,'2019-12-24 19:11:00'),
(708,'C0621','Vivid Green','Color','',1,'2019-12-25 19:11:00'),
(709,'C0622','Vivid Waterfall','Color','',1,'2019-12-26 19:11:00'),
(710,'C0623','Vivid Yellow','Color','',1,'2019-12-27 19:11:00'),
(711,'C0624','Warm Apricot','Color','',1,'2019-12-28 19:11:00'),
(712,'C0625','Warm Aqua','Color','',1,'2019-12-29 19:11:00'),
(713,'C0626','Warm Black','Color','',1,'2019-12-30 19:11:00'),
(714,'C0628','Warm Canary','Color','',1,'2019-12-31 19:11:00'),
(715,'C0629','Warm Cedar','Color','',1,'2020-01-01 19:11:00'),
(716,'C0630','Warm Stone','Color','',1,'2020-01-02 19:11:00'),
(717,'C0631','Waterfall','Color','',1,'2020-01-03 19:11:00'),
(718,'C0632','Whisper White','Color','',1,'2020-01-04 19:11:00'),
(719,'C0633','White','Color','',1,'2020-01-05 19:11:00'),
(720,'C0634','White - Black','Color','',1,'2020-01-06 19:11:00'),
(721,'C0635','White - C. New Oatmeal','Color','',1,'2020-01-07 19:11:00'),
(722,'C0636','White - C. Oatmeal','Color','',1,'2020-01-08 19:11:00'),
(723,'C0637','White - Honey Blush','Color','',1,'2020-01-09 19:11:00'),
(724,'C0638','White - Persimmon','Color','',1,'2020-01-10 19:11:00'),
(725,'C0639','White - Pink','Color','',1,'2020-01-11 19:11:00'),
(726,'C0640','White - Wren Grey','Color','',1,'2020-01-12 19:11:00'),
(727,'C0641','White / Berry','Color','',1,'2020-01-13 19:11:00'),
(728,'C0642','White / Mahogany Rose','Color','',1,'2020-01-14 19:11:00'),
(729,'C0643','White / Wren Grey','Color','',1,'2020-01-15 19:11:00'),
(730,'C0644','White Persimmon','Color','',1,'2020-01-16 19:11:00'),
(731,'C0645','White Pink','Color','',1,'2020-01-17 19:11:00'),
(732,'C0646','Wild Egg Plant','Color','',1,'2020-01-18 19:11:00'),
(733,'C0647','Wild Forest','Color','',1,'2020-01-19 19:11:00'),
(734,'C0648','Wild Ginger','Color','',1,'2020-01-20 19:11:00'),
(735,'C0649','Wild Orchid','Color','',1,'2020-01-21 19:11:00'),
(736,'C0650','Windsor Blue','Color','',1,'2020-01-22 19:11:00'),
(737,'C0651','Winter Pear','Color','',1,'2020-01-23 19:11:00'),
(738,'C0652','Wren Grey','Color','',1,'2020-01-24 19:11:00'),
(739,'C0653','Yellow / True White','Color','',1,'2020-01-25 19:11:00'),
(740,'C0654','Zen Blue','Color','',1,'2020-01-26 19:11:00'),
(741,'C0655','Zinc','Color','',1,'2020-01-27 19:11:00'),
(742,'P','PCS','Unit','',1,'2018-05-03 19:59:42'),
(743,'XXXS','XXXS','Size','',1,'2018-05-03 20:21:58'),
(744,'M','M','Size','',1,'2018-05-03 20:22:14'),
(745,'XL','XL','Size','',1,'2018-05-03 20:22:20'),
(746,'XXL','XXL','Size','',1,'2018-05-03 20:22:26'),
(747,'2X','2X','Size','',1,'2018-05-03 20:22:31'),
(748,'3X','3X','Size','',1,'2018-05-03 20:22:36'),
(749,'M-T','M-T','Size','',1,'2018-05-03 20:22:44'),
(750,'L-T','L-T','Size','',1,'2018-05-03 20:22:51'),
(751,'XL-T','XL-T','Size','',1,'2018-05-03 20:22:57'),
(752,'XXL-T','XXL-T','Size','',1,'2018-05-03 20:23:03'),
(753,'1X','1X','Size','',1,'2018-05-03 20:23:11'),
(754,'6XL','6XL','Size','',1,'2018-05-03 20:23:40'),
(755,'2','2','Size','',1,'2018-05-03 20:23:50'),
(756,'3','3','Size','',1,'2018-05-03 20:23:53'),
(757,'4-5','4-5','Size','',1,'2018-05-03 20:24:00'),
(758,'6-7','6-7','Size','',1,'2018-05-03 20:24:06'),
(759,'8','8','Size','',1,'2018-05-03 20:24:10'),
(760,'10','10','Size','',1,'2018-05-03 20:24:15'),
(761,'12','12','Size','',1,'2018-05-03 20:24:19'),
(762,'14','14','Size','',1,'2018-05-03 20:24:23'),
(763,'16','16','Size','',1,'2018-05-03 20:24:27'),
(764,'3','POCKET','Fabric Type','',1,'2018-05-03 20:25:45'),
(765,'4','NECK TAPE','Fabric Type','',1,'2018-05-03 20:26:03'),
(766,'5','CINTA','Fabric Type','',1,'2018-05-03 20:26:09'),
(767,'6','SLEEVE','Fabric Type','',1,'2018-05-03 20:26:14'),
(768,'C0656','Navy Stripe W/White','Color','',1,'2018-05-05 13:19:57'),
(769,'C0657','Hthr Navy','Color','',1,'2018-05-05 16:22:31'),
(770,'T1','TEX 24','Textura','',1,'2018-05-06 12:35:57'),
(771,'T2','TEX 18','Textura','',1,'2018-05-06 12:36:09'),
(772,'0','0','Size','',1,'2018-05-12 12:17:22'),
(773,'1','1','Size','',1,'2018-05-12 12:17:44'),
(774,'T3','TEX 30','Textura','',1,'2018-05-12 13:42:40'),
(775,'T4','TEX 40','Textura','',1,'2018-05-12 13:42:58'),
(776,'T5','ALGODON','Textura','',1,'2018-05-12 13:44:09'),
(777,'CORSICAN BLUE','CORSICAN BLUE','Color','Auto Add',1,'2018-05-17 13:52:57'),
(778,'VIBRANT PINK','VIBRANT PINK','Color','Auto Add',1,'2018-05-17 13:52:58'),
(779,'PITCH BLACK ','PITCH BLACK ','Color','Auto Add',1,'2018-05-17 13:52:58'),
(780,'GREEN CAMO','GREEN CAMO','Color','Auto Add',1,'2018-05-17 13:52:59'),
(781,'PINK LEMONADE','PINK LEMONADE','Color','Auto Add',1,'2018-05-17 13:52:59'),
(782,'Ivory / Pale Snow Heather','Ivory / Pale Snow Heather','Color','Auto Add',1,'2018-05-17 13:52:59'),
(783,'DEEP MOSS','DEEP MOSS','Color','Auto Add',1,'2018-05-17 13:53:02'),
(784,'New Color','New Color','Color','Auto Add',1,'2018-05-17 17:44:27'),
(785,'Navy New','Navy New','Color','Auto Add',1,'2018-05-17 18:10:42'),
(786,'XS (2)','XS (2)','Size','',1,'2018-05-17 19:28:29'),
(787,'S (3)','S (3)','Size','',1,'2018-05-17 19:28:48'),
(788,'M (4-5)','M (4-5)','Size','',1,'2018-05-17 19:29:05'),
(789,'L (6-7)','L (6-7)','Size','',1,'2018-05-17 19:29:24'),
(790,'XL (8)','XL (8)','Size','',1,'2018-05-17 19:29:43'),
(791,'XXL (10)','XXL (10)','Size','',1,'2018-05-17 19:30:00'),
(792,'XXXL (12)','XXXL (12)','Size','',1,'2018-05-17 19:30:13'),
(793,'XXXXL (14)','XXXXL (14)','Size','',1,'2018-05-17 19:30:41'),
(794,'XXXXXL (16)','XXXXXL (16)','Size','',1,'2018-05-17 19:30:58'),
(795,'NAVY','NAVY','Color','Auto Add',1,'2018-05-17 19:40:31'),
(796,'SHALE BLUE','SHALE BLUE','Color','Auto Add',1,'2018-05-17 19:40:31'),
(797,'OLIVE SAND','OLIVE SAND','Color','Auto Add',1,'2018-05-17 19:40:31'),
(798,'DARK EVENING','DARK EVENING','Color','Auto Add',1,'2018-05-17 19:47:13'),
(799,'WHITE','WHITE','Color','Auto Add',1,'2018-05-17 19:47:13'),
(800,'HEATHER GREY','HEATHER GREY','Color','Auto Add',1,'2018-05-17 19:47:13'),
(801,'FADED BLACK','FADED BLACK','Color','Auto Add',1,'2018-05-17 19:47:13'),
(802,'DUSTY BARN','DUSTY BARN','Color','Auto Add',1,'2018-05-17 19:47:13'),
(803,'DARK TWILIGHT','DARK TWILIGHT','Color','Auto Add',1,'2018-05-17 19:47:13'),
(804,'VISTA BLUE','VISTA BLUE','Color','Auto Add',1,'2018-05-17 19:47:13'),
(805,'SEACREST','SEACREST','Color','Auto Add',1,'2018-05-17 19:47:13'),
(806,'DEEP NAVY','DEEP NAVY','Color','Auto Add',1,'2018-05-17 19:47:13'),
(807,'NOUVEAU SLATE','NOUVEAU SLATE','Color','Auto Add',1,'2018-05-18 00:44:17'),
(808,'DAIQUIRI','DAIQUIRI','Color','Auto Add',1,'2018-05-18 00:44:17'),
(809,'CLASSIC SKY','CLASSIC SKY','Color','Auto Add',1,'2018-05-17 23:35:28'),
(810,'DUSTY KHAKI','DUSTY KHAKI','Color','Auto Add',1,'2018-05-17 23:38:13'),
(811,'WARM BLACK','WARM BLACK','Color','Auto Add',1,'2018-05-17 23:38:13'),
(812,'HTHR NAVY','HTHR NAVY','Color','Auto Add',1,'2018-05-17 23:38:13'),
(813,'BLACK','BLACK','Color','Auto Add',1,'2018-05-18 00:21:10'),
(814,'HTHR GREY','HTHR GREY','Color','Auto Add',1,'2018-05-18 00:21:10'),
(815,'PINK','PINK','Color','Auto Add',1,'2018-05-18 00:21:10'),
(816,'DEEP TWILIGHT','DEEP TWILIGHT','Color','Auto Add',1,'2018-05-18 00:21:10'),
(817,'LODEN GREEN','LODEN GREEN','Color','Auto Add',1,'2018-05-18 00:21:10'),
(818,'BRICK RED','BRICK RED','Color','Auto Add',1,'2018-05-18 00:27:44'),
(819,'WARM AQUA','WARM AQUA','Color','Auto Add',1,'2018-05-18 00:27:44'),
(820,'VINTAGE ROSE','VINTAGE ROSE','Color','Auto Add',1,'2018-05-18 00:27:44'),
(821,'RICH GOLD','RICH GOLD','Color','Auto Add',1,'2018-05-18 00:27:44'),
(822,'CHARCOAL HEATHER GREY','CHARCOAL HEATHER GREY','Color','Auto Add',1,'2018-05-18 00:41:50'),
(823,'PALE SNOW HEATHER','PALE SNOW HEATHER','Color','Auto Add',1,'2018-05-18 00:41:50'),
(824,'DEEP GROVE','DEEP GROVE','Color','Auto Add',1,'2018-05-18 02:15:48'),
(825,'STEEL HEATHER GREY','STEEL HEATHER GREY','Color','Auto Add',1,'2018-05-18 02:23:26'),
(826,'LUCKY BLACK','LUCKY BLACK','Color','Auto Add',1,'2018-05-19 06:43:16'),
(827,'FADED LAVENDER','FADED LAVENDER','Color','Auto Add',1,'2018-05-19 07:55:02'),
(828,'CRIMSON MAPLE','CRIMSON MAPLE','Color','Auto Add',1,'2018-05-19 07:55:02'),
(829,'WARM CEDAR','WARM CEDAR','Color','Auto Add',1,'2018-05-19 07:55:02'),
(830,'SEACOAST BLUE','SEACOAST BLUE','Color','Auto Add',1,'2018-05-19 07:55:02');

/*Table structure for table `printout` */

DROP TABLE IF EXISTS `printout`;

CREATE TABLE `printout` (
  `id` int(10) NOT NULL AUTO_INCREMENT,
  `orderid` int(10) DEFAULT NULL,
  `po` int(10) DEFAULT NULL,
  `color` varchar(30) DEFAULT NULL,
  `printdate` varchar(30) DEFAULT NULL,
  `invoice` varchar(30) DEFAULT NULL,
  `size1` varchar(30) DEFAULT NULL,
  `size2` varchar(30) DEFAULT NULL,
  `size3` varchar(30) DEFAULT NULL,
  `size4` varchar(30) DEFAULT NULL,
  `size5` varchar(30) DEFAULT NULL,
  `size6` varchar(30) DEFAULT NULL,
  `size7` varchar(30) DEFAULT NULL,
  `size8` varchar(30) DEFAULT NULL,
  `size9` varchar(30) DEFAULT NULL,
  `size10` varchar(30) DEFAULT NULL,
  PRIMARY KEY (`id`)
) ENGINE=InnoDB AUTO_INCREMENT=8 DEFAULT CHARSET=utf8;

/*Data for the table `printout` */

insert  into `printout`(`id`,`orderid`,`po`,`color`,`printdate`,`invoice`,`size1`,`size2`,`size3`,`size4`,`size5`,`size6`,`size7`,`size8`,`size9`,`size10`) values 
(6,17,75,'C0405','2018-05-14','16606','','52','14','90','184','44','','','',''),
(7,17,75,'C0405','2018-05-14','16611','','36','323','425','340','85','','','','');

/*Table structure for table `printreturn` */

DROP TABLE IF EXISTS `printreturn`;

CREATE TABLE `printreturn` (
  `id` int(10) NOT NULL AUTO_INCREMENT,
  `orderid` int(10) DEFAULT NULL,
  `po` int(10) DEFAULT NULL,
  `color` varchar(30) DEFAULT NULL,
  `printdate` varchar(30) DEFAULT NULL,
  `invoice` varchar(30) DEFAULT NULL,
  `size1` varchar(30) DEFAULT NULL,
  `size2` varchar(30) DEFAULT NULL,
  `size3` varchar(30) DEFAULT NULL,
  `size4` varchar(30) DEFAULT NULL,
  `size5` varchar(30) DEFAULT NULL,
  `size6` varchar(30) DEFAULT NULL,
  `size7` varchar(30) DEFAULT NULL,
  `size8` varchar(30) DEFAULT NULL,
  `size9` varchar(30) DEFAULT NULL,
  `size10` varchar(30) DEFAULT NULL,
  PRIMARY KEY (`id`)
) ENGINE=InnoDB DEFAULT CHARSET=utf8;

/*Data for the table `printreturn` */

/*Table structure for table `productmaterialgroup` */

DROP TABLE IF EXISTS `productmaterialgroup`;

CREATE TABLE `productmaterialgroup` (
  `id` int(10) NOT NULL AUTO_INCREMENT,
  `code` varchar(30) NOT NULL,
  `name` varchar(30) DEFAULT NULL,
  `customer` int(10) DEFAULT NULL,
  `productmaterial1` int(10) DEFAULT NULL,
  `productmaterial2` int(10) DEFAULT NULL,
  `productmaterial3` int(10) DEFAULT NULL,
  `productmaterial4` int(10) DEFAULT NULL,
  `productmaterial5` int(10) DEFAULT NULL,
  `productmaterial6` int(10) DEFAULT NULL,
  `productmaterial7` int(10) DEFAULT NULL,
  `productmaterial8` int(10) DEFAULT NULL,
  `productmaterial9` int(10) DEFAULT NULL,
  `productmaterial10` int(10) DEFAULT NULL,
  `status` smallint(1) DEFAULT '1',
  `created_at` timestamp NOT NULL DEFAULT CURRENT_TIMESTAMP,
  PRIMARY KEY (`id`)
) ENGINE=InnoDB AUTO_INCREMENT=10 DEFAULT CHARSET=utf8;

/*Data for the table `productmaterialgroup` */

insert  into `productmaterialgroup`(`id`,`code`,`name`,`customer`,`productmaterial1`,`productmaterial2`,`productmaterial3`,`productmaterial4`,`productmaterial5`,`productmaterial6`,`productmaterial7`,`productmaterial8`,`productmaterial9`,`productmaterial10`,`status`,`created_at`) values 
(7,'normal','normal',23,25,26,27,28,29,30,31,-1,-1,-1,1,'2018-05-05 11:48:08'),
(8,'normal','normal',25,25,26,29,30,27,40,-1,-1,-1,-1,1,'2018-05-05 15:32:27'),
(9,'normal','normal',24,25,26,29,29,28,40,27,-1,-1,-1,1,'2018-05-15 08:17:17');

/*Table structure for table `resettoken` */

DROP TABLE IF EXISTS `resettoken`;

CREATE TABLE `resettoken` (
  `id` int(10) NOT NULL AUTO_INCREMENT,
  `userid` varchar(300) DEFAULT NULL,
  `token` varchar(300) DEFAULT NULL,
  PRIMARY KEY (`id`)
) ENGINE=InnoDB AUTO_INCREMENT=2 DEFAULT CHARSET=utf8;

/*Data for the table `resettoken` */

insert  into `resettoken`(`id`,`userid`,`token`) values 
(1,'fd204bff-2320-4791-b07f-acda538d88f2','$2a$08$2bKxMcJ.SX9v9Zt8zy6UNuHvAjS8HcRGJjXPcjlLWASVQyKfjjKmu');

/*Table structure for table `sewdaily` */

DROP TABLE IF EXISTS `sewdaily`;

CREATE TABLE `sewdaily` (
  `id` int(10) NOT NULL AUTO_INCREMENT,
  `po` int(10) DEFAULT NULL,
  `line` int(10) DEFAULT NULL,
  `size` int(10) DEFAULT NULL,
  `date` varchar(30) DEFAULT NULL,
  `invoice` varchar(30) DEFAULT NULL,
  `letra` varchar(30) DEFAULT NULL,
  `primeras` varchar(30) DEFAULT NULL,
  `seg` varchar(30) DEFAULT NULL,
  `conf` varchar(30) DEFAULT NULL,
  PRIMARY KEY (`id`)
) ENGINE=InnoDB AUTO_INCREMENT=47 DEFAULT CHARSET=utf8;

/*Data for the table `sewdaily` */

insert  into `sewdaily`(`id`,`po`,`line`,`size`,`date`,`invoice`,`letra`,`primeras`,`seg`,`conf`) values 
(11,257,13,64,'2018-05-12','31321','D','1','','2'),
(12,257,13,65,'2018-05-12','31321','D','3','','2'),
(13,257,13,744,'2018-05-12','31321','D','','','2'),
(14,257,13,66,'2018-05-12','31321','D','','','6'),
(16,257,13,746,'2018-05-12','31123','A','6','',''),
(17,257,13,64,'2018-05-12','31321','C','123','',''),
(18,257,13,64,'2018-05-13','1','D','1','','2'),
(26,257,13,64,'2018-05-18','1','D','1','','2'),
(27,257,13,65,'2018-05-18','2','D','3','','2'),
(28,257,13,744,'2018-05-18','1','D','','','2'),
(29,257,13,66,'2018-05-18','2','D','','','6'),
(30,257,13,745,'2018-05-18','2','D','','','2'),
(31,257,13,746,'2018-05-18','2','A','6','',''),
(32,257,13,64,'2018-05-18','2','C','123','',''),
(33,770,4,744,'2018-05-17','32138','M','216','',''),
(35,770,4,65,'2018-05-17','32131','L','90','',''),
(36,770,4,744,'2018-05-17','32131','L','360','',''),
(37,770,4,66,'2018-05-17','32131','L','190','',''),
(38,770,4,65,'2018-05-17','32138','M','67','',''),
(39,770,4,65,'2018-05-17','32098','K','1','',''),
(40,770,4,744,'2018-05-17','32098','K','23','',''),
(41,770,4,66,'2018-05-17','32098','K','452','',''),
(42,770,4,745,'2018-05-17','32098','K','101','',''),
(43,770,4,66,'2018-05-17','32092','J','251','',''),
(44,770,4,745,'2018-05-17','32092','L','102','',''),
(45,770,4,745,'2018-05-17','32025','I','100','',''),
(46,770,4,745,'2018-05-17','31966','H','6','','');

/*Table structure for table `sewhourly` */

DROP TABLE IF EXISTS `sewhourly`;

CREATE TABLE `sewhourly` (
  `id` int(10) NOT NULL AUTO_INCREMENT,
  `line` int(10) DEFAULT NULL,
  `buyer` int(10) DEFAULT NULL,
  `orderid` int(10) DEFAULT NULL,
  `date` varchar(30) DEFAULT NULL,
  `qty` varchar(10) DEFAULT NULL,
  `n1` varchar(10) DEFAULT NULL,
  `n2` varchar(10) DEFAULT NULL,
  `n3` varchar(10) DEFAULT NULL,
  `n4` varchar(10) DEFAULT NULL,
  `n5` varchar(10) DEFAULT NULL,
  `n6` varchar(10) DEFAULT NULL,
  `n7` varchar(10) DEFAULT NULL,
  `n8` varchar(10) DEFAULT NULL,
  `n9` varchar(10) DEFAULT NULL,
  `n10` varchar(10) DEFAULT NULL,
  `n11` varchar(10) DEFAULT NULL,
  `n12` varchar(10) DEFAULT NULL,
  PRIMARY KEY (`id`)
) ENGINE=InnoDB AUTO_INCREMENT=92 DEFAULT CHARSET=utf8;

/*Data for the table `sewhourly` */

insert  into `sewhourly`(`id`,`line`,`buyer`,`orderid`,`date`,`qty`,`n1`,`n2`,`n3`,`n4`,`n5`,`n6`,`n7`,`n8`,`n9`,`n10`,`n11`,`n12`) values 
(1,6,23,8,'2018-05-04','2727','120','105','155','285','210','','30','','','45','',''),
(2,4,24,8,'2018-05-04','2500','230','160','230','205','150','','145','240','225','180','',''),
(3,6,23,8,'2018-05-04','2727','120','105','155','285','210','','30','','','45','',''),
(6,6,23,8,'2018-05-04','2727','120','105','155','285','210','','30','','','45','',''),
(7,4,23,8,'2018-05-04','1111','','','','','','','','','','','',''),
(9,16,23,8,'2018-05-04','2000','110','110','150','155','180','','200','180','170','200','',''),
(10,14,23,9,'2018-05-04','2000','120','120','135','150','135','','130','140','140','140','',''),
(12,4,23,16,'2018-05-14','2500','300','300','300','210','160','','245','215','200','140','191',''),
(13,6,23,16,'2018-05-14','2727','140','220','185','160','295','','230','230','240','170','184',''),
(14,7,25,9,'2018-05-14','2000','180','110','110','120','120','','135','100','120','140','245',''),
(15,8,24,9,'2018-05-14','2000','145','180','160','150','140','','180','95','','15','47',''),
(16,9,23,8,'2018-05-14','1800','155','190','180','170','120','','190','130','120','65','133',''),
(17,10,23,8,'2018-05-14','2727','230','285','270','225','160','','220','230','320','230','281',''),
(18,11,23,8,'2018-05-13','1800','145','160','105','140','145','190','','','','','',''),
(19,11,23,8,'2018-05-14','1800','145','160','105','140','145','','190','200','225','170','148',''),
(20,12,24,23,'2018-05-14','1500','120','80','90','125','120','','135','130','100','130','99',''),
(21,13,24,32,'2018-05-14','1400','35','120','90','105','120','','95','135','105','120','80',''),
(22,14,25,12,'2018-05-14','2000','180','125','115','125','80','','15','25','55','55','94',''),
(23,15,23,17,'2018-05-14','2000','130','150','150','140','115','','210','180','190','180','257',''),
(24,16,23,17,'2018-05-14','2000','140','190','200','210','200','','200','200','200','200','395',''),
(25,17,24,17,'2018-05-14','2000','70','100','120','230','190','','240','160','215','160','180',''),
(26,4,23,16,'2018-05-15','2500','200','210','200','180','165','','195','170','145','210','200',''),
(27,6,24,16,'2018-05-15','2000','200','185','45','35','30','','30','40','35','80','65',''),
(28,7,25,9,'2018-05-15','2000','110','120','110','110','145','','100','150','80','130','255',''),
(29,8,44,9,'2018-05-15','2000','80','75','70','50','70','','85','55','80','105','95',''),
(30,9,23,8,'2018-05-15','1800','150','100','120','90','100','','165','105','125','120','175',''),
(31,10,23,8,'2018-05-15','2727','230','300','285','300','300','','235','215','240','225','260',''),
(32,11,23,8,'2018-05-15','1800','180','190','130','180','150','','160','180','190','190','155',''),
(33,12,24,23,'2018-05-15','1500','100','120','135','95','150','','70','150','120','160','115',''),
(34,13,24,32,'2018-05-15','1400','90','115','70','90','110','','120','105','115','105','100',''),
(35,14,24,31,'2018-05-15','1500','70','95','105','110','125','','115','125','130','105','85',''),
(36,15,23,17,'2018-05-15','2000','150','120','200','180','180','','200','150','230','155','175',''),
(37,16,23,38,'2018-05-15','2000','180','200','200','200','200','','200','145','','20','65',''),
(38,17,24,38,'2018-05-15','2000','135','190','205','170','150','','190','180','120','55','35',''),
(39,5,23,16,'2018-05-16','2750','200','210','235','225','200','','210','220','180','195','165','173'),
(40,6,23,16,'2018-05-16','2000','40','','','5','20','','80','90','75','70','40','80'),
(41,7,24,22,'2018-05-16','2000','155','180','195','185','235','','215','205','150','200','210','102'),
(42,8,44,22,'2018-05-16','2200','85','110','80','60','140','','155','125','100','125','180','194'),
(43,9,23,8,'2018-05-16','1900','135','145','130','120','115','','125','110','125','125','150','148'),
(44,10,23,8,'2018-05-16','3000','80','230','235','250','160','','220','270','230','160','124',''),
(45,11,23,8,'2018-05-16','1900','170','200','190','180','175','','200','180','130','155','115','160'),
(46,12,24,23,'2018-05-16','1650','105','140','115','120','100','','110','80','110','95','120','95'),
(47,13,24,32,'2018-05-16','1400','120','110','115','105','160','','','','','','','21'),
(48,14,24,31,'2018-05-16','1650','130','95','100','95','115','','130','165','130','135','125','100'),
(49,15,23,17,'2018-05-16','2200','165','180','160','190','200','','170','155','210','170','190','213'),
(50,16,23,17,'2018-05-16','2200','190','180','195','155','170','','190','180','150','180','190','162'),
(51,17,23,17,'2018-05-16','2200','65','40','110','90','135','','165','155','140','155','35',''),
(52,5,23,16,'2018-05-17','2750','280','210','210','135','240','','175','180','65','105','180','179'),
(53,6,23,16,'2018-05-17','2750','60','65','45','55','75','','75','80','70','60','65','75'),
(54,7,24,22,'2018-05-17','2200','165','220','160','155','165','','170','140','130','110','140','54'),
(55,8,44,22,'2018-05-17','2200','220','200','205','200','195','','200','120','75','95','150','128'),
(56,9,23,8,'2018-05-17','1900','160','155','95','150','135','','130','110','130','165','150','148'),
(57,10,23,14,'2018-05-17','3000','90','90','140','160','140','','120','160','130','120','120','105'),
(58,11,23,8,'2018-05-17','1900','110','125','135','145','135','','165','155','155','140','150','147'),
(59,12,24,23,'2018-05-17','1650','100','75','130','120','140','','120','110','100','115','125','115'),
(60,13,24,25,'2018-05-17','1100','50','80','90','60','95','','130','120','75','70','60',''),
(61,14,24,25,'2018-05-17','1650','105','130','115','115','100','','110','115','125','135','135','104'),
(62,15,23,17,'2018-05-17','2200','150','150','150','170','175','','200','130','180','170','170','173'),
(63,16,23,17,'2018-05-17','2200','140','120','160','200','170','','200','190','170','190','200','145'),
(64,17,23,17,'2018-05-17','2400','110','175','215','145','175','','160','165','160','135','185','128'),
(65,5,23,16,'2018-05-18','2500','200','210','230','220','185','','205','215','70','','43',''),
(66,6,23,16,'2018-05-18','1820','75','60','80','100','80','','100','100','115','95','107',''),
(67,7,24,22,'2018-05-18','2000','60','60','80','110','105','','30','80','70','115','96',''),
(68,8,25,8,'2018-05-18','2000','185','155','160','145','170','','195','140','175','185','187',''),
(69,9,23,8,'2018-05-18','1727','125','140','155','125','105','','130','130','145','120','164',''),
(70,10,23,8,'2018-05-18','2727','120','120','140','180','180','','140','160','120','210','190',''),
(71,11,23,8,'2018-05-18','1727','140','155','165','165','150','','125','130','145','160','97',''),
(72,12,24,23,'2018-05-18','1500','115','90','75','100','92','','130','100','100','150','165',''),
(73,13,24,25,'2018-05-18','1000','90','80','75','55','65','','60','80','100','95','65',''),
(74,14,24,17,'2018-05-18','1500','100','110','120','130','150','','150','155','145','135','126',''),
(75,15,23,17,'2018-05-18','2000','170','155','195','170','180','','180','180','175','110','156',''),
(76,16,23,17,'2018-05-18','2000','150','165','180','190','160','','190','200','185','170','146',''),
(77,17,23,49,'2018-05-18','2182','125','215','220','165','130','','160','155','220','270','236',''),
(78,8,25,55,'2018-05-19','1400','225','265','280','260','','','','','','','',''),
(79,5,44,19,'2018-05-21','2200','60','75','105','140','170','','130','80','85','135','165',''),
(80,6,23,19,'2018-05-21','2750','180','120','220','260','295','','335','280','280','280','280',''),
(81,7,23,50,'2018-05-21','3000','115','150','180','150','150','','180','210','235','200','210',''),
(82,8,24,26,'2018-05-21','2200','35','130','155','130','150','','180','120','115','120','195',''),
(83,9,23,8,'2018-05-21','1900','115','140','150','165','170','','200','155','190','160','170',''),
(84,10,23,8,'2018-05-21','3000','120','160','220','210','140','','115','150','130','160','160',''),
(85,11,23,8,'2018-05-21','1900','100','120','140','135','165','','160','180','170','170','150',''),
(86,12,24,23,'2018-05-21','1650','60','80','95','75','90','','100','100','100','100','100',''),
(87,13,24,25,'2018-05-21','1100','50','65','80','75','100','','140','95','120','80','125',''),
(88,14,24,52,'2018-05-21','1650','105','145','170','165','145','','155','165','135','140','145',''),
(89,15,23,17,'2018-05-21','2200','95','130','140','170','180','','200','175','150','185','200',''),
(90,16,23,17,'2018-05-21','2200','115','145','125','145','120','','190','200','200','200','200',''),
(91,17,23,49,'2018-05-21','2750','70','125','125','120','135','','160','115','115','135','150','');

/*Table structure for table `sizegroup` */

DROP TABLE IF EXISTS `sizegroup`;

CREATE TABLE `sizegroup` (
  `id` int(10) NOT NULL AUTO_INCREMENT,
  `code` varchar(30) NOT NULL,
  `name` varchar(30) DEFAULT NULL,
  `customer` int(10) DEFAULT NULL,
  `size1` int(10) DEFAULT NULL,
  `size2` int(10) DEFAULT NULL,
  `size3` int(10) DEFAULT NULL,
  `size4` int(10) DEFAULT NULL,
  `size5` int(10) DEFAULT NULL,
  `size6` int(10) DEFAULT NULL,
  `size7` int(10) DEFAULT NULL,
  `size8` int(10) DEFAULT NULL,
  `size9` int(10) DEFAULT NULL,
  `size10` int(10) DEFAULT NULL,
  `status` smallint(1) DEFAULT '1',
  `created_at` timestamp NOT NULL DEFAULT CURRENT_TIMESTAMP,
  PRIMARY KEY (`id`)
) ENGINE=InnoDB AUTO_INCREMENT=36 DEFAULT CHARSET=utf8;

/*Data for the table `sizegroup` */

insert  into `sizegroup`(`id`,`code`,`name`,`customer`,`size1`,`size2`,`size3`,`size4`,`size5`,`size6`,`size7`,`size8`,`size9`,`size10`,`status`,`created_at`) values 
(8,'XXXS-XXL','XXXS-XXL',23,743,63,64,65,744,66,745,746,-1,-1,1,'2018-05-03 21:36:07'),
(9,'e1','Normal',24,64,65,744,66,745,746,-1,-1,-1,-1,1,'2018-05-05 12:50:54'),
(10,'XS-XXL','XS-XXL',25,64,65,744,66,745,746,-1,-1,-1,-1,1,'2018-05-05 12:52:55'),
(11,'1X-3X','1X-3X',25,753,747,748,-1,-1,-1,-1,-1,-1,-1,1,'2018-05-05 13:28:55'),
(12,'XXS-XXL','XXS-XXL',23,63,64,65,744,66,745,746,-1,-1,-1,1,'2018-05-05 13:40:15'),
(13,'XXXS-3X','XXXS-3X',23,743,63,64,65,744,66,745,746,747,748,1,'2018-05-05 13:41:59'),
(14,'Chicos-01','Chicos-01',44,772,773,755,756,-1,-1,-1,-1,-1,-1,1,'2018-05-12 12:19:57'),
(15,'Lucky Brand-01','Lucky Brand-01',25,64,64,744,66,745,-1,-1,-1,-1,-1,1,'2018-05-12 14:00:25'),
(16,'Express-307-01','Express-307-01',24,63,64,65,744,66,745,-1,-1,-1,-1,1,'2018-05-13 04:25:49'),
(17,'Express-302-01','Express-302-01',24,64,65,744,66,745,-1,-1,-1,-1,-1,1,'2018-05-13 04:35:32'),
(18,'Express-306-01','Express-306-01',24,63,64,65,744,66,745,-1,-1,-1,-1,1,'2018-05-13 04:55:04'),
(19,'Express-315-01','Express-315-01',24,63,64,65,744,66,745,-1,-1,-1,-1,1,'2018-05-13 05:14:07'),
(20,'Express-294-01','Express-294-01',24,64,65,744,66,745,-1,-1,-1,-1,-1,1,'2018-05-13 05:40:34'),
(21,'Express-301','Express-301',24,63,64,65,744,66,745,-1,-1,-1,-1,1,'2018-05-13 05:52:29'),
(22,'Express-326','Express-326',24,63,64,65,744,66,745,-1,-1,-1,-1,1,'2018-05-13 06:08:53'),
(23,'Express-265','Express-265',24,64,65,744,66,-1,-1,-1,-1,-1,-1,1,'2018-05-13 06:25:55'),
(24,'Express-316','Express-316',24,63,64,65,744,66,745,-1,-1,-1,-1,1,'2018-05-13 07:32:43'),
(25,'Express-254','Express-254',24,64,65,744,66,745,746,-1,-1,-1,-1,1,'2018-05-13 07:41:35'),
(26,'JCREW-324','JCREW-324',23,743,63,64,65,744,66,745,746,747,748,1,'2018-05-15 00:40:32'),
(27,'JCREW-397-02','JCREW-397-02',23,63,64,65,744,66,745,-1,-1,-1,-1,1,'2018-05-15 07:00:57'),
(28,'XXS-XL','XXS-XL',23,63,64,65,744,66,745,-1,-1,-1,-1,1,'2018-05-16 03:58:12'),
(30,'XXS-XL','XXS-XL',24,63,64,65,744,66,745,-1,-1,-1,-1,1,'2018-05-16 05:00:21'),
(31,'XS-XL','XS-XL',23,64,65,744,66,745,-1,-1,-1,-1,-1,1,'2018-05-16 07:35:12'),
(32,'XS-XL','XS-XL',24,64,65,744,66,745,-1,-1,-1,-1,-1,1,'2018-05-17 18:29:30'),
(33,'XS (2) - XXXXXL (16)','XS (2) - XXXXXL (16)',23,786,787,788,789,790,791,792,793,794,-1,1,'2018-05-17 19:33:30'),
(34,'XS-XXL-T','XS-XXL-T',23,64,65,744,66,745,746,749,750,751,752,1,'2018-05-17 23:30:27'),
(35,'XS-XL','XS-XL',25,64,65,744,66,745,-1,-1,-1,-1,-1,1,'2018-05-19 06:39:09');

/*Table structure for table `submaterial` */

DROP TABLE IF EXISTS `submaterial`;

CREATE TABLE `submaterial` (
  `id` int(10) NOT NULL AUTO_INCREMENT,
  `code` varchar(30) NOT NULL,
  `name` varchar(30) NOT NULL,
  `unit` int(10) DEFAULT NULL,
  `type1` varchar(30) DEFAULT NULL,
  `type2` varchar(30) DEFAULT NULL,
  `status` tinyint(1) NOT NULL DEFAULT '1',
  `created_at` timestamp NOT NULL DEFAULT CURRENT_TIMESTAMP,
  PRIMARY KEY (`id`)
) ENGINE=InnoDB AUTO_INCREMENT=43 DEFAULT CHARSET=utf8;

/*Data for the table `submaterial` */

insert  into `submaterial`(`id`,`code`,`name`,`unit`,`type1`,`type2`,`status`,`created_at`) values 
(25,'1','HILO',-1,'Product Material','',1,'2018-05-03 20:27:16'),
(26,'2','MOBILON',-1,'Product Material','',1,'2018-05-03 20:27:23'),
(27,'3','SIZE LABEL',-1,'Product Material','',1,'2018-05-03 20:27:30'),
(28,'4','HEAT TRANSFER',-1,'Product Material','',1,'2018-05-03 20:27:39'),
(29,'5','ID LABEL',-1,'Product Material','',1,'2018-05-03 20:27:47'),
(30,'6','CARE LABEL',-1,'Product Material','',1,'2018-05-03 20:27:54'),
(31,'7','SPECIAL CARE LABEL',-1,'Product Material','',1,'2018-05-03 20:28:04'),
(32,'8','PRICE TICKET',-1,'Finish Material','',1,'2018-05-03 20:28:31'),
(33,'9','PRICE TICKET RFID',-1,'Finish Material','',1,'2018-05-03 20:28:40'),
(34,'10','PRICE TICKET CANADA',-1,'Finish Material','',1,'2018-05-03 20:28:49'),
(35,'11','HANGTAG',-1,'Finish Material','',1,'2018-05-03 20:28:57'),
(36,'12','POLYBAG STICKER',-1,'Finish Material','',1,'2018-05-03 20:29:14'),
(37,'13','PREPACK STICKER',-1,'Finish Material','',1,'2018-05-03 20:30:24'),
(38,'14','POLYBAG',-1,'Finish Material','',1,'2018-05-03 20:30:37'),
(39,'15','TAGPING',-1,'Finish Material','',1,'2018-05-03 20:31:27'),
(40,'16','MAIN LABEL',742,'Product Material','',1,'2018-05-05 15:31:49'),
(41,'17','PRICE STICKER',742,'Finish Material','',1,'2018-05-05 15:36:02'),
(42,'18','PRICE STICKER CANADA',742,'Finish Material','',1,'2018-05-05 15:36:24');

/*Table structure for table `token` */

DROP TABLE IF EXISTS `token`;

CREATE TABLE `token` (
  `id` int(10) NOT NULL AUTO_INCREMENT,
  `userid` varchar(300) DEFAULT NULL,
  `token` varchar(300) DEFAULT NULL,
  PRIMARY KEY (`id`)
) ENGINE=InnoDB AUTO_INCREMENT=20 DEFAULT CHARSET=utf8;

/*Data for the table `token` */

insert  into `token`(`id`,`userid`,`token`) values 
(1,'92309e1e-808e-4084-b1a1-95c0b5e2ecaa','$2a$08$uEM17cYLSUDshUroN45fSuifyBBXg.W5iGIQBX5nGfkIdgSgWSmwu'),
(2,'c09a9989-ec62-4fef-a3dc-6352f870a1db','$2a$08$wiR/r3QBVi/D6NOLcqiIEOpvSWcH2cEd3yaHn8n9S9LvzOkjugtXe'),
(3,'9c818869-52ad-46c0-8687-ed2f8f90d520','$2a$08$x0kESzw.L/XiD2Wz0nkoE.Y8AZkGgIr9VLlHbrUbZ9uzkaGpisYqm'),
(4,'b18e67ab-dcc8-4cb5-b5da-d34710b87029','$2a$08$O1xyEriTbORyU5IkldS9S.oYfO8.h.7KadHUTU3T/b2cyRxAtgmYi'),
(5,'97372186-101b-4217-90e1-fcc0797ce7d4','$2a$08$tJOf71hFWxRLyGJlhzgqeeLbOmCrLbzD10vINEcHf.xT67eQlhzL6'),
(6,'2e97dd9a-bd3a-4c70-b859-54496405ae79','$2a$08$WOWSKZZP/44clHs19k6gbOL1QBrq0CqM8vfJwdjjLmUKLtmbaPzSy'),
(7,'fd204bff-2320-4791-b07f-acda538d88f2','$2a$08$FjFh4/Ra8f5b1XkCA73PmeFunlOxovuxTiaj1Zp81mW8elLC0ap0m'),
(8,'1dc96d7f-2899-421d-b291-c1c14bae86fb','$2a$08$bXHSVStvyk1zh/fnLD40pejsmRn0Tdex80KgWKXO47DLMaNFLuUUu'),
(9,'8ff70070-a958-4151-98e9-f9c9a0724d0e','$2a$08$ZQ/88t4p17T8Qf0LpP7/De8/HrldKvsKy0MfkscXr1X3YjZ611wFO'),
(10,'6e2d7360-0271-4d36-b492-4dc5301c97a1','$2a$08$jTeCpIbeh4U7nHA/WVOjVO72KuO8Z8FhVlSAWpZwgZpfJHSjKO4pq'),
(11,'3f6361de-680b-4ad1-b54c-a93b2701e10c','$2a$08$KCziNGsdtAEH7kJ5X5BMbeAWB8b1kTTYDuuwvvvAy0mhDoDrvbWhi'),
(12,'cddad211-1ce6-42d8-b76b-dd1446ee3f03','$2a$08$lZ6UegRAz7rwEtopMSpXlORdrO.6oplj1fK9XwDNstXBGoJo38dY6'),
(13,'bd23930f-3a58-4f14-a4b2-fc479b26bda3','$2a$08$ROISS4Siq5igJOcDHTpxGeUSEV6Ip3/AIgl3.tG5ip7OttFTp37Te'),
(14,'ad5324ed-7268-4e32-8752-514767fa26c2','$2a$08$FXbQJWuS0THQg9jQrqJkTOsLwQkgZBlvvoi0axDnpJ/2c4JLhr1IS'),
(15,'223d113f-e225-44ec-b1dc-a5472b59c235','$2a$08$VgMz4uXGHpJL4fHfGZBJzuiLPbvxlcrRNPn1/PI73BIaNZX5Ma1kK'),
(16,'d70341a6-aa9f-451b-bfb4-2c6690a568a2','$2a$08$Jf.5z1lWPsN3eYOfYcOEJ.VJEvwQTVTLHDMpqR9eYQ8n5lBITMCDu'),
(17,'cc5fcb33-9a55-43e5-9eec-3eff51da04d3','$2a$08$WGl9OeKXjEK9My60YEtaweOzXREpgIC75EHraWTxvJTzVOSnEFvrK'),
(18,'17068eac-60dc-4cbf-bef1-68db1377b27a','$2a$08$yEPxMwtY/jZol6tPpr9r7Ow9RaSdnw99MZysDv2kHfeD/IowWtOrS'),
(19,'6ce0627d-a54b-41b2-be7d-0a422a6ba641','$2a$08$a1IJ4uaE8Q491BN5WB/.B.bmZ21bydVzHxHIJGD2GyvC.pLvRpEb2');

/*Table structure for table `users` */

DROP TABLE IF EXISTS `users`;

CREATE TABLE `users` (
  `id` varchar(100) NOT NULL,
  `email` varchar(30) DEFAULT NULL,
  `password` varchar(100) DEFAULT NULL,
  `firstname` varchar(20) DEFAULT NULL,
  `lastname` varchar(20) DEFAULT NULL,
  `factory` int(10) DEFAULT NULL,
  `department` int(10) DEFAULT NULL,
  `line` int(10) DEFAULT NULL,
  `phone` varchar(20) DEFAULT NULL,
  `position` int(10) DEFAULT NULL,
  `type` int(1) DEFAULT '0',
  `status` tinyint(1) DEFAULT '1',
  `active` tinyint(1) DEFAULT '0',
  `create_at` timestamp NULL DEFAULT CURRENT_TIMESTAMP,
  PRIMARY KEY (`id`)
) ENGINE=InnoDB DEFAULT CHARSET=utf8;

/*Data for the table `users` */

insert  into `users`(`id`,`email`,`password`,`firstname`,`lastname`,`factory`,`department`,`line`,`phone`,`position`,`type`,`status`,`active`,`create_at`) values 
('17068eac-60dc-4cbf-bef1-68db1377b27a','jason.woo@intsa.net','$2a$08$rQm3OXM/eqM3Uy0nm.uT9ewzw9udZjnGM2eHkDxNrOn34o8xh4C5W','JUNGTAE','WOO',-1,-1,-1,'3054688051',-1,0,1,0,'2018-05-16 08:14:07'),
('1dc96d7f-2899-421d-b291-c1c14bae86fb','Empaque@intsa.net','$2a$08$827WM12J6PwT8MKF9E6e7eCQ0361Al7pnwjvVLQe3vx7yYFUNep46','Hasucely','Conde',28,42,-1,'121',-1,0,0,0,'2018-05-15 06:33:57'),
('223d113f-e225-44ec-b1dc-a5472b59c235','thlee@intsa.net','$2a$08$ApyVpJ4.Zc1eEeu8OQWL1OBM//qig2LkJzJ1rlCMQtiGl0zETzFsm','TH','Lee',28,36,-1,'1234',-1,0,1,0,'2018-05-15 09:57:30'),
('2e97dd9a-bd3a-4c70-b859-54496405ae79','luisloch89@gmail.com','$2a$08$/WPjVh6ir4MB8NCC0YGCc.X3t/7FQibq6ErBRmy8OcoQsTBZE1X76','Luis','Loch',28,39,-1,'41733266',-1,0,1,0,'2018-05-05 16:57:04'),
('3f6361de-680b-4ad1-b54c-a93b2701e10c','team1b@intsa.net','$2a$08$QP5ltfj.eYmRkwvCc8MhvuiPqbdJ6f8VnkYHppKWJkMFh26fE7ZBm','BETTY','UM',-1,-1,-1,'22002615',-1,0,1,0,'2018-05-15 09:24:33'),
('6ce0627d-a54b-41b2-be7d-0a422a6ba641','edgar.montufar@intsa.net','$2a$08$wQgbaEiQi.SBk8jLIT8YGeGge2ud2QA2vf9tAKkaIk956HBqCUXne','Jhonatan','Montufar',-1,-1,-1,'57644440',-1,0,1,0,'2018-05-16 22:02:37'),
('6e2d7360-0271-4d36-b492-4dc5301c97a1','julices.park@intsa.net','$2a$08$z8waNUl/yDOGPGqqV/kAAOQwrerY3N5.wWVAEQ1fdglrlUwSMP1hy','julices','park',28,36,-1,'49142674',-1,1,1,0,'2018-05-15 07:00:02'),
('8ff70070-a958-4151-98e9-f9c9a0724d0e','yonghee.um@intsa.net','$2a$08$rChZFWhH8SCoTE1AZ/VGVe3iVt.pyheiU7mwF0aja6DyFxYYpHLMS','yonghee','um',28,36,-1,'23330180',-1,1,1,0,'2018-05-15 06:44:33'),
('92309e1e-808e-4084-b1a1-95c0b5e2ecaa','neo.pyon@intsa.net','$2a$08$6bXN/DSO3JFS.x1H0ylcy.Lp17BvqMNTXhVkLjZ5kPWw/6dYTuUPa','neo','pyon',-1,-1,-1,'12345678',-1,1,1,0,'2018-05-03 19:18:02'),
('97372186-101b-4217-90e1-fcc0797ce7d4','accesorio@intsa.net','$2a$08$SGUtANvuQPZAMVSNoCmpNerAZrN4APrM2NnQXVquNAp8/otNG5cem','BELSI','CHAY',28,37,-1,'42581632',-1,0,1,0,'2018-05-03 23:45:02'),
('9c818869-52ad-46c0-8687-ed2f8f90d520','gerencia@intsa.net','$2a$08$sRKXAT5bYemapNpkv6t56.m6yIDvH01O/gQzPAmzoq9xiT201MZ/q','Mayra','Patzan',28,36,-1,'123',-1,0,1,0,'2018-05-03 21:29:32'),
('ad5324ed-7268-4e32-8752-514767fa26c2','michelle.kim@intsa.net','$2a$08$p2aRIhFKG5P8Hv7aRoLo9eh67gQwUKgwDRuZ0f1gfdp3bQMcL67yC','Michelle','Kim',28,36,-1,'1234',-1,0,1,0,'2018-05-15 09:56:24'),
('b18e67ab-dcc8-4cb5-b5da-d34710b87029','produccion@intsa.net','$2a$08$oxMp9yPGabuGkfVj4piu3u873xhbvd9JF5O0cwGmGJqEtBIZwKg2e','carlos','lopreto',28,36,-1,'57475677',-1,0,1,0,'2018-05-03 22:53:13'),
('bd23930f-3a58-4f14-a4b2-fc479b26bda3','timoteo.kim@intsa.net','$2a$08$Owo.fYjMy/V4W9T4dH6TouA7ANoMSDOji0D7sbibA7yW54/b9ubbK','Timoteo','Kim',28,36,-1,'1234',-1,0,1,0,'2018-05-15 09:55:51'),
('c09a9989-ec62-4fef-a3dc-6352f870a1db','bryan.cho@intsa.net','$2a$08$YYigr.3PyOZCOPGbNm6S6uor4cmjHKIsMwdPSmI.8w.IQzMPeCTva','Bryan','Cho',-1,-1,-1,'32320019',-1,1,1,0,'2018-05-03 20:02:56'),
('cc5fcb33-9a55-43e5-9eec-3eff51da04d3','steven.hong@intsa.net','$2a$08$DzmGvMPnzd2YYrlPQjQ0Regbh99ZZ5/qZ6pS3PLHXQMg4IlQUKwAa','Steven','Hong',28,36,-1,'42123762',-1,0,1,0,'2018-05-15 12:02:25'),
('cddad211-1ce6-42d8-b76b-dd1446ee3f03','chris.lee@intsa.net','$2a$08$LL/qA7R.zqAbwzCEHveliuItxlgZ7BDK03HPfHnubSzNRIwDc9hgu','Chris','Lee',28,36,-1,'1234',-1,0,1,0,'2018-05-15 09:54:33'),
('d70341a6-aa9f-451b-bfb4-2c6690a568a2','tom.shin@intsa.net','$2a$08$eTGJtd8y3k.du6zeM2s/su5zAnhIY0LE41roIazL7ACnMuvWFKbxK','TOM','SHIN',28,-1,-1,'30378610',-1,0,1,0,'2018-05-15 10:12:01'),
('de76ff03-1604-4946-b90d-a702bdb6d657','monitor@admin.com','$2a$08$T7HjSrG9LkGoNjly22jvneaI3zLJCOFkCE.Ic1.Ptts9P5XpbDvXm','Sew','Admin',-1,-1,-1,'12345',-1,1,1,0,'2018-04-27 21:47:13'),
('e6d53884-6b01-442f-b363-62058da0c9d4','bravedragon623@yandex.com','$2a$08$2H5CllQNXvnR5FBKiOQiW.fQOZW1BCu2a3Td1GIbF6XuoFMc8kzcu','First','Last',26,34,-1,'12345',68,1,0,0,'2018-04-28 20:49:55'),
('fd204bff-2320-4791-b07f-acda538d88f2','control@intsa.net','$2a$08$uNNAMNoWZVwxCd.baU54IuKdjZ1njyV1/X/9oy0Rr4rDTARCmRIVu','lenin','vallejos',28,40,-1,'113',-1,0,1,0,'2018-05-05 18:37:59');

/*Table structure for table `washout` */

DROP TABLE IF EXISTS `washout`;

CREATE TABLE `washout` (
  `id` int(10) NOT NULL AUTO_INCREMENT,
  `orderid` int(10) DEFAULT NULL,
  `po` int(10) DEFAULT NULL,
  `color` varchar(30) DEFAULT NULL,
  `washdate` varchar(30) DEFAULT NULL,
  `invoice` varchar(30) DEFAULT NULL,
  `size1` varchar(30) DEFAULT NULL,
  `size2` varchar(30) DEFAULT NULL,
  `size3` varchar(30) DEFAULT NULL,
  `size4` varchar(30) DEFAULT NULL,
  `size5` varchar(30) DEFAULT NULL,
  `size6` varchar(30) DEFAULT NULL,
  `size7` varchar(30) DEFAULT NULL,
  `size8` varchar(30) DEFAULT NULL,
  `size9` varchar(30) DEFAULT NULL,
  `size10` varchar(30) DEFAULT NULL,
  PRIMARY KEY (`id`)
) ENGINE=InnoDB AUTO_INCREMENT=31 DEFAULT CHARSET=utf8;

/*Data for the table `washout` */

insert  into `washout`(`id`,`orderid`,`po`,`color`,`washdate`,`invoice`,`size1`,`size2`,`size3`,`size4`,`size5`,`size6`,`size7`,`size8`,`size9`,`size10`) values 
(6,8,20,'C0103','2018-05-08','16311','','','137','','341','88','232','50','',''),
(7,8,20,'C0103','2018-05-09','16320','18','240','356','419','276','99','177','84','',''),
(8,8,20,'C0103','2018-05-10','16333','','63','322','319','381','127','6','','',''),
(9,8,20,'C0103','2018-05-11','16327','','72','62','424','218','192','1','7','',''),
(10,8,20,'C0103','2018-05-12','16349','','118','252','403','160','5','','1','',''),
(11,8,20,'C0103','2018-05-14','16609','','177','375','368','265','159','82','4','',''),
(12,8,20,'C0103','2018-05-15','16619','','149','309','662','470','314','2','','',''),
(13,8,23,'C0374','2018-05-15','16620','','','141','149','557','113','384','','',''),
(14,8,23,'C0374','2018-05-16','16630','15','331','716','1042','669','283','280','201','',''),
(15,8,23,'C0374','2018-05-17','16642','','281','791','769','561','405','4','1','',''),
(16,52,754,'GREEN CAMO','2018-05-15','16621','89','','250','186','','135','','','',''),
(17,52,754,'GREEN CAMO','2018-05-16','16631','','213','316','332','','399','','','',''),
(18,52,754,'GREEN CAMO','2018-05-17','16641','','369','','328','','','','','',''),
(19,22,181,'C0588','2018-05-16','16632','401','462','246','68','','','','','',''),
(20,22,181,'C0588','2018-05-17','16639','260','332','551','274','','','','','',''),
(21,22,181,'C0588','2018-05-17','16645','118','15','15','76','174','','','','',''),
(22,8,23,'C0374','2018-05-18','16551','','271','412','948','443','171','','','',''),
(23,8,23,'C0374','2018-05-18','16387','','157','307','437','330','120','','','',''),
(24,52,754,'GREEN CAMO','2018-05-18','16650','','309','467','590','','4','','','',''),
(25,52,754,'GREEN CAMO','2018-05-18','16558','','317','199','249','','','','','',''),
(26,25,242,'C0588','2018-05-18','16557','287','248','456','255','','','','','',''),
(27,55,783,'LUCKY BLACK','2018-05-18','16559','205','289','278','217','201','','','','',''),
(28,22,181,'C0588','2018-05-18','16649','128','329','199','1','2','','','','',''),
(29,22,181,'C0588','2018-05-18','16555','19','22','154','177','87','','','','',''),
(30,12,777,'STEEL HEATHER GREY','2018-05-15','16607','384','613','713','442','263','','','','','');

/*Table structure for table `washreturn` */

DROP TABLE IF EXISTS `washreturn`;

CREATE TABLE `washreturn` (
  `id` int(10) NOT NULL AUTO_INCREMENT,
  `orderid` int(10) DEFAULT NULL,
  `po` int(10) DEFAULT NULL,
  `color` varchar(30) DEFAULT NULL,
  `washdate` varchar(30) DEFAULT NULL,
  `invoice` varchar(30) DEFAULT NULL,
  `size1` varchar(30) DEFAULT NULL,
  `size2` varchar(30) DEFAULT NULL,
  `size3` varchar(30) DEFAULT NULL,
  `size4` varchar(30) DEFAULT NULL,
  `size5` varchar(30) DEFAULT NULL,
  `size6` varchar(30) DEFAULT NULL,
  `size7` varchar(30) DEFAULT NULL,
  `size8` varchar(30) DEFAULT NULL,
  `size9` varchar(30) DEFAULT NULL,
  `size10` varchar(30) DEFAULT NULL,
  PRIMARY KEY (`id`)
) ENGINE=InnoDB AUTO_INCREMENT=19 DEFAULT CHARSET=utf8;

/*Data for the table `washreturn` */

insert  into `washreturn`(`id`,`orderid`,`po`,`color`,`washdate`,`invoice`,`size1`,`size2`,`size3`,`size4`,`size5`,`size6`,`size7`,`size8`,`size9`,`size10`) values 
(4,8,20,'C0103','2018-05-04','1998','','90','328','200','393','76','259','47','',''),
(5,8,20,'C0103','2018-05-12','2002','12','287','542','670','797','409','152','91','',''),
(6,8,20,'C0103','2018-05-14','2007','','','251','293','160','5','','','',''),
(7,8,20,'C0103','2018-05-15','2015','','84','326','24','162','96','2','','',''),
(8,8,20,'C0103','2018-05-16','2022','','195','','445','16','44','7','1','',''),
(9,8,20,'C0103','2018-05-16','2024','','2','14','256','305','','62','2','',''),
(10,8,20,'C0103','2018-05-17','2027','','146','327','673','236','308','4','1','',''),
(11,8,23,'C0374','2018-05-17','2030','','','','','306','','142','','',''),
(12,52,754,'GREEN CAMO','2018-05-17','2028','87','','246','185','','133','','','',''),
(13,8,23,'C0374','2018-05-18','2044','12','332','828','555','670','288','392','99','',''),
(14,12,777,'STEEL HEATHER GREY','2018-05-18','104978','368','402','507','431','262','','','','',''),
(15,22,181,'C0588','2018-05-21','17410','272','372','375','','','','','','',''),
(16,22,181,'C0588','2018-05-21','17409','642','775','780','594','264','','','','',''),
(17,8,23,'C0374','2018-05-19','2053','','','29','597','240','99','117','99','',''),
(18,52,754,'GREEN CAMO','2018-05-19','2052','','891','773','1213','','393','','','','');

/*Table structure for table `yarn` */

DROP TABLE IF EXISTS `yarn`;

CREATE TABLE `yarn` (
  `id` int(10) NOT NULL AUTO_INCREMENT,
  `code` varchar(30) NOT NULL,
  `name` varchar(30) NOT NULL,
  `status` tinyint(1) DEFAULT '1',
  `create_at` timestamp NOT NULL DEFAULT CURRENT_TIMESTAMP,
  PRIMARY KEY (`id`)
) ENGINE=InnoDB DEFAULT CHARSET=utf8;

/*Data for the table `yarn` */

/*!40101 SET SQL_MODE=@OLD_SQL_MODE */;
/*!40014 SET FOREIGN_KEY_CHECKS=@OLD_FOREIGN_KEY_CHECKS */;
/*!40014 SET UNIQUE_CHECKS=@OLD_UNIQUE_CHECKS */;
/*!40111 SET SQL_NOTES=@OLD_SQL_NOTES */;
