{
	"Hello": "hello",
	"ADMINISTRATION": "ADMINISTRATION",
	"Organizations": "Organizations",
	"Factory": "Factory",
	"Department": "Department",
	"Line": "Line",
	"Users": "Users",
	"Customers": "Customers",
	"Codes": "Codes",
	"Yarn": "Yarn",
	"Fabric": "Fabric",
	"Sub Material": "Sub Material",
	"Others": "Others",
	"Log Out": "Log Out",
	"Add New Factory": "Add New Factory",
	"Add Factory": "Add Factory",
	"Create New Factory": "Create New Factory",
	"Factory Name": "Factory Name",
	"Update Factory": "Update Factory",
	"Create Factory": "Create Factory",
	"Remove Factory": "Remove Factory",
	"Factory List": "Factory List",
	"Line List": "Line List",
	"Create New Line": "Create New Line",
	"Add Line": "Add Line",
	"Update Line": "Update Line",
	"Remove Line": "Remove Line",
	"Add New Line": "Add New Line",
	"Department List": "Department List",
	"Create New Department": "Create New Department",
	"Add Department": "Add Department",
	"Update Department": "Update Department",
	"Remove Department": "Remove Department",
	"Add New Department": "Add New Department",
	"User List": "User List",
	"Create New User": "Create New User",
	"First Name": "First Name",
	"Last Name": "Last Name",
	"Email": "Email",
	"Phone": "Phone",
	"Position": "Position",
	"User Type": "User Type",
	"Add User": "Add User",
	"Add New User": "Add New User",
	"User Role": "User Role",
	"Update User": "Update User",
	"Add New Auth": "Add New Auth",
	"Read": "Read",
	"Write": "Write",
	"Delete": "Delete",
	"Add Role": "Add Role",
	"Update Auth": "Update Auth",
	"Update Role": "Update Role",
	"Remove Role": "Remove Role",
	"Add New Role": "Add New Role",
	"Department list": "Department list",
	"Line list": "Line list",
	"User list": "User list",
	"Page Name": "Page Name",
	"Create New Customer": "Create New Customer",
	"CUSTOMER IMAGE": "Customer Image",
	"Upload New Image": "Upload New Image",
	"Customer Name": "Customer Name",
	"Type": "Type",
	"Address": "Address",
	"Contact": "Contact",
	"Add Customer": "Add Customer",
	"Customer List": "Customer List",
	"Add New Customer": "Add New Customer",
	"Edit Customer": "Edit Customer",
	"Update Customer": "Update Customer",
	"Size Group": "Size Group",
	"Product Material Group": "Product Material Group",
	"Finish Material Group": "Finish Material Group",
	"Create Size Group": "Create Size Group",
	"Code": "Code",
	"Name": "Name",
	"Size": "Size",
	"Add Group": "Add Group",
	"Update Size Group": "Update Size Group",
	"Add New Size Group": "Add New Size Group",
	"Group Code": "Group Code",
	"Group Name": "Group Name",
	"Create Material Group": "Create Material Group",
	"Material": "Material",
	"Update Material Group": "Update Material Group",
	"Update Group": "Update Group",
	"Add Material Group": "Add Material Group",
	"Mater": "Mater",
	"Customer list": "Customer list",
	"Add New Material Group": "Add New Material Group",
	"Fabric Code List": "Fabric Code List",
	"Create New Code": "Create New Code",
	"Code Name": "Code Name",
	"Add Code": "Add Code",
	"Update Code": "Update Code",
	"Remove Code": "Remove Code",
	"Add New Code": "Add New Code",
	"Fabric Code": "Fabric Code",
	"Fabric Name": "Fabric Name",
	"LINKED ITEMS": "LINKED ITEMS",
	"Type1": "Type1",
	"Type2": "Type2",
	"Code List": "Code List",
	"Yarn Code List": "Yarn Code List",
	"Sub Material Code List": "Sub Material Code List",
	"Status": "Status",
	"Remove Group": "Remove Group",
	"Sewing Orders": "Sewing Orders",
	"Order List": "Order List",
	"Add Order": "Add Order",
	"Date": "Date",
	"Add New Order": "Add New Order",
	"Handler": "Handler",
	"Order#": "Order#",
	"Buyer": "Buyer",
	"Style": "Style",
	"Product": "Product",
	"Product Group": "Product Material Group",
	"Finish Group": "Finish Material Group",
	"Season": "Season",
	"Quantity": "Quantity",
	"Amount": "Amount량",
	"Sewing Order Detail": "Sewing Order Detail",
	"PRODUCT IMAGE UPLOAD": "PRODUCT IMAGE UPLOAD",
	"Drop files here or click to upload.": "Drop files here or click to upload.",
	"Order Information": "Order Information",
	"# File": "# File",
	"# Style": "# Style",
	"Q'ty": "Q'ty",
	"Delete Order": "Delete Order",
	"Product Images / Sizes / Material": "Product Images / Sizes / Material",
	"Add Fabric": "Add Fabric",
	"Width": "Width",
	"Weight": "Weight",
	"Remove Fabric": "Remove Fabric",
	"Update Fabric": "Update Fabric",
	"Create Fabric": "Create Fabric",
	"Fabrics": "Fabrics",
	"Add New Fabric": "Add New Fabric",
	"Add Detail": "Add Detail",
	"PO#": "PO#",
	"SHIP DATE": "SHIP DATE",
	"COLOR": "COLOR",
	"COLOR CODE": "COLOR CODE",
	"Body": "Body",
	"Trim": "Trim",
	"Priority": "Priority",
	"Update Detail": "Update Detail",
	"Remove Detail": "Remove Detail",
	"Quantity by Style#, PO#, Color": "Quantity by Style#, PO#, Color",
	"Add New Detail": "Add New Detail",
	"STYLE#": "STYLE#",
	"SIZE TOTAL": "SIZE TOTAL",
	"CONSUMO": "CONSUMO",
	"CODE": "CODE",
	"SIZE": "SIZE",
	"Size Total": "Size Total",
	"Unit": "Unit",
	"Unit Price": "Unit Price",
	"Fabric Margin Rate": "Fabric Margin Rate",
	"Material Margin Rate": "Material Margin Rate",
	"Fabric Margin": "Fabric Margin",
	"Material Margin": "Material Margin",
	"Update Order": "Update Order",
	"Work": "Work",
	"Sew Margin Rate": "Sew Margin Rate",
	"Order Report Fabric": "Order Report Fabric",
	"Order Report Q'ty": "Order Report Q'ty",
	"Remove Order": "Remove Order",
	"Otra1": "Otra1",
	"Otra2": "Otra2",
	"Remove Cut": "Remove Cut",
	"Complete": "Complete",
	"Dashboard": "Dashboard",
	"Daily Status": "Daily Status",
	"Fabric Status": "Fabric Status",
	"Fabric In": "Fabric In",
	"Fabrci Out": "Fabrci Out",
	"Sub Materials": "Sub Materials",
	"Material Status": "Material Status",
	"Material In": "Material In",
	"Material Out": "Material Out",
	"Cutting Status": "Cutting Status",
	"Washing Status": "Washing Status",
	"Sewing": "Sewing",
	"Daily": "Daily",
	"Production": "Production",
	"Report": "Report",
	"Hourly": "Hourly",
	"Inspection": "Inspection",
	"Shipment": "Shipment",
	"OVERVIEW": "OVERVIEW",
	"SETTINGS": "SETTINGS",
	"UPCOMING": "UPCOMING",
	"EVENTS": "EVENTS",
	"© 2017-2018 Sewing Factory": "© 2017-2018 Sewing Factory",
	". All rights reserved.": ". All rights reserved.",
	"DAILY": "DAILY",
	"STATUS": "STATUS",
	"META": "META",
	"ACTUAL": "ACTUAL",
	"PRODUCTION": "PRODUCTION",
	"WORKERS": "WORKERS",
	"INSPECTION": "INSPECTION",
	"FABRIC": "FABRIC",
	"I/O": "I/O",
	"BUYER": "BUYER",
	"FILE#": "FILE#",
	"STYLE": "STYLE",
	"IN/OUT": "IN/OUT",
	"YDS": "YDS",
	"TOTAL": "TOTAL",
	"PRINT": "PRINT",
	"QTY": "QTY",
	"BALANCE": "BALANCE",
	"PACKING": "PACKING",
	"CUT": "CUT",
	"SHIPMENT": "SHIPMENT",
	"YEAR": "YEAR",
	"WEEK": "WEEK",
	"MATERIAL": "MATERIAL",
	"WASH": "WASH",
	"AVG": "AVG",
	"TASK": "TASK",
	"LIST": "LIST",
	"PO": "PO",
	"SHIP": "SHIP",
	"DATE": "DATE",
	"QUANTITY": "QUANTITY",
	"PRIORITY": "PRIORITY",
	"PROCESS": "PROCESS",
	"ENDDATE": "ENDDATE",
	"COMPLETE": "COMPLETE",
	"HIGH": "HIGH",
	"NORMAL": "NORMAL",
	"Color": "Color",
	"File": "File",
	"Invoice": "Invoice",
	"Search": "Search",
	"ADD": "ADD",
	"DATA": "DATA",
	"LINE": "LINE",
	"FILE": "FILE",
	"INVOICE": "INVOICE",
	"LETRA": "LETRA",
	"PRIMERAS": "PRIMERAS",
	"SEG": "SEG",
	"NO": "NO",
	"CONF": "CONF",
	"Add": "Add",
	"Data": "Data",
	"UPDATE": "UPDATE",
	"Update": "Update",
	"Remove": "Remove",
	"New": "New",
	"Upload": "Upload",
	"Excel": "Excel",
	"Order": "Order",
	"ORDER": "ORDER",
	"CUTTING": "CUTTING",
	"SEWING": "SEWING",
	"TODAY": "TODAY",
	"SEGUNDAS": "SEGUNDAS",
	"DEFECTOS": "DEFECTOS",
	"Target": "Target",
	"Qty": "Qty",
	"Sewer": "Sewer",
	"Assistant": "Assistant",
	"Total": "Total",
	"Balance": "Balance",
	"In": "In",
	"List": "List",
	"SEARCH": "SEARCH",
	"CONDITION": "CONDITION",
	"WEEKLY": "WEEKLY",
	"WEEKS": "WEEKS",
	"MONTHLY": "MONTHLY",
	"YEARLY": "YEARLY",
	"MONTH": "MONTH",
	"Wash": "Wash",
	"Customer": "Customer",
	"OUT": "OUT",
	"CUSTOMER": "CUSTOMER",
	"Hander": "Hander",
	"RETURN": "RETURN",
	"IN": "IN",
	"STOCK": "STOCK",
	"PCS": "PCS",
	"INVENTORY": "INVENTORY",
	"1ST": "1ST",
	"2ND": "2ND",
	"Fabirc": "Fabirc",
	"KG": "KG",
	"Yds": "Yds",
	"Out": "Out",
	"Stock": "Stock",
	"Roll": "Roll",
	"Lote": "Lote",
	"Rack": "Rack",
	"Task": "Task",
	"Rcvd": "Rcvd",
	"Rechazo": "Rechazo",
	"Return": "Return",
	"Bad": "Bad",
	"Warehouse": "Warehouse",
	"Note": "Note",
	"P.O.": "P.O.",
	"P.O": "P.O",
	"Home": "Home",
	"Loss": "Loss",
	"Need": "Need",
	"Prepack": "Prepack",
	"Texturas": "Texturas",
	"MTS": "MTS",
	"Description": "Description",
	"Orden": "Orden",
	"Textura": "Textura",
	"Cut": "Cut",
	"LOTE": "LOTE",
	"ORD": "ORD",
	"Envoi": "Envoi",
	"Lienzos": "Lienzos",
	"Malo": "Malo",
	"Faltante": "Faltante",
	"Used": "Used",
	"Bies": "Bies",
	"Rollo": "Rollo",
	"Tendedor": "Tendedor",
	"Remark": "Remark",
	"Envio": "Envio",
	"Print": "Print",
	"Finish": "Finish",
	"FINISH": "FINISH"
}