{
	"Hello": "hello",
	"ADMINISTRATION": "체계관리",
	"Status": "상태",
	"Organizations": "조직관리",
	"Factory": "공장",
	"Department": "부문",
	"Line": "선",
	"Users": "사용자",
	"Customers": "고객관리",
	"Codes": "코드관리",
	"Yarn": "방사",
	"Fabric": "편직",
	"Sub Material": "부분재료",
	"Others": "기타",
	"Log Out": "가입탈퇴",
	"Add New Factory": "새 공장 추가",
	"Add Factory": "공장 추가",
	"Create New Factory": "새 공장 창조",
	"Factory Name": "공장 이름",
	"Update Factory": "공장 갱신",
	"Create Factory": "공장 창조",
	"Remove Factory": "공장 삭제",
	"Factory List": "공장 목록",
	"Line List": "선 목록",
	"Create New Line": "새 선 창조",
	"Add Line": "선 추가",
	"Update Line": "선 갱신",
	"Remove Line": "선 삭제",
	"Add New Line": "새 선 추가",
	"Department List": "부문 목록",
	"Create New Department": "새 부문 창조",
	"Add Department": "부문 추가",
	"Update Department": "부문 갱신",
	"Remove Department": "부문 삭제",
	"Add New Department": "새 부문 추가",
	"User List": "사용자 목록",
	"Create New User": "새 사용자 창조",
	"First Name": "이름",
	"Last Name": "성",
	"Email": "메일",
	"Phone": "전화번호",
	"Position": "직위",
	"User Type": "사용자 형태",
	"Add User": "사용자 추가",
	"Add New User": "새 사용자 추가",
	"User Role": "사용자 권한",
	"Update User": "사용자 갱신",
	"Add New Auth": "새 권한 추가",
	"Read": "읽기",
	"Write": "쓰기",
	"Delete": "삭제",
	"Add Role": "권한 추가",
	"Update Auth": "권한 갱신",
	"Update Role": "권한 갱신",
	"Remove Role": "권한 삭제",
	"Add New Role": "새 권한 추가",
	"Department list": "부문 목록",
	"Line list": "선 목록",
	"User list": "사용자 목록",
	"Page Name": "페지 이름",
	"Create New Customer": "새 고객 창조",
	"CUSTOMER IMAGE": "고객 사진",
	"Upload New Image": "새 사진 선택",
	"Customer Name": "고객 이름",
	"Type": "형태",
	"Address": "주소",
	"Contact": "련계인",
	"Add Customer": "고객 추가",
	"Customer List": "고객 목록",
	"Add New Customer": "새 고객 추가",
	"Edit Customer": "고객 편집",
	"Update Customer": "고객 갱신",
	"Size Group": "크기 구릅",
	"Product Material Group": "Product Material Group",
	"Finish Material Group": "Finish Material Group",
	"Create Size Group": "크기 그룹 창조",
	"Code": "코드",
	"Name": "이름",
	"Size": "크기",
	"Add Group": "그룹 추가",
	"Update Size Group": "크기 그룹 갱신",
	"Add New Size Group": "크기 그룹 추가",
	"Group Code": "그룹 코드",
	"Group Name": "그룹 이름",
	"Create Material Group": "Create Material Group",
	"Material": "재료",
	"Update Material Group": "Update Material Group",
	"Update Group": "그룹 갱신",
	"Add Material Group": "Add Material Group",
	"Mater": "재료",
	"Customer list": "Customer list",
	"Add New Material Group": "Add New Material Group",
	"Fabric Code List": "편직 코드 목록",
	"Create New Code": "새 코드 창조",
	"Code Name": "코드 이름",
	"Add Code": "코드 추가",
	"Update Code": "코드 갱신",
	"Remove Code": "코드 삭제",
	"Add New Code": "새 코드 추가",
	"Fabric Code": "편직 코드",
	"Fabric Name": "편직 이름",
	"LINKED ITEMS": "아이템 목록",
	"Type1": "형태1",
	"Type2": "형태2",
	"Code List": "코드 목록",
	"Yarn Code List": "방사 코드 목록",
	"Sub Material Code List": "부분 재료 코드 목록",
	"Remove Group": "그룹 삭제",
	"Sewing Orders": "직물 주문",
	"Order List": "주문 목록",
	"Add Order": "주문 추가",
	"Date": "날자",
	"Add New Order": "새 주문 추가",
	"Handler": "조종자",
	"Order#": "주문 번호",
	"Buyer": "주문자",
	"Style": "양식",
	"Product": "생산품",
	"Product Group": "생산품 그룹",
	"Finish Group": "완료품 그룹",
	"Season": "씨즌",
	"Quantity": "개수",
	"Amount": "량",
	"Sewing Order Detail": "직물 주문 세부",
	"PRODUCT IMAGE UPLOAD": "생산품 사진 추가",
	"Drop files here or click to upload.": "마우스를 클릭하거나 화일을 끌어다 놓으시오.",
	"Order Information": "주문 정보",
	"# File": "화일",
	"# Style": "양식",
	"Q'ty": "개수",
	"Delete Order": "주문 삭제",
	"Product Images / Sizes / Material": "생산품 사진/ 크기/ 재료",
	"Add Fabric": "섬유 추가",
	"Width": "넓이",
	"Weight": "무게",
	"Remove Fabric": "섬유 삭제",
	"Update Fabric": "섬유 갱신",
	"Create Fabric": "섬유 창조",
	"Fabrics": "섬유목록",
	"Add New Fabric": "새 섬유 추가",
	"Add Detail": "세부 추가",
	"PO#": "PO#",
	"SHIP DATE": "기한일",
	"COLOR": "색갈",
	"COLOR CODE": "색갈 코드",
	"Body": "몸통",
	"Trim": "자름면",
	"Priority": "우선권",
	"Update Detail": "세부 갱신",
	"Remove Detail": "세부 삭제",
	"Quantity by Style#, PO#, Color": "양식, PO#, 색갈량",
	"Add New Detail": "새 세부 추가",
	"STYLE#": "양식#",
	"SIZE TOTAL": "총량",
	"CONSUMO": "소비자",
	"CODE": "CODE",
	"SIZE": "SIZE",
	"Size Total": "Size Total",
	"Unit": "단위",
	"Unit Price": "단위 가격",
	"Fabric Margin Rate": "Fabric Margin Rate",
	"Material Margin Rate": "Material Margin Rate",
	"Fabric Margin": "Fabric Margin",
	"Material Margin": "Material Margin",
	"Update Order": "Update Order",
	"Work": "Work",
	"Sew Margin Rate": "Sew Margin Rate",
	"Order Report Fabric": "Order Report Fabric",
	"Order Report Q'ty": "Order Report Q'ty",
	"Remove Order": "Remove Order",
	"Otra1": "Otra1",
	"Otra2": "Otra2",
	"Remove Cut": "Remove Cut",
	"Complete": "Complete",
	"Dashboard": "Dashboard",
	"Daily Status": "Daily Status",
	"Fabric Status": "Fabric Status",
	"Fabric In": "Fabric In",
	"Fabrci Out": "Fabrci Out",
	"Sub Materials": "Sub Materials",
	"Material Status": "Material Status",
	"Material In": "Material In",
	"Material Out": "Material Out",
	"Cutting Status": "Cutting Status",
	"Washing Status": "Washing Status",
	"Sewing": "Sewing",
	"Daily": "Daily",
	"Production": "Production",
	"Report": "Report",
	"Hourly": "Hourly",
	"Inspection": "Inspection",
	"Shipment": "Shipment",
	"OVERVIEW": "OVERVIEW",
	"SETTINGS": "SETTINGS",
	"UPCOMING": "UPCOMING",
	"EVENTS": "EVENTS",
	"© 2017-2018 Sewing Factory": "© 2017-2018 Sewing Factory",
	". All rights reserved.": ". All rights reserved.",
	"DAILY": "DAILY",
	"STATUS": "STATUS",
	"META": "META",
	"ACTUAL": "ACTUAL",
	"PRODUCTION": "PRODUCTION",
	"WORKERS": "WORKERS",
	"INSPECTION": "INSPECTION",
	"FABRIC": "FABRIC",
	"I/O": "I/O",
	"BUYER": "BUYER",
	"FILE#": "FILE#",
	"STYLE": "STYLE",
	"IN/OUT": "IN/OUT",
	"YDS": "YDS",
	"TOTAL": "TOTAL",
	"PRINT": "PRINT",
	"QTY": "QTY",
	"BALANCE": "BALANCE",
	"PACKING": "PACKING",
	"CUT": "CUT",
	"SHIPMENT": "SHIPMENT",
	"YEAR": "YEAR",
	"WEEK": "WEEK",
	"MATERIAL": "MATERIAL",
	"WASH": "WASH",
	"AVG": "AVG",
	"TASK": "TASK",
	"LIST": "LIST",
	"PO": "PO",
	"SHIP": "SHIP",
	"DATE": "DATE",
	"QUANTITY": "QUANTITY",
	"PRIORITY": "PRIORITY",
	"PROCESS": "PROCESS",
	"ENDDATE": "ENDDATE",
	"COMPLETE": "COMPLETE",
	"HIGH": "HIGH",
	"NORMAL": "NORMAL",
	"Color": "Color",
	"File": "File",
	"Invoice": "Invoice",
	"Search": "Search",
	"ADD": "ADD",
	"DATA": "DATA",
	"LINE": "LINE",
	"FILE": "FILE",
	"INVOICE": "INVOICE",
	"LETRA": "LETRA",
	"PRIMERAS": "PRIMERAS",
	"SEG": "SEG",
	"NO": "NO",
	"CONF": "CONF",
	"Add": "Add",
	"Data": "Data",
	"UPDATE": "UPDATE",
	"Update": "Update",
	"Remove": "Remove",
	"New": "New",
	"Upload": "Upload",
	"Excel": "Excel",
	"Order": "Order",
	"ORDER": "ORDER",
	"CUTTING": "CUTTING",
	"SEWING": "SEWING",
	"TODAY": "TODAY",
	"SEGUNDAS": "SEGUNDAS",
	"DEFECTOS": "DEFECTOS",
	"Target": "Target",
	"Qty": "Qty",
	"Sewer": "Sewer",
	"Assistant": "Assistant",
	"Total": "Total",
	"Balance": "Balance",
	"In": "In",
	"List": "List",
	"SEARCH": "SEARCH",
	"CONDITION": "CONDITION",
	"WEEKLY": "WEEKLY",
	"WEEKS": "WEEKS",
	"MONTHLY": "MONTHLY",
	"YEARLY": "YEARLY",
	"MONTH": "MONTH",
	"Wash": "Wash",
	"Customer": "Customer",
	"OUT": "OUT",
	"CUSTOMER": "CUSTOMER",
	"Hander": "Hander",
	"RETURN": "RETURN",
	"IN": "IN",
	"STOCK": "STOCK",
	"PCS": "PCS",
	"INVENTORY": "INVENTORY",
	"1ST": "1ST",
	"2ND": "2ND",
	"Fabirc": "Fabirc",
	"KG": "KG",
	"Yds": "Yds",
	"Out": "Out",
	"Stock": "Stock",
	"Roll": "Roll",
	"Lote": "Lote",
	"Rack": "Rack",
	"Task": "Task",
	"Rcvd": "Rcvd",
	"Rechazo": "Rechazo",
	"Return": "Return",
	"Bad": "Bad",
	"Warehouse": "Warehouse",
	"Note": "Note",
	"P.O.": "P.O.",
	"P.O": "P.O",
	"Home": "Home",
	"Loss": "Loss",
	"Need": "Need",
	"Prepack": "Prepack",
	"Texturas": "Texturas",
	"MTS": "MTS",
	"Description": "Description",
	"Orden": "Orden",
	"Textura": "Textura",
	"Cut": "Cut",
	"LOTE": "LOTE",
	"ORD": "ORD",
	"Envoi": "Envoi",
	"Lienzos": "Lienzos",
	"Malo": "Malo",
	"Faltante": "Faltante",
	"Used": "Used",
	"Bies": "Bies",
	"Rollo": "Rollo",
	"Tendedor": "Tendedor",
	"Remark": "Remark",
	"Envio": "Envio",
	"Print": "Print",
	"Finish": "Finish",
	"FINISH": "FINISH"
}